/*
 Navicat Premium Dump SQL

 Source Server         : root@localhost
 Source Server Type    : MySQL
 Source Server Version : 80408 (8.4.8)
 Source Host           : localhost:3306
 Source Schema         : pulsix

 Target Server Type    : MySQL
 Target Server Version : 80408 (8.4.8)
 File Encoding         : 65001

 Date: 16/03/2026 15:33:31
*/

SET NAMES utf8mb4;
SET
    FOREIGN_KEY_CHECKS = 0;

-- ----------------------------
-- Table structure for QRTZ_BLOB_TRIGGERS
-- ----------------------------
DROP TABLE IF EXISTS `QRTZ_BLOB_TRIGGERS`;
CREATE TABLE `QRTZ_BLOB_TRIGGERS`
(
    `SCHED_NAME`    varchar(120) CHARACTER SET utf8mb4 COLLATE utf8mb4_unicode_ci NOT NULL,
    `TRIGGER_NAME`  varchar(190) CHARACTER SET utf8mb4 COLLATE utf8mb4_unicode_ci NOT NULL,
    `TRIGGER_GROUP` varchar(190) CHARACTER SET utf8mb4 COLLATE utf8mb4_unicode_ci NOT NULL,
    `BLOB_DATA`     blob                                                          NULL,
    PRIMARY KEY (`SCHED_NAME`, `TRIGGER_NAME`, `TRIGGER_GROUP`) USING BTREE,
    INDEX `SCHED_NAME` (`SCHED_NAME` ASC, `TRIGGER_NAME` ASC, `TRIGGER_GROUP` ASC) USING BTREE,
    CONSTRAINT `qrtz_blob_triggers_ibfk_1` FOREIGN KEY (`SCHED_NAME`, `TRIGGER_NAME`, `TRIGGER_GROUP`) REFERENCES `QRTZ_TRIGGERS` (`SCHED_NAME`, `TRIGGER_NAME`, `TRIGGER_GROUP`) ON DELETE RESTRICT ON UPDATE RESTRICT
) ENGINE = InnoDB
  CHARACTER SET = utf8mb4
  COLLATE = utf8mb4_unicode_ci
  ROW_FORMAT = Dynamic;

-- ----------------------------
-- Records of QRTZ_BLOB_TRIGGERS
-- ----------------------------

-- ----------------------------
-- Table structure for QRTZ_CALENDARS
-- ----------------------------
DROP TABLE IF EXISTS `QRTZ_CALENDARS`;
CREATE TABLE `QRTZ_CALENDARS`
(
    `SCHED_NAME`    varchar(120) CHARACTER SET utf8mb4 COLLATE utf8mb4_unicode_ci NOT NULL,
    `CALENDAR_NAME` varchar(190) CHARACTER SET utf8mb4 COLLATE utf8mb4_unicode_ci NOT NULL,
    `CALENDAR`      blob                                                          NOT NULL,
    PRIMARY KEY (`SCHED_NAME`, `CALENDAR_NAME`) USING BTREE
) ENGINE = InnoDB
  CHARACTER SET = utf8mb4
  COLLATE = utf8mb4_unicode_ci
  ROW_FORMAT = Dynamic;

-- ----------------------------
-- Records of QRTZ_CALENDARS
-- ----------------------------

-- ----------------------------
-- Table structure for QRTZ_CRON_TRIGGERS
-- ----------------------------
DROP TABLE IF EXISTS `QRTZ_CRON_TRIGGERS`;
CREATE TABLE `QRTZ_CRON_TRIGGERS`
(
    `SCHED_NAME`      varchar(120) CHARACTER SET utf8mb4 COLLATE utf8mb4_unicode_ci NOT NULL,
    `TRIGGER_NAME`    varchar(190) CHARACTER SET utf8mb4 COLLATE utf8mb4_unicode_ci NOT NULL,
    `TRIGGER_GROUP`   varchar(190) CHARACTER SET utf8mb4 COLLATE utf8mb4_unicode_ci NOT NULL,
    `CRON_EXPRESSION` varchar(120) CHARACTER SET utf8mb4 COLLATE utf8mb4_unicode_ci NOT NULL,
    `TIME_ZONE_ID`    varchar(80) CHARACTER SET utf8mb4 COLLATE utf8mb4_unicode_ci  NULL DEFAULT NULL,
    PRIMARY KEY (`SCHED_NAME`, `TRIGGER_NAME`, `TRIGGER_GROUP`) USING BTREE,
    CONSTRAINT `qrtz_cron_triggers_ibfk_1` FOREIGN KEY (`SCHED_NAME`, `TRIGGER_NAME`, `TRIGGER_GROUP`) REFERENCES `QRTZ_TRIGGERS` (`SCHED_NAME`, `TRIGGER_NAME`, `TRIGGER_GROUP`) ON DELETE RESTRICT ON UPDATE RESTRICT
) ENGINE = InnoDB
  CHARACTER SET = utf8mb4
  COLLATE = utf8mb4_unicode_ci
  ROW_FORMAT = Dynamic;

-- ----------------------------
-- Records of QRTZ_CRON_TRIGGERS
-- ----------------------------
INSERT INTO `QRTZ_CRON_TRIGGERS`
VALUES ('schedulerName', 'accessLogCleanJob', 'DEFAULT', '0 0 0 * * ?', 'Asia/Shanghai');
INSERT INTO `QRTZ_CRON_TRIGGERS`
VALUES ('schedulerName', 'brokerageRecordUnfreezeJob', 'DEFAULT', '0 * * * * ?', 'Asia/Shanghai');
INSERT INTO `QRTZ_CRON_TRIGGERS`
VALUES ('schedulerName', 'errorLogCleanJob', 'DEFAULT', '0 0 0 * * ?', 'Asia/Shanghai');
INSERT INTO `QRTZ_CRON_TRIGGERS`
VALUES ('schedulerName', 'jobLogCleanJob', 'DEFAULT', '0 0 0 * * ?', 'Asia/Shanghai');
INSERT INTO `QRTZ_CRON_TRIGGERS`
VALUES ('schedulerName', 'payNotifyJob', 'DEFAULT', '* * * * * ?', 'Asia/Shanghai');
INSERT INTO `QRTZ_CRON_TRIGGERS`
VALUES ('schedulerName', 'payOrderExpireJob', 'DEFAULT', '0 0/1 * * * ?', 'Asia/Shanghai');
INSERT INTO `QRTZ_CRON_TRIGGERS`
VALUES ('schedulerName', 'payOrderSyncJob', 'DEFAULT', '0 0/1 * * * ?', 'Asia/Shanghai');
INSERT INTO `QRTZ_CRON_TRIGGERS`
VALUES ('schedulerName', 'payRefundSyncJob', 'DEFAULT', '0 0/1 * * * ?', 'Asia/Shanghai');
INSERT INTO `QRTZ_CRON_TRIGGERS`
VALUES ('schedulerName', 'tradeOrderAutoCancelJob', 'DEFAULT', '0 * * * * ?', 'Asia/Shanghai');
INSERT INTO `QRTZ_CRON_TRIGGERS`
VALUES ('schedulerName', 'tradeOrderAutoCommentJob', 'DEFAULT', '0 * * * * ?', 'Asia/Shanghai');
INSERT INTO `QRTZ_CRON_TRIGGERS`
VALUES ('schedulerName', 'tradeOrderAutoReceiveJob', 'DEFAULT', '0 * * * * ?', 'Asia/Shanghai');

-- ----------------------------
-- Table structure for QRTZ_FIRED_TRIGGERS
-- ----------------------------
DROP TABLE IF EXISTS `QRTZ_FIRED_TRIGGERS`;
CREATE TABLE `QRTZ_FIRED_TRIGGERS`
(
    `SCHED_NAME`        varchar(120) CHARACTER SET utf8mb4 COLLATE utf8mb4_unicode_ci NOT NULL,
    `ENTRY_ID`          varchar(95) CHARACTER SET utf8mb4 COLLATE utf8mb4_unicode_ci  NOT NULL,
    `TRIGGER_NAME`      varchar(190) CHARACTER SET utf8mb4 COLLATE utf8mb4_unicode_ci NOT NULL,
    `TRIGGER_GROUP`     varchar(190) CHARACTER SET utf8mb4 COLLATE utf8mb4_unicode_ci NOT NULL,
    `INSTANCE_NAME`     varchar(190) CHARACTER SET utf8mb4 COLLATE utf8mb4_unicode_ci NOT NULL,
    `FIRED_TIME`        bigint                                                        NOT NULL,
    `SCHED_TIME`        bigint                                                        NOT NULL,
    `PRIORITY`          int                                                           NOT NULL,
    `STATE`             varchar(16) CHARACTER SET utf8mb4 COLLATE utf8mb4_unicode_ci  NOT NULL,
    `JOB_NAME`          varchar(190) CHARACTER SET utf8mb4 COLLATE utf8mb4_unicode_ci NULL DEFAULT NULL,
    `JOB_GROUP`         varchar(190) CHARACTER SET utf8mb4 COLLATE utf8mb4_unicode_ci NULL DEFAULT NULL,
    `IS_NONCONCURRENT`  varchar(1) CHARACTER SET utf8mb4 COLLATE utf8mb4_unicode_ci   NULL DEFAULT NULL,
    `REQUESTS_RECOVERY` varchar(1) CHARACTER SET utf8mb4 COLLATE utf8mb4_unicode_ci   NULL DEFAULT NULL,
    PRIMARY KEY (`SCHED_NAME`, `ENTRY_ID`) USING BTREE,
    INDEX `IDX_QRTZ_FT_TRIG_INST_NAME` (`SCHED_NAME` ASC, `INSTANCE_NAME` ASC) USING BTREE,
    INDEX `IDX_QRTZ_FT_INST_JOB_REQ_RCVRY` (`SCHED_NAME` ASC, `INSTANCE_NAME` ASC, `REQUESTS_RECOVERY` ASC) USING BTREE,
    INDEX `IDX_QRTZ_FT_J_G` (`SCHED_NAME` ASC, `JOB_NAME` ASC, `JOB_GROUP` ASC) USING BTREE,
    INDEX `IDX_QRTZ_FT_JG` (`SCHED_NAME` ASC, `JOB_GROUP` ASC) USING BTREE,
    INDEX `IDX_QRTZ_FT_T_G` (`SCHED_NAME` ASC, `TRIGGER_NAME` ASC, `TRIGGER_GROUP` ASC) USING BTREE,
    INDEX `IDX_QRTZ_FT_TG` (`SCHED_NAME` ASC, `TRIGGER_GROUP` ASC) USING BTREE
) ENGINE = InnoDB
  CHARACTER SET = utf8mb4
  COLLATE = utf8mb4_unicode_ci
  ROW_FORMAT = Dynamic;

-- ----------------------------
-- Records of QRTZ_FIRED_TRIGGERS
-- ----------------------------

-- ----------------------------
-- Table structure for QRTZ_JOB_DETAILS
-- ----------------------------
DROP TABLE IF EXISTS `QRTZ_JOB_DETAILS`;
CREATE TABLE `QRTZ_JOB_DETAILS`
(
    `SCHED_NAME`        varchar(120) CHARACTER SET utf8mb4 COLLATE utf8mb4_unicode_ci NOT NULL,
    `JOB_NAME`          varchar(190) CHARACTER SET utf8mb4 COLLATE utf8mb4_unicode_ci NOT NULL,
    `JOB_GROUP`         varchar(190) CHARACTER SET utf8mb4 COLLATE utf8mb4_unicode_ci NOT NULL,
    `DESCRIPTION`       varchar(250) CHARACTER SET utf8mb4 COLLATE utf8mb4_unicode_ci NULL DEFAULT NULL,
    `JOB_CLASS_NAME`    varchar(250) CHARACTER SET utf8mb4 COLLATE utf8mb4_unicode_ci NOT NULL,
    `IS_DURABLE`        varchar(1) CHARACTER SET utf8mb4 COLLATE utf8mb4_unicode_ci   NOT NULL,
    `IS_NONCONCURRENT`  varchar(1) CHARACTER SET utf8mb4 COLLATE utf8mb4_unicode_ci   NOT NULL,
    `IS_UPDATE_DATA`    varchar(1) CHARACTER SET utf8mb4 COLLATE utf8mb4_unicode_ci   NOT NULL,
    `REQUESTS_RECOVERY` varchar(1) CHARACTER SET utf8mb4 COLLATE utf8mb4_unicode_ci   NOT NULL,
    `JOB_DATA`          blob                                                          NULL,
    PRIMARY KEY (`SCHED_NAME`, `JOB_NAME`, `JOB_GROUP`) USING BTREE,
    INDEX `IDX_QRTZ_J_REQ_RECOVERY` (`SCHED_NAME` ASC, `REQUESTS_RECOVERY` ASC) USING BTREE,
    INDEX `IDX_QRTZ_J_GRP` (`SCHED_NAME` ASC, `JOB_GROUP` ASC) USING BTREE
) ENGINE = InnoDB
  CHARACTER SET = utf8mb4
  COLLATE = utf8mb4_unicode_ci
  ROW_FORMAT = Dynamic;

-- ----------------------------
-- Records of QRTZ_JOB_DETAILS
-- ----------------------------
INSERT INTO `QRTZ_JOB_DETAILS`
VALUES ('schedulerName', 'accessLogCleanJob', 'DEFAULT', NULL,
        'cn.liboshuai.pulsix.framework.quartz.core.handler.JobHandlerInvoker', '0', '1', '1', '0',
        0xACED0005737200156F72672E71756172747A2E4A6F62446174614D61709FB083E8BFA9B0CB020000787200266F72672E71756172747A2E7574696C732E537472696E674B65794469727479466C61674D61708208E8C3FBC55D280200015A0013616C6C6F77735472616E7369656E74446174617872001D6F72672E71756172747A2E7574696C732E4469727479466C61674D617013E62EAD28760ACE0200025A000564697274794C00036D617074000F4C6A6176612F7574696C2F4D61703B787001737200116A6176612E7574696C2E486173684D61700507DAC1C31660D103000246000A6C6F6164466163746F724900097468726573686F6C6478703F4000000000000C770800000010000000027400064A4F425F49447372000E6A6176612E6C616E672E4C6F6E673B8BE490CC8F23DF0200014A000576616C7565787200106A6176612E6C616E672E4E756D62657286AC951D0B94E08B020000787000000000000000197400104A4F425F48414E444C45525F4E414D457400116163636573734C6F67436C65616E4A6F627800);
INSERT INTO `QRTZ_JOB_DETAILS`
VALUES ('schedulerName', 'brokerageRecordUnfreezeJob', 'DEFAULT', NULL,
        'cn.liboshuai.pulsix.framework.quartz.core.handler.JobHandlerInvoker', '0', '1', '1', '0',
        0xACED0005737200156F72672E71756172747A2E4A6F62446174614D61709FB083E8BFA9B0CB020000787200266F72672E71756172747A2E7574696C732E537472696E674B65794469727479466C61674D61708208E8C3FBC55D280200015A0013616C6C6F77735472616E7369656E74446174617872001D6F72672E71756172747A2E7574696C732E4469727479466C61674D617013E62EAD28760ACE0200025A000564697274794C00036D617074000F4C6A6176612F7574696C2F4D61703B787001737200116A6176612E7574696C2E486173684D61700507DAC1C31660D103000246000A6C6F6164466163746F724900097468726573686F6C6478703F4000000000000C770800000010000000027400064A4F425F49447372000E6A6176612E6C616E672E4C6F6E673B8BE490CC8F23DF0200014A000576616C7565787200106A6176612E6C616E672E4E756D62657286AC951D0B94E08B020000787000000000000000187400104A4F425F48414E444C45525F4E414D4574001A62726F6B65726167655265636F7264556E667265657A654A6F627800);
INSERT INTO `QRTZ_JOB_DETAILS`
VALUES ('schedulerName', 'errorLogCleanJob', 'DEFAULT', NULL,
        'cn.liboshuai.pulsix.framework.quartz.core.handler.JobHandlerInvoker', '0', '1', '1', '0',
        0xACED0005737200156F72672E71756172747A2E4A6F62446174614D61709FB083E8BFA9B0CB020000787200266F72672E71756172747A2E7574696C732E537472696E674B65794469727479466C61674D61708208E8C3FBC55D280200015A0013616C6C6F77735472616E7369656E74446174617872001D6F72672E71756172747A2E7574696C732E4469727479466C61674D617013E62EAD28760ACE0200025A000564697274794C00036D617074000F4C6A6176612F7574696C2F4D61703B787001737200116A6176612E7574696C2E486173684D61700507DAC1C31660D103000246000A6C6F6164466163746F724900097468726573686F6C6478703F4000000000000C770800000010000000027400064A4F425F49447372000E6A6176612E6C616E672E4C6F6E673B8BE490CC8F23DF0200014A000576616C7565787200106A6176612E6C616E672E4E756D62657286AC951D0B94E08B0200007870000000000000001A7400104A4F425F48414E444C45525F4E414D457400106572726F724C6F67436C65616E4A6F627800);
INSERT INTO `QRTZ_JOB_DETAILS`
VALUES ('schedulerName', 'jobLogCleanJob', 'DEFAULT', NULL,
        'cn.liboshuai.pulsix.framework.quartz.core.handler.JobHandlerInvoker', '0', '1', '1', '0',
        0xACED0005737200156F72672E71756172747A2E4A6F62446174614D61709FB083E8BFA9B0CB020000787200266F72672E71756172747A2E7574696C732E537472696E674B65794469727479466C61674D61708208E8C3FBC55D280200015A0013616C6C6F77735472616E7369656E74446174617872001D6F72672E71756172747A2E7574696C732E4469727479466C61674D617013E62EAD28760ACE0200025A000564697274794C00036D617074000F4C6A6176612F7574696C2F4D61703B787001737200116A6176612E7574696C2E486173684D61700507DAC1C31660D103000246000A6C6F6164466163746F724900097468726573686F6C6478703F4000000000000C770800000010000000027400064A4F425F49447372000E6A6176612E6C616E672E4C6F6E673B8BE490CC8F23DF0200014A000576616C7565787200106A6176612E6C616E672E4E756D62657286AC951D0B94E08B0200007870000000000000001B7400104A4F425F48414E444C45525F4E414D4574000E6A6F624C6F67436C65616E4A6F627800);
INSERT INTO `QRTZ_JOB_DETAILS`
VALUES ('schedulerName', 'payNotifyJob', 'DEFAULT', NULL,
        'cn.liboshuai.pulsix.framework.quartz.core.handler.JobHandlerInvoker', '0', '1', '1', '0',
        0xACED0005737200156F72672E71756172747A2E4A6F62446174614D61709FB083E8BFA9B0CB020000787200266F72672E71756172747A2E7574696C732E537472696E674B65794469727479466C61674D61708208E8C3FBC55D280200015A0013616C6C6F77735472616E7369656E74446174617872001D6F72672E71756172747A2E7574696C732E4469727479466C61674D617013E62EAD28760ACE0200025A000564697274794C00036D617074000F4C6A6176612F7574696C2F4D61703B787001737200116A6176612E7574696C2E486173684D61700507DAC1C31660D103000246000A6C6F6164466163746F724900097468726573686F6C6478703F4000000000000C770800000010000000027400064A4F425F49447372000E6A6176612E6C616E672E4C6F6E673B8BE490CC8F23DF0200014A000576616C7565787200106A6176612E6C616E672E4E756D62657286AC951D0B94E08B020000787000000000000000057400104A4F425F48414E444C45525F4E414D4574000C7061794E6F746966794A6F627800);
INSERT INTO `QRTZ_JOB_DETAILS`
VALUES ('schedulerName', 'payOrderExpireJob', 'DEFAULT', NULL,
        'cn.liboshuai.pulsix.framework.quartz.core.handler.JobHandlerInvoker', '0', '1', '1', '0',
        0xACED0005737200156F72672E71756172747A2E4A6F62446174614D61709FB083E8BFA9B0CB020000787200266F72672E71756172747A2E7574696C732E537472696E674B65794469727479466C61674D61708208E8C3FBC55D280200015A0013616C6C6F77735472616E7369656E74446174617872001D6F72672E71756172747A2E7574696C732E4469727479466C61674D617013E62EAD28760ACE0200025A000564697274794C00036D617074000F4C6A6176612F7574696C2F4D61703B787001737200116A6176612E7574696C2E486173684D61700507DAC1C31660D103000246000A6C6F6164466163746F724900097468726573686F6C6478703F4000000000000C770800000010000000027400064A4F425F49447372000E6A6176612E6C616E672E4C6F6E673B8BE490CC8F23DF0200014A000576616C7565787200106A6176612E6C616E672E4E756D62657286AC951D0B94E08B020000787000000000000000127400104A4F425F48414E444C45525F4E414D457400117061794F726465724578706972654A6F627800);
INSERT INTO `QRTZ_JOB_DETAILS`
VALUES ('schedulerName', 'payOrderSyncJob', 'DEFAULT', NULL,
        'cn.liboshuai.pulsix.framework.quartz.core.handler.JobHandlerInvoker', '0', '1', '1', '0',
        0xACED0005737200156F72672E71756172747A2E4A6F62446174614D61709FB083E8BFA9B0CB020000787200266F72672E71756172747A2E7574696C732E537472696E674B65794469727479466C61674D61708208E8C3FBC55D280200015A0013616C6C6F77735472616E7369656E74446174617872001D6F72672E71756172747A2E7574696C732E4469727479466C61674D617013E62EAD28760ACE0200025A000564697274794C00036D617074000F4C6A6176612F7574696C2F4D61703B787001737200116A6176612E7574696C2E486173684D61700507DAC1C31660D103000246000A6C6F6164466163746F724900097468726573686F6C6478703F4000000000000C770800000010000000027400064A4F425F49447372000E6A6176612E6C616E672E4C6F6E673B8BE490CC8F23DF0200014A000576616C7565787200106A6176612E6C616E672E4E756D62657286AC951D0B94E08B020000787000000000000000117400104A4F425F48414E444C45525F4E414D4574000F7061794F7264657253796E634A6F627800);
INSERT INTO `QRTZ_JOB_DETAILS`
VALUES ('schedulerName', 'payRefundSyncJob', 'DEFAULT', NULL,
        'cn.liboshuai.pulsix.framework.quartz.core.handler.JobHandlerInvoker', '0', '1', '1', '0',
        0xACED0005737200156F72672E71756172747A2E4A6F62446174614D61709FB083E8BFA9B0CB020000787200266F72672E71756172747A2E7574696C732E537472696E674B65794469727479466C61674D61708208E8C3FBC55D280200015A0013616C6C6F77735472616E7369656E74446174617872001D6F72672E71756172747A2E7574696C732E4469727479466C61674D617013E62EAD28760ACE0200025A000564697274794C00036D617074000F4C6A6176612F7574696C2F4D61703B787001737200116A6176612E7574696C2E486173684D61700507DAC1C31660D103000246000A6C6F6164466163746F724900097468726573686F6C6478703F4000000000000C770800000010000000027400064A4F425F49447372000E6A6176612E6C616E672E4C6F6E673B8BE490CC8F23DF0200014A000576616C7565787200106A6176612E6C616E672E4E756D62657286AC951D0B94E08B020000787000000000000000137400104A4F425F48414E444C45525F4E414D45740010706179526566756E6453796E634A6F627800);
INSERT INTO `QRTZ_JOB_DETAILS`
VALUES ('schedulerName', 'tradeOrderAutoCancelJob', 'DEFAULT', NULL,
        'cn.liboshuai.pulsix.framework.quartz.core.handler.JobHandlerInvoker', '0', '1', '1', '0',
        0xACED0005737200156F72672E71756172747A2E4A6F62446174614D61709FB083E8BFA9B0CB020000787200266F72672E71756172747A2E7574696C732E537472696E674B65794469727479466C61674D61708208E8C3FBC55D280200015A0013616C6C6F77735472616E7369656E74446174617872001D6F72672E71756172747A2E7574696C732E4469727479466C61674D617013E62EAD28760ACE0200025A000564697274794C00036D617074000F4C6A6176612F7574696C2F4D61703B787001737200116A6176612E7574696C2E486173684D61700507DAC1C31660D103000246000A6C6F6164466163746F724900097468726573686F6C6478703F4000000000000C770800000010000000027400064A4F425F49447372000E6A6176612E6C616E672E4C6F6E673B8BE490CC8F23DF0200014A000576616C7565787200106A6176612E6C616E672E4E756D62657286AC951D0B94E08B020000787000000000000000157400104A4F425F48414E444C45525F4E414D4574001774726164654F726465724175746F43616E63656C4A6F627800);
INSERT INTO `QRTZ_JOB_DETAILS`
VALUES ('schedulerName', 'tradeOrderAutoCommentJob', 'DEFAULT', NULL,
        'cn.liboshuai.pulsix.framework.quartz.core.handler.JobHandlerInvoker', '0', '1', '1', '0',
        0xACED0005737200156F72672E71756172747A2E4A6F62446174614D61709FB083E8BFA9B0CB020000787200266F72672E71756172747A2E7574696C732E537472696E674B65794469727479466C61674D61708208E8C3FBC55D280200015A0013616C6C6F77735472616E7369656E74446174617872001D6F72672E71756172747A2E7574696C732E4469727479466C61674D617013E62EAD28760ACE0200025A000564697274794C00036D617074000F4C6A6176612F7574696C2F4D61703B787001737200116A6176612E7574696C2E486173684D61700507DAC1C31660D103000246000A6C6F6164466163746F724900097468726573686F6C6478703F4000000000000C770800000010000000027400064A4F425F49447372000E6A6176612E6C616E672E4C6F6E673B8BE490CC8F23DF0200014A000576616C7565787200106A6176612E6C616E672E4E756D62657286AC951D0B94E08B020000787000000000000000177400104A4F425F48414E444C45525F4E414D4574001874726164654F726465724175746F436F6D6D656E744A6F627800);
INSERT INTO `QRTZ_JOB_DETAILS`
VALUES ('schedulerName', 'tradeOrderAutoReceiveJob', 'DEFAULT', NULL,
        'cn.liboshuai.pulsix.framework.quartz.core.handler.JobHandlerInvoker', '0', '1', '1', '0',
        0xACED0005737200156F72672E71756172747A2E4A6F62446174614D61709FB083E8BFA9B0CB020000787200266F72672E71756172747A2E7574696C732E537472696E674B65794469727479466C61674D61708208E8C3FBC55D280200015A0013616C6C6F77735472616E7369656E74446174617872001D6F72672E71756172747A2E7574696C732E4469727479466C61674D617013E62EAD28760ACE0200025A000564697274794C00036D617074000F4C6A6176612F7574696C2F4D61703B787001737200116A6176612E7574696C2E486173684D61700507DAC1C31660D103000246000A6C6F6164466163746F724900097468726573686F6C6478703F4000000000000C770800000010000000027400064A4F425F49447372000E6A6176612E6C616E672E4C6F6E673B8BE490CC8F23DF0200014A000576616C7565787200106A6176612E6C616E672E4E756D62657286AC951D0B94E08B020000787000000000000000167400104A4F425F48414E444C45525F4E414D4574001874726164654F726465724175746F526563656976654A6F627800);

-- ----------------------------
-- Table structure for QRTZ_LOCKS
-- ----------------------------
DROP TABLE IF EXISTS `QRTZ_LOCKS`;
CREATE TABLE `QRTZ_LOCKS`
(
    `SCHED_NAME` varchar(120) CHARACTER SET utf8mb4 COLLATE utf8mb4_unicode_ci NOT NULL,
    `LOCK_NAME`  varchar(40) CHARACTER SET utf8mb4 COLLATE utf8mb4_unicode_ci  NOT NULL,
    PRIMARY KEY (`SCHED_NAME`, `LOCK_NAME`) USING BTREE
) ENGINE = InnoDB
  CHARACTER SET = utf8mb4
  COLLATE = utf8mb4_unicode_ci
  ROW_FORMAT = Dynamic;

-- ----------------------------
-- Records of QRTZ_LOCKS
-- ----------------------------
INSERT INTO `QRTZ_LOCKS`
VALUES ('schedulerName', 'STATE_ACCESS');
INSERT INTO `QRTZ_LOCKS`
VALUES ('schedulerName', 'TRIGGER_ACCESS');

-- ----------------------------
-- Table structure for QRTZ_PAUSED_TRIGGER_GRPS
-- ----------------------------
DROP TABLE IF EXISTS `QRTZ_PAUSED_TRIGGER_GRPS`;
CREATE TABLE `QRTZ_PAUSED_TRIGGER_GRPS`
(
    `SCHED_NAME`    varchar(120) CHARACTER SET utf8mb4 COLLATE utf8mb4_unicode_ci NOT NULL,
    `TRIGGER_GROUP` varchar(190) CHARACTER SET utf8mb4 COLLATE utf8mb4_unicode_ci NOT NULL,
    PRIMARY KEY (`SCHED_NAME`, `TRIGGER_GROUP`) USING BTREE
) ENGINE = InnoDB
  CHARACTER SET = utf8mb4
  COLLATE = utf8mb4_unicode_ci
  ROW_FORMAT = Dynamic;

-- ----------------------------
-- Records of QRTZ_PAUSED_TRIGGER_GRPS
-- ----------------------------

-- ----------------------------
-- Table structure for QRTZ_SCHEDULER_STATE
-- ----------------------------
DROP TABLE IF EXISTS `QRTZ_SCHEDULER_STATE`;
CREATE TABLE `QRTZ_SCHEDULER_STATE`
(
    `SCHED_NAME`        varchar(120) CHARACTER SET utf8mb4 COLLATE utf8mb4_unicode_ci NOT NULL,
    `INSTANCE_NAME`     varchar(190) CHARACTER SET utf8mb4 COLLATE utf8mb4_unicode_ci NOT NULL,
    `LAST_CHECKIN_TIME` bigint                                                        NOT NULL,
    `CHECKIN_INTERVAL`  bigint                                                        NOT NULL,
    PRIMARY KEY (`SCHED_NAME`, `INSTANCE_NAME`) USING BTREE
) ENGINE = InnoDB
  CHARACTER SET = utf8mb4
  COLLATE = utf8mb4_unicode_ci
  ROW_FORMAT = Dynamic;

-- ----------------------------
-- Records of QRTZ_SCHEDULER_STATE
-- ----------------------------
INSERT INTO `QRTZ_SCHEDULER_STATE`
VALUES ('schedulerName', 'MacBook-Pro.local1713489703551', 1713742509534, 15000);

-- ----------------------------
-- Table structure for QRTZ_SIMPLE_TRIGGERS
-- ----------------------------
DROP TABLE IF EXISTS `QRTZ_SIMPLE_TRIGGERS`;
CREATE TABLE `QRTZ_SIMPLE_TRIGGERS`
(
    `SCHED_NAME`      varchar(120) CHARACTER SET utf8mb4 COLLATE utf8mb4_unicode_ci NOT NULL,
    `TRIGGER_NAME`    varchar(190) CHARACTER SET utf8mb4 COLLATE utf8mb4_unicode_ci NOT NULL,
    `TRIGGER_GROUP`   varchar(190) CHARACTER SET utf8mb4 COLLATE utf8mb4_unicode_ci NOT NULL,
    `REPEAT_COUNT`    bigint                                                        NOT NULL,
    `REPEAT_INTERVAL` bigint                                                        NOT NULL,
    `TIMES_TRIGGERED` bigint                                                        NOT NULL,
    PRIMARY KEY (`SCHED_NAME`, `TRIGGER_NAME`, `TRIGGER_GROUP`) USING BTREE,
    CONSTRAINT `qrtz_simple_triggers_ibfk_1` FOREIGN KEY (`SCHED_NAME`, `TRIGGER_NAME`, `TRIGGER_GROUP`) REFERENCES `QRTZ_TRIGGERS` (`SCHED_NAME`, `TRIGGER_NAME`, `TRIGGER_GROUP`) ON DELETE RESTRICT ON UPDATE RESTRICT
) ENGINE = InnoDB
  CHARACTER SET = utf8mb4
  COLLATE = utf8mb4_unicode_ci
  ROW_FORMAT = Dynamic;

-- ----------------------------
-- Records of QRTZ_SIMPLE_TRIGGERS
-- ----------------------------

-- ----------------------------
-- Table structure for QRTZ_SIMPROP_TRIGGERS
-- ----------------------------
DROP TABLE IF EXISTS `QRTZ_SIMPROP_TRIGGERS`;
CREATE TABLE `QRTZ_SIMPROP_TRIGGERS`
(
    `SCHED_NAME`    varchar(120) CHARACTER SET utf8mb4 COLLATE utf8mb4_unicode_ci NOT NULL,
    `TRIGGER_NAME`  varchar(190) CHARACTER SET utf8mb4 COLLATE utf8mb4_unicode_ci NOT NULL,
    `TRIGGER_GROUP` varchar(190) CHARACTER SET utf8mb4 COLLATE utf8mb4_unicode_ci NOT NULL,
    `STR_PROP_1`    varchar(512) CHARACTER SET utf8mb4 COLLATE utf8mb4_unicode_ci NULL DEFAULT NULL,
    `STR_PROP_2`    varchar(512) CHARACTER SET utf8mb4 COLLATE utf8mb4_unicode_ci NULL DEFAULT NULL,
    `STR_PROP_3`    varchar(512) CHARACTER SET utf8mb4 COLLATE utf8mb4_unicode_ci NULL DEFAULT NULL,
    `INT_PROP_1`    int                                                           NULL DEFAULT NULL,
    `INT_PROP_2`    int                                                           NULL DEFAULT NULL,
    `LONG_PROP_1`   bigint                                                        NULL DEFAULT NULL,
    `LONG_PROP_2`   bigint                                                        NULL DEFAULT NULL,
    `DEC_PROP_1`    decimal(13, 4)                                                NULL DEFAULT NULL,
    `DEC_PROP_2`    decimal(13, 4)                                                NULL DEFAULT NULL,
    `BOOL_PROP_1`   varchar(1) CHARACTER SET utf8mb4 COLLATE utf8mb4_unicode_ci   NULL DEFAULT NULL,
    `BOOL_PROP_2`   varchar(1) CHARACTER SET utf8mb4 COLLATE utf8mb4_unicode_ci   NULL DEFAULT NULL,
    PRIMARY KEY (`SCHED_NAME`, `TRIGGER_NAME`, `TRIGGER_GROUP`) USING BTREE,
    CONSTRAINT `qrtz_simprop_triggers_ibfk_1` FOREIGN KEY (`SCHED_NAME`, `TRIGGER_NAME`, `TRIGGER_GROUP`) REFERENCES `QRTZ_TRIGGERS` (`SCHED_NAME`, `TRIGGER_NAME`, `TRIGGER_GROUP`) ON DELETE RESTRICT ON UPDATE RESTRICT
) ENGINE = InnoDB
  CHARACTER SET = utf8mb4
  COLLATE = utf8mb4_unicode_ci
  ROW_FORMAT = Dynamic;

-- ----------------------------
-- Records of QRTZ_SIMPROP_TRIGGERS
-- ----------------------------

-- ----------------------------
-- Table structure for QRTZ_TRIGGERS
-- ----------------------------
DROP TABLE IF EXISTS `QRTZ_TRIGGERS`;
CREATE TABLE `QRTZ_TRIGGERS`
(
    `SCHED_NAME`     varchar(120) CHARACTER SET utf8mb4 COLLATE utf8mb4_unicode_ci NOT NULL,
    `TRIGGER_NAME`   varchar(190) CHARACTER SET utf8mb4 COLLATE utf8mb4_unicode_ci NOT NULL,
    `TRIGGER_GROUP`  varchar(190) CHARACTER SET utf8mb4 COLLATE utf8mb4_unicode_ci NOT NULL,
    `JOB_NAME`       varchar(190) CHARACTER SET utf8mb4 COLLATE utf8mb4_unicode_ci NOT NULL,
    `JOB_GROUP`      varchar(190) CHARACTER SET utf8mb4 COLLATE utf8mb4_unicode_ci NOT NULL,
    `DESCRIPTION`    varchar(250) CHARACTER SET utf8mb4 COLLATE utf8mb4_unicode_ci NULL DEFAULT NULL,
    `NEXT_FIRE_TIME` bigint                                                        NULL DEFAULT NULL,
    `PREV_FIRE_TIME` bigint                                                        NULL DEFAULT NULL,
    `PRIORITY`       int                                                           NULL DEFAULT NULL,
    `TRIGGER_STATE`  varchar(16) CHARACTER SET utf8mb4 COLLATE utf8mb4_unicode_ci  NOT NULL,
    `TRIGGER_TYPE`   varchar(8) CHARACTER SET utf8mb4 COLLATE utf8mb4_unicode_ci   NOT NULL,
    `START_TIME`     bigint                                                        NOT NULL,
    `END_TIME`       bigint                                                        NULL DEFAULT NULL,
    `CALENDAR_NAME`  varchar(190) CHARACTER SET utf8mb4 COLLATE utf8mb4_unicode_ci NULL DEFAULT NULL,
    `MISFIRE_INSTR`  smallint                                                      NULL DEFAULT NULL,
    `JOB_DATA`       blob                                                          NULL,
    PRIMARY KEY (`SCHED_NAME`, `TRIGGER_NAME`, `TRIGGER_GROUP`) USING BTREE,
    INDEX `IDX_QRTZ_T_J` (`SCHED_NAME` ASC, `JOB_NAME` ASC, `JOB_GROUP` ASC) USING BTREE,
    INDEX `IDX_QRTZ_T_JG` (`SCHED_NAME` ASC, `JOB_GROUP` ASC) USING BTREE,
    INDEX `IDX_QRTZ_T_C` (`SCHED_NAME` ASC, `CALENDAR_NAME` ASC) USING BTREE,
    INDEX `IDX_QRTZ_T_G` (`SCHED_NAME` ASC, `TRIGGER_GROUP` ASC) USING BTREE,
    INDEX `IDX_QRTZ_T_STATE` (`SCHED_NAME` ASC, `TRIGGER_STATE` ASC) USING BTREE,
    INDEX `IDX_QRTZ_T_N_STATE` (`SCHED_NAME` ASC, `TRIGGER_NAME` ASC, `TRIGGER_GROUP` ASC, `TRIGGER_STATE`
                                ASC) USING BTREE,
    INDEX `IDX_QRTZ_T_N_G_STATE` (`SCHED_NAME` ASC, `TRIGGER_GROUP` ASC, `TRIGGER_STATE` ASC) USING BTREE,
    INDEX `IDX_QRTZ_T_NEXT_FIRE_TIME` (`SCHED_NAME` ASC, `NEXT_FIRE_TIME` ASC) USING BTREE,
    INDEX `IDX_QRTZ_T_NFT_ST` (`SCHED_NAME` ASC, `TRIGGER_STATE` ASC, `NEXT_FIRE_TIME` ASC) USING BTREE,
    INDEX `IDX_QRTZ_T_NFT_MISFIRE` (`SCHED_NAME` ASC, `MISFIRE_INSTR` ASC, `NEXT_FIRE_TIME` ASC) USING BTREE,
    INDEX `IDX_QRTZ_T_NFT_ST_MISFIRE` (`SCHED_NAME` ASC, `MISFIRE_INSTR` ASC, `NEXT_FIRE_TIME` ASC, `TRIGGER_STATE`
                                       ASC) USING BTREE,
    INDEX `IDX_QRTZ_T_NFT_ST_MISFIRE_GRP` (`SCHED_NAME` ASC, `MISFIRE_INSTR` ASC, `NEXT_FIRE_TIME` ASC, `TRIGGER_GROUP`
                                           ASC, `TRIGGER_STATE` ASC) USING BTREE,
    CONSTRAINT `qrtz_triggers_ibfk_1` FOREIGN KEY (`SCHED_NAME`, `JOB_NAME`, `JOB_GROUP`) REFERENCES `QRTZ_JOB_DETAILS` (`SCHED_NAME`, `JOB_NAME`, `JOB_GROUP`) ON DELETE RESTRICT ON UPDATE RESTRICT
) ENGINE = InnoDB
  CHARACTER SET = utf8mb4
  COLLATE = utf8mb4_unicode_ci
  ROW_FORMAT = Dynamic;

-- ----------------------------
-- Records of QRTZ_TRIGGERS
-- ----------------------------
INSERT INTO `QRTZ_TRIGGERS`
VALUES ('schedulerName', 'accessLogCleanJob', 'DEFAULT', 'accessLogCleanJob', 'DEFAULT', NULL, 1696348800000, -1, 5,
        'PAUSED', 'CRON', 1696301981000, 0, NULL, 0,
        0xACED0005737200156F72672E71756172747A2E4A6F62446174614D61709FB083E8BFA9B0CB020000787200266F72672E71756172747A2E7574696C732E537472696E674B65794469727479466C61674D61708208E8C3FBC55D280200015A0013616C6C6F77735472616E7369656E74446174617872001D6F72672E71756172747A2E7574696C732E4469727479466C61674D617013E62EAD28760ACE0200025A000564697274794C00036D617074000F4C6A6176612F7574696C2F4D61703B787001737200116A6176612E7574696C2E486173684D61700507DAC1C31660D103000246000A6C6F6164466163746F724900097468726573686F6C6478703F4000000000000C770800000010000000037400114A4F425F48414E444C45525F504152414D7400007400124A4F425F52455452595F494E54455256414C737200116A6176612E6C616E672E496E746567657212E2A0A4F781873802000149000576616C7565787200106A6176612E6C616E672E4E756D62657286AC951D0B94E08B02000078700000000074000F4A4F425F52455452595F434F554E547371007E000A000000037800);
INSERT INTO `QRTZ_TRIGGERS`
VALUES ('schedulerName', 'brokerageRecordUnfreezeJob', 'DEFAULT', 'brokerageRecordUnfreezeJob', 'DEFAULT', NULL,
        1695909720000, -1, 5, 'PAUSED', 'CRON', 1695909706000, 0, NULL, 0,
        0xACED0005737200156F72672E71756172747A2E4A6F62446174614D61709FB083E8BFA9B0CB020000787200266F72672E71756172747A2E7574696C732E537472696E674B65794469727479466C61674D61708208E8C3FBC55D280200015A0013616C6C6F77735472616E7369656E74446174617872001D6F72672E71756172747A2E7574696C732E4469727479466C61674D617013E62EAD28760ACE0200025A000564697274794C00036D617074000F4C6A6176612F7574696C2F4D61703B787001737200116A6176612E7574696C2E486173684D61700507DAC1C31660D103000246000A6C6F6164466163746F724900097468726573686F6C6478703F4000000000000C770800000010000000037400114A4F425F48414E444C45525F504152414D7400007400124A4F425F52455452595F494E54455256414C737200116A6176612E6C616E672E496E746567657212E2A0A4F781873802000149000576616C7565787200106A6176612E6C616E672E4E756D62657286AC951D0B94E08B02000078700000000074000F4A4F425F52455452595F434F554E547371007E000A000000037800);
INSERT INTO `QRTZ_TRIGGERS`
VALUES ('schedulerName', 'errorLogCleanJob', 'DEFAULT', 'errorLogCleanJob', 'DEFAULT', NULL, 1696348800000, -1, 5,
        'PAUSED', 'CRON', 1696302043000, 0, NULL, 0,
        0xACED0005737200156F72672E71756172747A2E4A6F62446174614D61709FB083E8BFA9B0CB020000787200266F72672E71756172747A2E7574696C732E537472696E674B65794469727479466C61674D61708208E8C3FBC55D280200015A0013616C6C6F77735472616E7369656E74446174617872001D6F72672E71756172747A2E7574696C732E4469727479466C61674D617013E62EAD28760ACE0200025A000564697274794C00036D617074000F4C6A6176612F7574696C2F4D61703B787001737200116A6176612E7574696C2E486173684D61700507DAC1C31660D103000246000A6C6F6164466163746F724900097468726573686F6C6478703F4000000000000C770800000010000000037400114A4F425F48414E444C45525F504152414D7400007400124A4F425F52455452595F494E54455256414C737200116A6176612E6C616E672E496E746567657212E2A0A4F781873802000149000576616C7565787200106A6176612E6C616E672E4E756D62657286AC951D0B94E08B02000078700000000074000F4A4F425F52455452595F434F554E547371007E000A000000037800);
INSERT INTO `QRTZ_TRIGGERS`
VALUES ('schedulerName', 'jobLogCleanJob', 'DEFAULT', 'jobLogCleanJob', 'DEFAULT', NULL, 1696348800000, -1, 5, 'PAUSED',
        'CRON', 1696302092000, 0, NULL, 0,
        0xACED0005737200156F72672E71756172747A2E4A6F62446174614D61709FB083E8BFA9B0CB020000787200266F72672E71756172747A2E7574696C732E537472696E674B65794469727479466C61674D61708208E8C3FBC55D280200015A0013616C6C6F77735472616E7369656E74446174617872001D6F72672E71756172747A2E7574696C732E4469727479466C61674D617013E62EAD28760ACE0200025A000564697274794C00036D617074000F4C6A6176612F7574696C2F4D61703B787001737200116A6176612E7574696C2E486173684D61700507DAC1C31660D103000246000A6C6F6164466163746F724900097468726573686F6C6478703F4000000000000C770800000010000000037400114A4F425F48414E444C45525F504152414D7400007400124A4F425F52455452595F494E54455256414C737200116A6176612E6C616E672E496E746567657212E2A0A4F781873802000149000576616C7565787200106A6176612E6C616E672E4E756D62657286AC951D0B94E08B02000078700000000074000F4A4F425F52455452595F434F554E547371007E000A000000037800);
INSERT INTO `QRTZ_TRIGGERS`
VALUES ('schedulerName', 'payNotifyJob', 'DEFAULT', 'payNotifyJob', 'DEFAULT', NULL, 1688907102000, 1688907101000, 5,
        'PAUSED', 'CRON', 1635294882000, 0, NULL, 0,
        0xACED0005737200156F72672E71756172747A2E4A6F62446174614D61709FB083E8BFA9B0CB020000787200266F72672E71756172747A2E7574696C732E537472696E674B65794469727479466C61674D61708208E8C3FBC55D280200015A0013616C6C6F77735472616E7369656E74446174617872001D6F72672E71756172747A2E7574696C732E4469727479466C61674D617013E62EAD28760ACE0200025A000564697274794C00036D617074000F4C6A6176612F7574696C2F4D61703B787001737200116A6176612E7574696C2E486173684D61700507DAC1C31660D103000246000A6C6F6164466163746F724900097468726573686F6C6478703F4000000000000C770800000010000000037400114A4F425F48414E444C45525F504152414D707400124A4F425F52455452595F494E54455256414C737200116A6176612E6C616E672E496E746567657212E2A0A4F781873802000149000576616C7565787200106A6176612E6C616E672E4E756D62657286AC951D0B94E08B02000078700000000074000F4A4F425F52455452595F434F554E5471007E000B7800);
INSERT INTO `QRTZ_TRIGGERS`
VALUES ('schedulerName', 'payOrderExpireJob', 'DEFAULT', 'payOrderExpireJob', 'DEFAULT', NULL, 1690011600000, -1, 5,
        'PAUSED', 'CRON', 1690011553000, 0, NULL, 0,
        0xACED0005737200156F72672E71756172747A2E4A6F62446174614D61709FB083E8BFA9B0CB020000787200266F72672E71756172747A2E7574696C732E537472696E674B65794469727479466C61674D61708208E8C3FBC55D280200015A0013616C6C6F77735472616E7369656E74446174617872001D6F72672E71756172747A2E7574696C732E4469727479466C61674D617013E62EAD28760ACE0200025A000564697274794C00036D617074000F4C6A6176612F7574696C2F4D61703B787001737200116A6176612E7574696C2E486173684D61700507DAC1C31660D103000246000A6C6F6164466163746F724900097468726573686F6C6478703F4000000000000C770800000010000000037400114A4F425F48414E444C45525F504152414D707400124A4F425F52455452595F494E54455256414C737200116A6176612E6C616E672E496E746567657212E2A0A4F781873802000149000576616C7565787200106A6176612E6C616E672E4E756D62657286AC951D0B94E08B02000078700000000074000F4A4F425F52455452595F434F554E5471007E000B7800);
INSERT INTO `QRTZ_TRIGGERS`
VALUES ('schedulerName', 'payOrderSyncJob', 'DEFAULT', 'payOrderSyncJob', 'DEFAULT', NULL, 1690011600000, 1690011540000,
        5, 'PAUSED', 'CRON', 1690007785000, 0, NULL, 0,
        0xACED0005737200156F72672E71756172747A2E4A6F62446174614D61709FB083E8BFA9B0CB020000787200266F72672E71756172747A2E7574696C732E537472696E674B65794469727479466C61674D61708208E8C3FBC55D280200015A0013616C6C6F77735472616E7369656E74446174617872001D6F72672E71756172747A2E7574696C732E4469727479466C61674D617013E62EAD28760ACE0200025A000564697274794C00036D617074000F4C6A6176612F7574696C2F4D61703B787001737200116A6176612E7574696C2E486173684D61700507DAC1C31660D103000246000A6C6F6164466163746F724900097468726573686F6C6478703F4000000000000C770800000010000000037400114A4F425F48414E444C45525F504152414D707400124A4F425F52455452595F494E54455256414C737200116A6176612E6C616E672E496E746567657212E2A0A4F781873802000149000576616C7565787200106A6176612E6C616E672E4E756D62657286AC951D0B94E08B02000078700000000074000F4A4F425F52455452595F434F554E5471007E000B7800);
INSERT INTO `QRTZ_TRIGGERS`
VALUES ('schedulerName', 'payRefundSyncJob', 'DEFAULT', 'payRefundSyncJob', 'DEFAULT', NULL, 1690117560000,
        1690117500000, 5, 'PAUSED', 'CRON', 1690117424000, 0, NULL, 0,
        0xACED0005737200156F72672E71756172747A2E4A6F62446174614D61709FB083E8BFA9B0CB020000787200266F72672E71756172747A2E7574696C732E537472696E674B65794469727479466C61674D61708208E8C3FBC55D280200015A0013616C6C6F77735472616E7369656E74446174617872001D6F72672E71756172747A2E7574696C732E4469727479466C61674D617013E62EAD28760ACE0200025A000564697274794C00036D617074000F4C6A6176612F7574696C2F4D61703B787001737200116A6176612E7574696C2E486173684D61700507DAC1C31660D103000246000A6C6F6164466163746F724900097468726573686F6C6478703F4000000000000C770800000010000000037400114A4F425F48414E444C45525F504152414D707400124A4F425F52455452595F494E54455256414C737200116A6176612E6C616E672E496E746567657212E2A0A4F781873802000149000576616C7565787200106A6176612E6C616E672E4E756D62657286AC951D0B94E08B02000078700000000074000F4A4F425F52455452595F434F554E5471007E000B7800);
INSERT INTO `QRTZ_TRIGGERS`
VALUES ('schedulerName', 'tradeOrderAutoCancelJob', 'DEFAULT', 'tradeOrderAutoCancelJob', 'DEFAULT', NULL,
        1695727440000, 1695727380000, 5, 'PAUSED', 'CRON', 1695656605000, 0, NULL, 0,
        0xACED0005737200156F72672E71756172747A2E4A6F62446174614D61709FB083E8BFA9B0CB020000787200266F72672E71756172747A2E7574696C732E537472696E674B65794469727479466C61674D61708208E8C3FBC55D280200015A0013616C6C6F77735472616E7369656E74446174617872001D6F72672E71756172747A2E7574696C732E4469727479466C61674D617013E62EAD28760ACE0200025A000564697274794C00036D617074000F4C6A6176612F7574696C2F4D61703B787001737200116A6176612E7574696C2E486173684D61700507DAC1C31660D103000246000A6C6F6164466163746F724900097468726573686F6C6478703F4000000000000C770800000010000000037400114A4F425F48414E444C45525F504152414D7400007400124A4F425F52455452595F494E54455256414C737200116A6176612E6C616E672E496E746567657212E2A0A4F781873802000149000576616C7565787200106A6176612E6C616E672E4E756D62657286AC951D0B94E08B02000078700000000074000F4A4F425F52455452595F434F554E547371007E000A000000037800);
INSERT INTO `QRTZ_TRIGGERS`
VALUES ('schedulerName', 'tradeOrderAutoCommentJob', 'DEFAULT', 'tradeOrderAutoCommentJob', 'DEFAULT', NULL,
        1695783840000, 1695783780000, 5, 'PAUSED', 'CRON', 1695742709000, 0, NULL, 0,
        0xACED0005737200156F72672E71756172747A2E4A6F62446174614D61709FB083E8BFA9B0CB020000787200266F72672E71756172747A2E7574696C732E537472696E674B65794469727479466C61674D61708208E8C3FBC55D280200015A0013616C6C6F77735472616E7369656E74446174617872001D6F72672E71756172747A2E7574696C732E4469727479466C61674D617013E62EAD28760ACE0200025A000564697274794C00036D617074000F4C6A6176612F7574696C2F4D61703B787001737200116A6176612E7574696C2E486173684D61700507DAC1C31660D103000246000A6C6F6164466163746F724900097468726573686F6C6478703F4000000000000C770800000010000000037400114A4F425F48414E444C45525F504152414D7400007400124A4F425F52455452595F494E54455256414C737200116A6176612E6C616E672E496E746567657212E2A0A4F781873802000149000576616C7565787200106A6176612E6C616E672E4E756D62657286AC951D0B94E08B02000078700000000074000F4A4F425F52455452595F434F554E547371007E000A000000037800);
INSERT INTO `QRTZ_TRIGGERS`
VALUES ('schedulerName', 'tradeOrderAutoReceiveJob', 'DEFAULT', 'tradeOrderAutoReceiveJob', 'DEFAULT', NULL,
        1695742740000, 1695742680000, 5, 'PAUSED', 'CRON', 1695727433000, 0, NULL, 0,
        0xACED0005737200156F72672E71756172747A2E4A6F62446174614D61709FB083E8BFA9B0CB020000787200266F72672E71756172747A2E7574696C732E537472696E674B65794469727479466C61674D61708208E8C3FBC55D280200015A0013616C6C6F77735472616E7369656E74446174617872001D6F72672E71756172747A2E7574696C732E4469727479466C61674D617013E62EAD28760ACE0200025A000564697274794C00036D617074000F4C6A6176612F7574696C2F4D61703B787001737200116A6176612E7574696C2E486173684D61700507DAC1C31660D103000246000A6C6F6164466163746F724900097468726573686F6C6478703F4000000000000C770800000010000000037400114A4F425F48414E444C45525F504152414D7400007400124A4F425F52455452595F494E54455256414C737200116A6176612E6C616E672E496E746567657212E2A0A4F781873802000149000576616C7565787200106A6176612E6C616E672E4E756D62657286AC951D0B94E08B02000078700000000074000F4A4F425F52455452595F434F554E547371007E000A000000037800);

-- ----------------------------
-- Table structure for access_auth_conf
-- ----------------------------
DROP TABLE IF EXISTS `access_auth_conf`;
CREATE TABLE `access_auth_conf`
(
    `id`                bigint                                                        NOT NULL AUTO_INCREMENT COMMENT 'дё»й”®',
    `source_code`       varchar(64) CHARACTER SET utf8mb4 COLLATE utf8mb4_unicode_ci  NOT NULL COMMENT 'жҺҘе…Ҙжәҗзј–з Ғ',
    `auth_type`         varchar(32) CHARACTER SET utf8mb4 COLLATE utf8mb4_unicode_ci  NOT NULL COMMENT 'йүҙжқғзұ»еһӢ',
    `app_key`           varchar(128) CHARACTER SET utf8mb4 COLLATE utf8mb4_unicode_ci NULL     DEFAULT NULL COMMENT 'еә”з”Ё Key',
    `app_secret`        varchar(255) CHARACTER SET utf8mb4 COLLATE utf8mb4_unicode_ci NULL     DEFAULT NULL COMMENT 'еә”з”Ё Secret',
    `sign_algo`         varchar(64) CHARACTER SET utf8mb4 COLLATE utf8mb4_unicode_ci  NULL     DEFAULT NULL COMMENT 'зӯҫеҗҚз®—жі•',
    `signature_header`  varchar(64) CHARACTER SET utf8mb4 COLLATE utf8mb4_unicode_ci  NULL     DEFAULT NULL COMMENT 'зӯҫеҗҚ Header',
    `nonce_ttl_seconds` int                                                           NULL     DEFAULT NULL COMMENT 'йҡҸжңәж•° TTL з§’ж•°',
    `effective_from`    datetime                                                      NULL     DEFAULT NULL COMMENT 'з”ҹж•Ҳж—¶й—ҙ',
    `expire_at`         datetime                                                      NULL     DEFAULT NULL COMMENT 'иҝҮжңҹж—¶й—ҙ',
    `status`            tinyint                                                       NOT NULL DEFAULT 1 COMMENT 'зҠ¶жҖҒ',
    `ext_json`          json                                                          NULL COMMENT 'жү©еұ•й…ҚзҪ®',
    `creator`           varchar(64) CHARACTER SET utf8mb4 COLLATE utf8mb4_unicode_ci  NULL     DEFAULT '' COMMENT 'еҲӣе»әиҖ…',
    `create_time`       datetime                                                      NOT NULL DEFAULT CURRENT_TIMESTAMP COMMENT 'еҲӣе»әж—¶й—ҙ',
    `updater`           varchar(64) CHARACTER SET utf8mb4 COLLATE utf8mb4_unicode_ci  NULL     DEFAULT '' COMMENT 'жӣҙж–°иҖ…',
    `update_time`       datetime                                                      NOT NULL DEFAULT CURRENT_TIMESTAMP ON UPDATE CURRENT_TIMESTAMP COMMENT 'жӣҙж–°ж—¶й—ҙ',
    `deleted`           bit(1)                                                        NOT NULL DEFAULT b'0' COMMENT 'жҳҜеҗҰеҲ йҷӨ',
    PRIMARY KEY (`id`) USING BTREE,
    UNIQUE INDEX `uk_auth_source` (`source_code` ASC) USING BTREE,
    INDEX `idx_app_key` (`app_key` ASC) USING BTREE
) ENGINE = InnoDB
  AUTO_INCREMENT = 15004
  CHARACTER SET = utf8mb4
  COLLATE = utf8mb4_unicode_ci COMMENT = 'жҺҘе…Ҙйүҙжқғй…ҚзҪ®иЎЁ'
  ROW_FORMAT = Dynamic;

-- ----------------------------
-- Records of access_auth_conf
-- ----------------------------
INSERT INTO `access_auth_conf`
VALUES (15001, 'PROMOTION_CENTER_HTTP', 'API_KEY', 'promo_http_key', 'promo_http_secret_demo', 'NONE', 'X-API-Key', 0,
        '2026-03-08 10:00:00', NULL, 1, '{
    \"headers\": [
      \"X-API-Key\"
    ]
  }', 'admin', '2026-03-08 10:00:00', 'admin', '2026-03-08 10:00:00', b'0');
INSERT INTO `access_auth_conf`
VALUES (15002, 'WITHDRAW_CENTER_HTTP', 'HMAC', 'withdraw_http_key', 'withdraw_http_secret_demo', 'HMAC_SHA256',
        'X-Pulsix-Signature', 300, '2026-03-08 11:00:00', NULL, 1, '{
    \"headers\": [
      \"X-Pulsix-App-Key\",
      \"X-Pulsix-Timestamp\",
      \"X-Pulsix-Nonce\",
      \"X-Pulsix-Signature\"
    ]
  }', 'admin',
        '2026-03-08 11:00:00', 'admin', '2026-03-08 11:00:00', b'0');
INSERT INTO `access_auth_conf`
VALUES (15003, 'ORDER_CENTER_SDK', 'HMAC', 'order_sdk_key', 'order_sdk_secret_demo', 'HMAC_SHA256', 'x-signature', 300,
        '2026-03-08 12:00:00', NULL, 1, '{
    \"authFrameVersion\": \"v1\"
  }', 'admin', '2026-03-08 12:00:00', 'admin', '2026-03-08 12:00:00', b'0');

-- ----------------------------
-- Table structure for access_source_def
-- ----------------------------
DROP TABLE IF EXISTS `access_source_def`;
CREATE TABLE `access_source_def`
(
    `id`                       bigint                                                        NOT NULL AUTO_INCREMENT COMMENT 'дё»й”®',
    `source_code`              varchar(64) CHARACTER SET utf8mb4 COLLATE utf8mb4_unicode_ci  NOT NULL COMMENT 'жҺҘе…Ҙжәҗзј–з Ғ',
    `source_name`              varchar(128) CHARACTER SET utf8mb4 COLLATE utf8mb4_unicode_ci NOT NULL COMMENT 'жҺҘе…ҘжәҗеҗҚз§°',
    `source_type`              varchar(32) CHARACTER SET utf8mb4 COLLATE utf8mb4_unicode_ci  NOT NULL COMMENT 'жҺҘе…Ҙжәҗзұ»еһӢ',
    `topic_name`               varchar(128) CHARACTER SET utf8mb4 COLLATE utf8mb4_unicode_ci NOT NULL COMMENT 'ж ҮеҮҶдәӢд»¶ Topic',
    `access_protocol`          varchar(32) CHARACTER SET utf8mb4 COLLATE utf8mb4_unicode_ci  NOT NULL COMMENT 'жҺҘе…ҘеҚҸи®®',
    `app_id`                   varchar(64) CHARACTER SET utf8mb4 COLLATE utf8mb4_unicode_ci  NULL     DEFAULT NULL COMMENT 'еә”з”Ёж ҮиҜҶ',
    `owner_name`               varchar(64) CHARACTER SET utf8mb4 COLLATE utf8mb4_unicode_ci  NULL     DEFAULT NULL COMMENT 'иҙҹиҙЈдәә',
    `contact_email`            varchar(128) CHARACTER SET utf8mb4 COLLATE utf8mb4_unicode_ci NULL     DEFAULT NULL COMMENT 'иҒ”зі»йӮ®з®ұ',
    `rate_limit_qps`           int                                                           NULL     DEFAULT NULL COMMENT 'йҷҗжөҒ QPS',
    `allowed_scene_codes_json` json                                                          NULL COMMENT 'е…Ғи®ёеңәжҷҜ',
    `ip_whitelist_json`        json                                                          NULL COMMENT 'IP зҷҪеҗҚеҚ•',
    `status`                   tinyint                                                       NOT NULL DEFAULT 1 COMMENT 'зҠ¶жҖҒ',
    `description`              varchar(512) CHARACTER SET utf8mb4 COLLATE utf8mb4_unicode_ci NULL     DEFAULT NULL COMMENT 'жҸҸиҝ°',
    `creator`                  varchar(64) CHARACTER SET utf8mb4 COLLATE utf8mb4_unicode_ci  NULL     DEFAULT '' COMMENT 'еҲӣе»әиҖ…',
    `create_time`              datetime                                                      NOT NULL DEFAULT CURRENT_TIMESTAMP COMMENT 'еҲӣе»әж—¶й—ҙ',
    `updater`                  varchar(64) CHARACTER SET utf8mb4 COLLATE utf8mb4_unicode_ci  NULL     DEFAULT '' COMMENT 'жӣҙж–°иҖ…',
    `update_time`              datetime                                                      NOT NULL DEFAULT CURRENT_TIMESTAMP ON UPDATE CURRENT_TIMESTAMP COMMENT 'жӣҙж–°ж—¶й—ҙ',
    `deleted`                  bit(1)                                                        NOT NULL DEFAULT b'0' COMMENT 'жҳҜеҗҰеҲ йҷӨ',
    PRIMARY KEY (`id`) USING BTREE,
    UNIQUE INDEX `uk_source_code` (`source_code` ASC) USING BTREE,
    INDEX `idx_source_type_status` (`source_type` ASC, `status` ASC) USING BTREE
) ENGINE = InnoDB
  AUTO_INCREMENT = 14004
  CHARACTER SET = utf8mb4
  COLLATE = utf8mb4_unicode_ci COMMENT = 'жҺҘе…Ҙжәҗе®ҡд№үиЎЁ'
  ROW_FORMAT = Dynamic;

-- ----------------------------
-- Records of access_source_def
-- ----------------------------
INSERT INTO `access_source_def`
VALUES (14001, 'PROMOTION_CENTER_HTTP', 'иҗҘй”Җдёӯеҝғ HTTP жҺҘе…Ҙ', 'HTTP', 'pulsix.event.standard', 'HTTP', 'marketing-center', 'еј дёү',
        'marketing-risk@example.com', 300, '[
    \"PROMOTION_RISK\"
  ]', '[
    \"10.30.0.0/16\",
    \"172.16.10.0/24\"
  ]', 1, 'жңҚеҠЎиҗҘй”ҖеҸ—зҗҶдәӢд»¶зҡ„ HTTP жҺҘе…Ҙжәҗ', 'admin', '2026-03-08 09:58:00',
        'admin', '2026-03-08 09:58:00', b'0');
INSERT INTO `access_source_def`
VALUES (14002, 'WITHDRAW_CENTER_HTTP', 'иө„йҮ‘дёӯеҝғ HTTP жҺҘе…Ҙ', 'HTTP', 'pulsix.event.standard', 'HTTP', 'account-center', 'жқҺеӣӣ',
        'finance-risk@example.com', 200, '[
    \"WITHDRAW_RISK\"
  ]', '[
    \"10.40.0.0/16\",
    \"192.168.20.0/24\"
  ]', 1, 'жңҚеҠЎжҸҗзҺ°з”іиҜ·дәӢд»¶зҡ„ HTTP жҺҘе…Ҙжәҗ', 'admin', '2026-03-08 10:58:00',
        'admin', '2026-03-08 10:58:00', b'0');
INSERT INTO `access_source_def`
VALUES (14003, 'ORDER_CENTER_SDK', 'и®ўеҚ•дёӯеҝғ SDK жҺҘе…Ҙ', 'SDK', 'pulsix.event.standard', 'TCP', 'order-center', 'зҺӢдә”', 'order-risk@example.com',
        500, '[
    \"ORDER_RISK\"
  ]', '[
    \"172.20.8.0/24\"
  ]', 1, 'жңҚеҠЎи®ўеҚ•ж”Ҝд»ҳдәӢд»¶зҡ„еҗҺз«Ҝ SDK жҺҘе…Ҙжәҗ', 'admin', '2026-03-08 11:58:00', 'admin',
        '2026-03-08 11:58:00', b'0');

-- ----------------------------
-- Table structure for event_access_binding
-- ----------------------------
DROP TABLE IF EXISTS `event_access_binding`;
CREATE TABLE `event_access_binding`
(
    `id`          bigint                                                       NOT NULL AUTO_INCREMENT COMMENT 'дё»й”®',
    `event_code`  varchar(64) CHARACTER SET utf8mb4 COLLATE utf8mb4_unicode_ci NOT NULL COMMENT 'дәӢд»¶зј–з Ғ',
    `source_code` varchar(64) CHARACTER SET utf8mb4 COLLATE utf8mb4_unicode_ci NOT NULL COMMENT 'жҺҘе…Ҙжәҗзј–з Ғ',
    `creator`     varchar(64) CHARACTER SET utf8mb4 COLLATE utf8mb4_unicode_ci NULL     DEFAULT '' COMMENT 'еҲӣе»әиҖ…',
    `create_time` datetime                                                     NOT NULL DEFAULT CURRENT_TIMESTAMP COMMENT 'еҲӣе»әж—¶й—ҙ',
    `updater`     varchar(64) CHARACTER SET utf8mb4 COLLATE utf8mb4_unicode_ci NULL     DEFAULT '' COMMENT 'жӣҙж–°иҖ…',
    `update_time` datetime                                                     NOT NULL DEFAULT CURRENT_TIMESTAMP ON UPDATE CURRENT_TIMESTAMP COMMENT 'жӣҙж–°ж—¶й—ҙ',
    `deleted`     bit(1)                                                       NOT NULL DEFAULT b'0' COMMENT 'жҳҜеҗҰеҲ йҷӨ',
    PRIMARY KEY (`id`) USING BTREE,
    UNIQUE INDEX `uk_event_source` (`event_code` ASC, `source_code` ASC) USING BTREE,
    INDEX `idx_source_code` (`source_code` ASC) USING BTREE,
    INDEX `idx_event_code` (`event_code` ASC) USING BTREE
) ENGINE = InnoDB
  AUTO_INCREMENT = 14104
  CHARACTER SET = utf8mb4
  COLLATE = utf8mb4_unicode_ci COMMENT = 'дәӢд»¶жҺҘе…Ҙз»‘е®ҡиЎЁ'
  ROW_FORMAT = Dynamic;

-- ----------------------------
-- Records of event_access_binding
-- ----------------------------
INSERT INTO `event_access_binding`
VALUES (14101, 'PROMOTION_EVENT', 'PROMOTION_CENTER_HTTP', 'admin', '2026-03-08 10:00:00', 'admin',
        '2026-03-08 10:00:00', b'0');
INSERT INTO `event_access_binding`
VALUES (14102, 'WITHDRAW_EVENT', 'WITHDRAW_CENTER_HTTP', 'admin', '2026-03-08 11:00:00', 'admin',
        '2026-03-08 11:00:00', b'0');
INSERT INTO `event_access_binding`
VALUES (14103, 'ORDER_EVENT', 'ORDER_CENTER_SDK', 'admin', '2026-03-08 12:00:00', 'admin', '2026-03-08 12:00:00',
        b'0');

-- ----------------------------
-- Table structure for alert_channel_def
-- ----------------------------
DROP TABLE IF EXISTS `alert_channel_def`;
CREATE TABLE `alert_channel_def`
(
    `id`           bigint                                                         NOT NULL AUTO_INCREMENT COMMENT 'дё»й”®',
    `channel_code` varchar(64) CHARACTER SET utf8mb4 COLLATE utf8mb4_unicode_ci   NOT NULL COMMENT 'жё йҒ“зј–з Ғ',
    `channel_name` varchar(128) CHARACTER SET utf8mb4 COLLATE utf8mb4_unicode_ci  NOT NULL COMMENT 'жё йҒ“еҗҚз§°',
    `channel_type` varchar(32) CHARACTER SET utf8mb4 COLLATE utf8mb4_unicode_ci   NOT NULL COMMENT 'жё йҒ“зұ»еһӢ',
    `webhook_url`  varchar(1024) CHARACTER SET utf8mb4 COLLATE utf8mb4_unicode_ci NULL     DEFAULT NULL COMMENT 'Webhook ең°еқҖ',
    `secret`       varchar(255) CHARACTER SET utf8mb4 COLLATE utf8mb4_unicode_ci  NULL     DEFAULT NULL COMMENT 'еҜҶй’Ҙ',
    `headers_json` json                                                           NULL COMMENT 'иҜ·жұӮеӨҙ',
    `status`       tinyint                                                        NOT NULL DEFAULT 1 COMMENT 'зҠ¶жҖҒ',
    `description`  varchar(512) CHARACTER SET utf8mb4 COLLATE utf8mb4_unicode_ci  NULL     DEFAULT NULL COMMENT 'жҸҸиҝ°',
    `creator`      varchar(64) CHARACTER SET utf8mb4 COLLATE utf8mb4_unicode_ci   NULL     DEFAULT '' COMMENT 'еҲӣе»әиҖ…',
    `create_time`  datetime                                                       NOT NULL DEFAULT CURRENT_TIMESTAMP COMMENT 'еҲӣе»әж—¶й—ҙ',
    `updater`      varchar(64) CHARACTER SET utf8mb4 COLLATE utf8mb4_unicode_ci   NULL     DEFAULT '' COMMENT 'жӣҙж–°иҖ…',
    `update_time`  datetime                                                       NOT NULL DEFAULT CURRENT_TIMESTAMP ON UPDATE CURRENT_TIMESTAMP COMMENT 'жӣҙж–°ж—¶й—ҙ',
    `deleted`      bit(1)                                                         NOT NULL DEFAULT b'0' COMMENT 'жҳҜеҗҰеҲ йҷӨ',
    PRIMARY KEY (`id`) USING BTREE,
    UNIQUE INDEX `uk_channel_code` (`channel_code` ASC) USING BTREE
) ENGINE = InnoDB
  AUTO_INCREMENT = 17004
  CHARACTER SET = utf8mb4
  COLLATE = utf8mb4_unicode_ci COMMENT = 'е‘ҠиӯҰжё йҒ“е®ҡд№үиЎЁ'
  ROW_FORMAT = Dynamic;

-- ----------------------------
-- Records of alert_channel_def
-- ----------------------------
INSERT INTO `alert_channel_def`
VALUES (17001, 'FEISHU_RISK_OPS', 'йЈһд№ҰйЈҺжҺ§иҝҗиҗҘзҫӨ', 'FEISHU',
        'https://open.feishu.cn/open-apis/bot/v2/hook/demo-risk-ops', 'feishu_demo_secret', '{
    \"Content-Type\": \"application/json\"
  }', 1, 'иҗҘй”Җж ҮзӯҫгҖҒи®ўеҚ•жӢ’з»қзӯүйЈҺйҷ©дәӢд»¶з»ҹдёҖеҸ‘еҫҖйЈҺжҺ§иҝҗиҗҘзҫӨ', 'admin',
        '2026-03-08 12:20:00', 'admin', '2026-03-08 12:20:00', b'0');
INSERT INTO `alert_channel_def`
VALUES (17002, 'WECOM_FINANCE_REVIEW', 'дјҒдёҡеҫ®дҝЎжҸҗзҺ°е®Ўж ёзҫӨ', 'WECOM',
        'https://qyapi.weixin.qq.com/cgi-bin/webhook/send?key=demo-finance-review', 'wecom_demo_secret', '{
    \"Content-Type\": \"application/json\"
  }', 1, 'жҸҗзҺ°еҫ…е®Ўж ёз»“жһңеҸ‘еҫҖиө„йҮ‘е®Ўж ёзҫӨ', 'admin', '2026-03-08 12:20:00',
        'admin', '2026-03-08 12:20:00', b'0');
INSERT INTO `alert_channel_def`
VALUES (17003, 'WEBHOOK_SRE', 'SRE йҖҡз”Ё Webhook', 'WEBHOOK', 'https://notify.example.com/pulsix/risk', NULL, '{
  \"X-Token\": \"demo-token\",
  \"Content-Type\": \"application/json\"
}', 1, 'жҺҘе…Ҙй”ҷиҜҜдёҺеј•ж“ҺејӮеёёз»ҹдёҖеҸ‘еҫҖ SRE е‘ҠиӯҰзҪ‘е…і',
        'admin', '2026-03-08 12:20:00', 'admin', '2026-03-08 12:20:00', b'0');

-- ----------------------------
-- Table structure for alert_record
-- ----------------------------
DROP TABLE IF EXISTS `alert_record`;
CREATE TABLE `alert_record`
(
    `id`               bigint                                                        NOT NULL AUTO_INCREMENT COMMENT 'дё»й”®',
    `alert_rule_code`  varchar(64) CHARACTER SET utf8mb4 COLLATE utf8mb4_unicode_ci  NOT NULL COMMENT 'е‘ҠиӯҰи§„еҲҷзј–з Ғ',
    `source_type`      varchar(32) CHARACTER SET utf8mb4 COLLATE utf8mb4_unicode_ci  NOT NULL COMMENT 'жқҘжәҗзұ»еһӢ',
    `source_id`        varchar(64) CHARACTER SET utf8mb4 COLLATE utf8mb4_unicode_ci  NULL     DEFAULT NULL COMMENT 'жқҘжәҗи®°еҪ•дё»й”®',
    `trace_id`         varchar(128) CHARACTER SET utf8mb4 COLLATE utf8mb4_unicode_ci NULL     DEFAULT NULL COMMENT 'й“ҫи·ҜиҝҪиёӘеҸ·',
    `event_id`         varchar(128) CHARACTER SET utf8mb4 COLLATE utf8mb4_unicode_ci NULL     DEFAULT NULL COMMENT 'дәӢд»¶зј–еҸ·',
    `scene_code`       varchar(64) CHARACTER SET utf8mb4 COLLATE utf8mb4_unicode_ci  NULL     DEFAULT NULL COMMENT 'еңәжҷҜзј–з Ғ',
    `alert_level`      varchar(32) CHARACTER SET utf8mb4 COLLATE utf8mb4_unicode_ci  NOT NULL COMMENT 'е‘ҠиӯҰзә§еҲ«',
    `channel_code`     varchar(64) CHARACTER SET utf8mb4 COLLATE utf8mb4_unicode_ci  NOT NULL COMMENT 'еҸ‘йҖҒжё йҒ“',
    `template_code`    varchar(64) CHARACTER SET utf8mb4 COLLATE utf8mb4_unicode_ci  NOT NULL COMMENT 'жЁЎжқҝзј–з Ғ',
    `send_status`      varchar(32) CHARACTER SET utf8mb4 COLLATE utf8mb4_unicode_ci  NOT NULL COMMENT 'еҸ‘йҖҒзҠ¶жҖҒ',
    `dedupe_key`       varchar(255) CHARACTER SET utf8mb4 COLLATE utf8mb4_unicode_ci NULL     DEFAULT NULL COMMENT 'еҺ»йҮҚ Key',
    `dedupe_hit_flag`  bit(1)                                                        NOT NULL DEFAULT b'0' COMMENT 'жҳҜеҗҰе‘ҪдёӯеҺ»йҮҚ',
    `silence_hit_flag` bit(1)                                                        NOT NULL DEFAULT b'0' COMMENT 'жҳҜеҗҰе‘Ҫдёӯйқҷй»ҳ',
    `request_payload`  json                                                          NULL COMMENT 'еҸ‘йҖҒиҜ·жұӮ',
    `response_payload` json                                                          NULL COMMENT 'еҸ‘йҖҒе“Қеә”',
    `sent_at`          datetime                                                      NULL     DEFAULT NULL COMMENT 'еҸ‘йҖҒж—¶й—ҙ',
    `remark`           varchar(512) CHARACTER SET utf8mb4 COLLATE utf8mb4_unicode_ci NULL     DEFAULT NULL COMMENT 'еӨҮжіЁ',
    `creator`          varchar(64) CHARACTER SET utf8mb4 COLLATE utf8mb4_unicode_ci  NULL     DEFAULT '' COMMENT 'еҲӣе»әиҖ…',
    `create_time`      datetime                                                      NOT NULL DEFAULT CURRENT_TIMESTAMP COMMENT 'еҲӣе»әж—¶й—ҙ',
    `updater`          varchar(64) CHARACTER SET utf8mb4 COLLATE utf8mb4_unicode_ci  NULL     DEFAULT '' COMMENT 'жӣҙж–°иҖ…',
    `update_time`      datetime                                                      NOT NULL DEFAULT CURRENT_TIMESTAMP ON UPDATE CURRENT_TIMESTAMP COMMENT 'жӣҙж–°ж—¶й—ҙ',
    `deleted`          bit(1)                                                        NOT NULL DEFAULT b'0' COMMENT 'жҳҜеҗҰеҲ йҷӨ',
    PRIMARY KEY (`id`) USING BTREE,
    INDEX `idx_alert_rule_time` (`alert_rule_code` ASC, `sent_at` ASC) USING BTREE,
    INDEX `idx_trace_id` (`trace_id` ASC) USING BTREE,
    INDEX `idx_scene_send_status` (`scene_code` ASC, `send_status` ASC) USING BTREE
) ENGINE = InnoDB
  AUTO_INCREMENT = 20005
  CHARACTER SET = utf8mb4
  COLLATE = utf8mb4_unicode_ci COMMENT = 'е‘ҠиӯҰеҸ‘йҖҒи®°еҪ•иЎЁ'
  ROW_FORMAT = Dynamic;

-- ----------------------------
-- Records of alert_record
-- ----------------------------
INSERT INTO `alert_record`
VALUES (20001, 'ALR_PROMOTION_TAG_ONLY', 'DECISION_RESULT', 'RISK_EVT_20260308_001', 'T_PROMO_0002', 'E_PROMO_0002',
        'PROMOTION_RISK', 'MEDIUM', 'FEISHU_RISK_OPS', 'TPL_PROMOTION_TAG', 'SUCCESS',
        'PROMOTION_RISK:TAG_ONLY:E_PROMO_0002', b'0', b'0', '{
    \"eventId\": \"E_PROMO_0002\",
    \"traceId\": \"T_PROMO_0002\",
    \"hitRules\": [
      \"PROMOTION_R001\"
    ],
    \"finalAction\": \"TAG_ONLY\"
  }',
        '{
          \"msg\": \"ok\",
          \"code\": 0
        }', '2026-03-08 10:12:05', 'иҗҘй”Җ TAG_ONLY е‘ҠиӯҰеҸ‘йҖҒжҲҗеҠҹ', 'system',
        '2026-03-08 10:12:05', 'system', '2026-03-08 10:12:05', b'0');
INSERT INTO `alert_record`
VALUES (20002, 'ALR_WITHDRAW_REVIEW', 'DECISION_RESULT', 'RISK_EVT_20260308_002', 'T_WD_0002', 'E_WD_0002',
        'WITHDRAW_RISK', 'HIGH', 'WECOM_FINANCE_REVIEW', 'TPL_WITHDRAW_REVIEW', 'SUCCESS',
        'WITHDRAW_RISK:REVIEW:E_WD_0002', b'0', b'0', '{
    \"eventId\": \"E_WD_0002\",
    \"traceId\": \"T_WD_0002\",
    \"hitRules\": [
      \"WITHDRAW_R001\"
    ],
    \"finalAction\": \"REVIEW\"
  }',
        '{
          \"errmsg\": \"ok\",
          \"errcode\": 0
        }', '2026-03-08 11:18:05', 'жҸҗзҺ°еҫ…е®Ўж ёе‘ҠиӯҰеҸ‘йҖҒжҲҗеҠҹ', 'system',
        '2026-03-08 11:18:05', 'system', '2026-03-08 11:18:05', b'0');
INSERT INTO `alert_record`
VALUES (20003, 'ALR_ORDER_REJECT', 'DECISION_RESULT', 'RISK_EVT_20260308_003', 'T_ORDER_0002', 'E_ORDER_0002',
        'ORDER_RISK', 'HIGH', 'FEISHU_RISK_OPS', 'TPL_ORDER_REJECT', 'SUCCESS', 'ORDER_RISK:REJECT:E_ORDER_0002', b'0',
        b'0', '{
    \"eventId\": \"E_ORDER_0002\",
    \"traceId\": \"T_ORDER_0002\",
    \"hitRules\": [
      \"ORDER_R001\"
    ],
    \"finalAction\": \"REJECT\"
  }',
        '{
          \"msg\": \"ok\",
          \"code\": 0
        }', '2026-03-08 12:12:05', 'и®ўеҚ•жӢ’з»қе‘ҠиӯҰеҸ‘йҖҒжҲҗеҠҹ', 'system',
        '2026-03-08 12:12:05', 'system', '2026-03-08 12:12:05', b'0');
INSERT INTO `alert_record`
VALUES (20004, 'ALR_ERROR_STREAM', 'ERROR_STREAM', '16004', 'T_ERR_ORDER_0004', 'E_ORDER_ENGINE_0002', 'ORDER_RISK',
        'MEDIUM', 'WEBHOOK_SRE', 'TPL_STREAM_ERROR', 'SKIPPED', 'ERROR_STREAM:ENGINE_EXECUTE:ORDER_CENTER_SDK', b'1',
        b'0', '{
    \"eventId\": \"E_ORDER_ENGINE_0002\",
    \"traceId\": \"T_ERR_ORDER_0004\",
    \"errorStage\": \"ENGINE_EXECUTE\"
  }', '{
    \"reason\": \"duplicated within 600s\"
  }', '2026-03-08 12:16:05', 'е‘ҪдёӯеҺ»йҮҚзӘ—еҸЈпјҢи·іиҝҮйҮҚеӨҚе‘ҠиӯҰ', 'system',
        '2026-03-08 12:16:05', 'system', '2026-03-08 12:16:05', b'0');

-- ----------------------------
-- Table structure for alert_rule_def
-- ----------------------------
DROP TABLE IF EXISTS `alert_rule_def`;
CREATE TABLE `alert_rule_def`
(
    `id`                      bigint                                                        NOT NULL AUTO_INCREMENT COMMENT 'дё»й”®',
    `alert_rule_code`         varchar(64) CHARACTER SET utf8mb4 COLLATE utf8mb4_unicode_ci  NOT NULL COMMENT 'е‘ҠиӯҰи§„еҲҷзј–з Ғ',
    `alert_rule_name`         varchar(128) CHARACTER SET utf8mb4 COLLATE utf8mb4_unicode_ci NOT NULL COMMENT 'е‘ҠиӯҰи§„еҲҷеҗҚз§°',
    `scene_code`              varchar(64) CHARACTER SET utf8mb4 COLLATE utf8mb4_unicode_ci  NULL     DEFAULT NULL COMMENT 'еңәжҷҜзј–з Ғ',
    `source_type`             varchar(32) CHARACTER SET utf8mb4 COLLATE utf8mb4_unicode_ci  NOT NULL COMMENT 'жқҘжәҗзұ»еһӢ',
    `action_filter_json`      json                                                          NULL COMMENT 'еҠЁдҪңиҝҮж»Ө',
    `error_stage_filter_json` json                                                          NULL COMMENT 'й”ҷиҜҜйҳ¶ж®өиҝҮж»Ө',
    `alert_level`             varchar(32) CHARACTER SET utf8mb4 COLLATE utf8mb4_unicode_ci  NOT NULL COMMENT 'е‘ҠиӯҰзә§еҲ«',
    `dedupe_window_seconds`   int                                                           NOT NULL DEFAULT 0 COMMENT 'еҺ»йҮҚзӘ—еҸЈз§’ж•°',
    `rate_limit_json`         json                                                          NULL COMMENT 'йҷҗжөҒй…ҚзҪ®',
    `silence_conf_json`       json                                                          NULL COMMENT 'йқҷй»ҳй…ҚзҪ®',
    `template_code`           varchar(64) CHARACTER SET utf8mb4 COLLATE utf8mb4_unicode_ci  NOT NULL COMMENT 'жЁЎжқҝзј–з Ғ',
    `channel_codes_json`      json                                                          NOT NULL COMMENT 'жё йҒ“еҲ—иЎЁ',
    `status`                  tinyint                                                       NOT NULL DEFAULT 1 COMMENT 'зҠ¶жҖҒ',
    `description`             varchar(512) CHARACTER SET utf8mb4 COLLATE utf8mb4_unicode_ci NULL     DEFAULT NULL COMMENT 'жҸҸиҝ°',
    `creator`                 varchar(64) CHARACTER SET utf8mb4 COLLATE utf8mb4_unicode_ci  NULL     DEFAULT '' COMMENT 'еҲӣе»әиҖ…',
    `create_time`             datetime                                                      NOT NULL DEFAULT CURRENT_TIMESTAMP COMMENT 'еҲӣе»әж—¶й—ҙ',
    `updater`                 varchar(64) CHARACTER SET utf8mb4 COLLATE utf8mb4_unicode_ci  NULL     DEFAULT '' COMMENT 'жӣҙж–°иҖ…',
    `update_time`             datetime                                                      NOT NULL DEFAULT CURRENT_TIMESTAMP ON UPDATE CURRENT_TIMESTAMP COMMENT 'жӣҙж–°ж—¶й—ҙ',
    `deleted`                 bit(1)                                                        NOT NULL DEFAULT b'0' COMMENT 'жҳҜеҗҰеҲ йҷӨ',
    PRIMARY KEY (`id`) USING BTREE,
    UNIQUE INDEX `uk_alert_rule_code` (`alert_rule_code` ASC) USING BTREE,
    INDEX `idx_scene_source_status` (`scene_code` ASC, `source_type` ASC, `status` ASC) USING BTREE
) ENGINE = InnoDB
  AUTO_INCREMENT = 19005
  CHARACTER SET = utf8mb4
  COLLATE = utf8mb4_unicode_ci COMMENT = 'е‘ҠиӯҰи§„еҲҷе®ҡд№үиЎЁ'
  ROW_FORMAT = Dynamic;

-- ----------------------------
-- Records of alert_rule_def
-- ----------------------------
INSERT INTO `alert_rule_def`
VALUES (19001, 'ALR_PROMOTION_TAG_ONLY', 'иҗҘй”ҖйЈҺйҷ©ж Үзӯҫе‘ҠиӯҰ', 'PROMOTION_RISK', 'DECISION_RESULT', '[
  \"TAG_ONLY\"
]', NULL, 'MEDIUM', 300, '{
  \"limit\": 30,
  \"windowSeconds\": 60
}', '{
  \"enabled\": false
}', 'TPL_PROMOTION_TAG', '[
  \"FEISHU_RISK_OPS\"
]', 1, 'иҗҘй”ҖеңәжҷҜ TAG_ONLY з»“жһңи§ҰеҸ‘е‘ҠиӯҰ', 'admin', '2026-03-08 12:22:00', 'admin',
        '2026-03-08 12:22:00', b'0');
INSERT INTO `alert_rule_def`
VALUES (19002, 'ALR_WITHDRAW_REVIEW', 'жҸҗзҺ°еҫ…е®Ўж ёе‘ҠиӯҰ', 'WITHDRAW_RISK', 'DECISION_RESULT', '[
  \"REVIEW\"
]', NULL, 'HIGH', 120, '{
  \"limit\": 10,
  \"windowSeconds\": 60
}', '{
  \"enabled\": false
}', 'TPL_WITHDRAW_REVIEW', '[
  \"WECOM_FINANCE_REVIEW\",
  \"FEISHU_RISK_OPS\"
]', 1, 'жҸҗзҺ°еңәжҷҜ REVIEW з»“жһңи§ҰеҸ‘е‘ҠиӯҰ', 'admin', '2026-03-08 12:22:00',
        'admin', '2026-03-08 12:22:00', b'0');
INSERT INTO `alert_rule_def`
VALUES (19003, 'ALR_ORDER_REJECT', 'и®ўеҚ•жӢ’з»қе‘ҠиӯҰ', 'ORDER_RISK', 'DECISION_RESULT', '[
  \"REJECT\"
]', NULL, 'HIGH', 300, '{
  \"limit\": 20,
  \"windowSeconds\": 60
}', '{
  \"enabled\": false
}', 'TPL_ORDER_REJECT', '[
  \"FEISHU_RISK_OPS\"
]', 1, 'и®ўеҚ•еңәжҷҜ REJECT з»“жһңи§ҰеҸ‘е‘ҠиӯҰ', 'admin', '2026-03-08 12:22:00', 'admin',
        '2026-03-08 12:22:00', b'0');
INSERT INTO `alert_rule_def`
VALUES (19004, 'ALR_ERROR_STREAM', 'й”ҷиҜҜжөҒз»ҹдёҖе‘ҠиӯҰ', NULL, 'ERROR_STREAM', NULL, '[
  \"AUTH\",
  \"STANDARDIZE\",
  \"DLQ\",
  \"ENGINE_EXECUTE\"
]', 'MEDIUM', 600, '{
  \"limit\": 50,
  \"windowSeconds\": 60
}', '{
  \"enabled\": true,
  \"timeRanges\": [
    {
      \"end\": \"06:00\",
      \"start\": \"00:00\"
    }
  ]
}', 'TPL_STREAM_ERROR', '[
  \"WEBHOOK_SRE\",
  \"FEISHU_RISK_OPS\"
]', 1, 'жҺҘе…ҘдёҺеј•ж“ҺејӮеёёз»ҹдёҖе‘ҠиӯҰ', 'admin', '2026-03-08 12:22:00', 'admin',
        '2026-03-08 12:22:00', b'0');

-- ----------------------------
-- Table structure for alert_template_def
-- ----------------------------
DROP TABLE IF EXISTS `alert_template_def`;
CREATE TABLE `alert_template_def`
(
    `id`               bigint                                                        NOT NULL AUTO_INCREMENT COMMENT 'дё»й”®',
    `template_code`    varchar(64) CHARACTER SET utf8mb4 COLLATE utf8mb4_unicode_ci  NOT NULL COMMENT 'жЁЎжқҝзј–з Ғ',
    `template_name`    varchar(128) CHARACTER SET utf8mb4 COLLATE utf8mb4_unicode_ci NOT NULL COMMENT 'жЁЎжқҝеҗҚз§°',
    `source_type`      varchar(32) CHARACTER SET utf8mb4 COLLATE utf8mb4_unicode_ci  NOT NULL COMMENT 'ж•°жҚ®жқҘжәҗ',
    `title_template`   varchar(255) CHARACTER SET utf8mb4 COLLATE utf8mb4_unicode_ci NOT NULL COMMENT 'ж ҮйўҳжЁЎжқҝ',
    `content_template` text CHARACTER SET utf8mb4 COLLATE utf8mb4_unicode_ci         NOT NULL COMMENT 'еҶ…е®№жЁЎжқҝ',
    `format_type`      varchar(32) CHARACTER SET utf8mb4 COLLATE utf8mb4_unicode_ci  NOT NULL DEFAULT 'TEXT' COMMENT 'жЁЎжқҝж јејҸ',
    `status`           tinyint                                                       NOT NULL DEFAULT 1 COMMENT 'зҠ¶жҖҒ',
    `description`      varchar(512) CHARACTER SET utf8mb4 COLLATE utf8mb4_unicode_ci NULL     DEFAULT NULL COMMENT 'жҸҸиҝ°',
    `creator`          varchar(64) CHARACTER SET utf8mb4 COLLATE utf8mb4_unicode_ci  NULL     DEFAULT '' COMMENT 'еҲӣе»әиҖ…',
    `create_time`      datetime                                                      NOT NULL DEFAULT CURRENT_TIMESTAMP COMMENT 'еҲӣе»әж—¶й—ҙ',
    `updater`          varchar(64) CHARACTER SET utf8mb4 COLLATE utf8mb4_unicode_ci  NULL     DEFAULT '' COMMENT 'жӣҙж–°иҖ…',
    `update_time`      datetime                                                      NOT NULL DEFAULT CURRENT_TIMESTAMP ON UPDATE CURRENT_TIMESTAMP COMMENT 'жӣҙж–°ж—¶й—ҙ',
    `deleted`          bit(1)                                                        NOT NULL DEFAULT b'0' COMMENT 'жҳҜеҗҰеҲ йҷӨ',
    PRIMARY KEY (`id`) USING BTREE,
    UNIQUE INDEX `uk_template_code` (`template_code` ASC) USING BTREE
) ENGINE = InnoDB
  AUTO_INCREMENT = 18005
  CHARACTER SET = utf8mb4
  COLLATE = utf8mb4_unicode_ci COMMENT = 'е‘ҠиӯҰжЁЎжқҝе®ҡд№үиЎЁ'
  ROW_FORMAT = Dynamic;

-- ----------------------------
-- Records of alert_template_def
-- ----------------------------
INSERT INTO `alert_template_def`
VALUES (18001, 'TPL_PROMOTION_TAG', 'иҗҘй”ҖйЈҺжҺ§ж Үзӯҫе‘ҠиӯҰжЁЎжқҝ', 'DECISION_RESULT', '[{sceneCode}] TAG_ONLY иҗҘй”ҖйЈҺйҷ©',
        'дәӢд»¶ {eventId} е‘Ҫдёӯи§„еҲҷ {hitRules}пјҢе»әи®®иҗҘй”Җзі»з»ҹиЎҘе……йЈҺйҷ©ж ҮзӯҫпјҢtraceId={traceId}пјҢriskLevel={riskLevel}', 'TEXT',
        1, 'з”ЁдәҺиҗҘй”Җ TAG_ONLY йЈҺйҷ©дәӢд»¶е‘ҠиӯҰ', 'admin', '2026-03-08 12:21:00', 'admin', '2026-03-08 12:21:00', b'0');
INSERT INTO `alert_template_def`
VALUES (18002, 'TPL_WITHDRAW_REVIEW', 'жҸҗзҺ°е®Ўж ёе‘ҠиӯҰжЁЎжқҝ', 'DECISION_RESULT', '[{sceneCode}] жҸҗзҺ°еҫ…е®Ўж ё',
        'дәӢд»¶ {eventId} е‘Ҫдёӯи§„еҲҷ {hitRules}пјҢиҜ·дәәе·Ҙе®Ўж ёеҗҺеҶҚеҶіе®ҡжҳҜеҗҰжү“ж¬ҫпјҢtraceId={traceId}пјҢriskLevel={riskLevel}', 'TEXT',
        1, 'з”ЁдәҺжҸҗзҺ° REVIEW йЈҺйҷ©дәӢд»¶е‘ҠиӯҰ', 'admin', '2026-03-08 12:21:00', 'admin', '2026-03-08 12:21:00', b'0');
INSERT INTO `alert_template_def`
VALUES (18003, 'TPL_ORDER_REJECT', 'и®ўеҚ•жӢ’з»қе‘ҠиӯҰжЁЎжқҝ', 'DECISION_RESULT', '[{sceneCode}] и®ўеҚ•жӢ’з»қ',
        'дәӢд»¶ {eventId} е‘Ҫдёӯи§„еҲҷ {hitRules}пјҢи®ўеҚ•зі»з»ҹйңҖеҸ–ж¶Ҳи®ўеҚ•гҖҒйҮҠж”ҫеә“еӯҳе№¶и§ҰеҸ‘йҖҖж¬ҫпјҢtraceId={traceId}', 'TEXT', 1,
        'з”ЁдәҺи®ўеҚ• REJECT йЈҺйҷ©дәӢд»¶е‘ҠиӯҰ', 'admin', '2026-03-08 12:21:00', 'admin', '2026-03-08 12:21:00', b'0');
INSERT INTO `alert_template_def`
VALUES (18004, 'TPL_STREAM_ERROR', 'й”ҷиҜҜжөҒе‘ҠиӯҰжЁЎжқҝ', 'ERROR_STREAM', '[Pulsix] {errorStage} ејӮеёё',
        'traceId={traceId}пјҢeventId={eventId}пјҢstage={errorStage}пјҢmessage={errorMessage}', 'TEXT', 1,
        'з”ЁдәҺ ingest/dlq/engine error е‘ҠиӯҰ', 'admin', '2026-03-08 12:21:00', 'admin', '2026-03-08 12:21:00', b'0');

-- ----------------------------
-- Table structure for decision_log
-- ----------------------------
DROP TABLE IF EXISTS `decision_log`;
CREATE TABLE `decision_log`
(
    `id`                    bigint                                                        NOT NULL AUTO_INCREMENT COMMENT 'дё»й”®',
    `trace_id`              varchar(128) CHARACTER SET utf8mb4 COLLATE utf8mb4_unicode_ci NOT NULL COMMENT 'й“ҫи·ҜиҝҪиёӘеҸ·',
    `event_id`              varchar(128) CHARACTER SET utf8mb4 COLLATE utf8mb4_unicode_ci NOT NULL COMMENT 'дәӢд»¶зј–еҸ·',
    `scene_code`            varchar(64) CHARACTER SET utf8mb4 COLLATE utf8mb4_unicode_ci  NOT NULL COMMENT 'еңәжҷҜзј–з Ғ',
    `source_code`           varchar(64) CHARACTER SET utf8mb4 COLLATE utf8mb4_unicode_ci  NULL     DEFAULT NULL COMMENT 'жҺҘе…Ҙжәҗзј–з Ғ',
    `entity_id`             varchar(128) CHARACTER SET utf8mb4 COLLATE utf8mb4_unicode_ci NULL     DEFAULT NULL COMMENT 'е®һдҪ“дё»й”®',
    `final_action`          varchar(32) CHARACTER SET utf8mb4 COLLATE utf8mb4_unicode_ci  NOT NULL COMMENT 'жңҖз»ҲеҠЁдҪң',
    `final_score`           int                                                           NULL     DEFAULT NULL COMMENT 'жңҖз»ҲеҲҶеҖј',
    `version_no`            int                                                           NOT NULL COMMENT 'жү§иЎҢзүҲжң¬',
    `latency_ms`            bigint                                                        NULL     DEFAULT NULL COMMENT 'иҖ—ж—¶жҜ«з§’',
    `risk_level`            varchar(32) CHARACTER SET utf8mb4 COLLATE utf8mb4_unicode_ci  NULL     DEFAULT NULL COMMENT 'йЈҺйҷ©зӯүзә§',
    `event_time`            datetime                                                      NOT NULL COMMENT 'дәӢд»¶ж—¶й—ҙ',
    `input_json`            json                                                          NULL COMMENT 'иҫ“е…ҘжҠҘж–Ү',
    `feature_snapshot_json` json                                                          NULL COMMENT 'зү№еҫҒеҝ«з…§',
    `hit_rules_json`        json                                                          NULL COMMENT 'е‘Ҫдёӯи§„еҲҷ',
    `remark`                varchar(512) CHARACTER SET utf8mb4 COLLATE utf8mb4_unicode_ci NULL     DEFAULT NULL COMMENT 'еӨҮжіЁ',
    `creator`               varchar(64) CHARACTER SET utf8mb4 COLLATE utf8mb4_unicode_ci  NULL     DEFAULT '' COMMENT 'еҲӣе»әиҖ…',
    `create_time`           datetime                                                      NOT NULL DEFAULT CURRENT_TIMESTAMP COMMENT 'еҲӣе»әж—¶й—ҙ',
    `updater`               varchar(64) CHARACTER SET utf8mb4 COLLATE utf8mb4_unicode_ci  NULL     DEFAULT '' COMMENT 'жӣҙж–°иҖ…',
    `update_time`           datetime                                                      NOT NULL DEFAULT CURRENT_TIMESTAMP ON UPDATE CURRENT_TIMESTAMP COMMENT 'жӣҙж–°ж—¶й—ҙ',
    `deleted`               bit(1)                                                        NOT NULL DEFAULT b'0' COMMENT 'жҳҜеҗҰеҲ йҷӨ',
    PRIMARY KEY (`id`) USING BTREE,
    UNIQUE INDEX `uk_scene_event_id` (`scene_code` ASC, `event_id` ASC) USING BTREE,
    INDEX `idx_trace_id` (`trace_id` ASC) USING BTREE,
    INDEX `idx_scene_event_time` (`scene_code` ASC, `event_time` ASC) USING BTREE,
    INDEX `idx_action_time` (`final_action` ASC, `event_time` ASC) USING BTREE
) ENGINE = InnoDB
  AUTO_INCREMENT = 11007
  CHARACTER SET = utf8mb4
  COLLATE = utf8mb4_unicode_ci COMMENT = 'еҶізӯ–ж—Ҙеҝ—иЎЁ'
  ROW_FORMAT = Dynamic;

-- ----------------------------
-- Records of decision_log
-- ----------------------------
INSERT INTO `decision_log`
VALUES (11001, 'T_PROMO_0001', 'E_PROMO_0001', 'PROMOTION_RISK', 'PROMOTION_CENTER_HTTP', 'U20001', 'PASS', 0, 1, 8,
        'LOW', '2026-03-08 10:00:00', '{
    \"ip\": \"203.0.113.10\",
    \"bizNo\": \"PROMO_REQ_202603080001\",
    \"userId\": \"U20001\",
    \"eventId\": \"E_PROMO_0001\",
    \"deviceId\": \"DVC_PROMO_001\",
    \"eventType\": \"promotion_grant\",
    \"sceneCode\": \"PROMOTION_RISK\",
    \"activityId\": \"ACT_INVITE_202603\",
    \"grantStatus\": \"ACCEPTED\",
    \"rewardValue\": 30
  }',
        '{
          \"ip_promo_cnt_10m\": 1,
          \"ip_in_proxy_watch_list\": false,
          \"device_promo_user_cnt_1h\": 1
        }', '[]',
        'жӯЈеёёиҗҘй”ҖеҸ—зҗҶж ·дҫӢ', 'system', '2026-03-08 10:00:01', 'system', '2026-03-08 10:00:01', b'0');
INSERT INTO `decision_log`
VALUES (11002, 'T_PROMO_0002', 'E_PROMO_0002', 'PROMOTION_RISK', 'PROMOTION_CENTER_HTTP', 'U20077', 'TAG_ONLY', 45, 1,
        13, 'MEDIUM', '2026-03-08 10:12:00', '{
    \"ip\": \"203.0.113.10\",
    \"bizNo\": \"PROMO_REQ_202603080002\",
    \"userId\": \"U20077\",
    \"eventId\": \"E_PROMO_0002\",
    \"deviceId\": \"DVC_PROMO_CLUSTER_01\",
    \"eventType\": \"promotion_grant\",
    \"sceneCode\": \"PROMOTION_RISK\",
    \"activityId\": \"ACT_INVITE_202603\",
    \"grantStatus\": \"ACCEPTED\",
    \"rewardValue\": 50
  }',
        '{
          \"ip_promo_cnt_10m\": 9,
          \"ip_in_proxy_watch_list\": true,
          \"promo_proxy_burst_flag\": true,
          \"device_promo_user_cnt_1h\": 4
        }',
        '[
          \"PROMOTION_R001\"
        ]', 'д»ЈзҗҶIPй«ҳйў‘иҗҘй”ҖеҸ—зҗҶж ·дҫӢ', 'system', '2026-03-08 10:12:01', 'system',
        '2026-03-08 10:12:01', b'0');
INSERT INTO `decision_log`
VALUES (11003, 'T_WD_0001', 'E_WD_0001', 'WITHDRAW_RISK', 'WITHDRAW_CENTER_HTTP', 'U30001', 'PASS', 0, 2, 10, 'LOW',
        '2026-03-08 11:00:00', '{
    \"ip\": \"198.51.100.21\",
    \"bizNo\": \"WD_REQ_202603080001\",
    \"userId\": \"U30001\",
    \"eventId\": \"E_WD_0001\",
    \"deviceId\": \"DVC_WD_001\",
    \"eventType\": \"withdraw_apply\",
    \"sceneCode\": \"WITHDRAW_RISK\",
    \"withdrawNo\": \"WD202603080001\",
    \"withdrawAmount\": 3500,
    \"withdrawStatus\": \"CREATED\",
    \"withdrawAccountId\": \"WACC_88001\"
  }',
        '{
          \"user_withdraw_cnt_24h\": 1,
          \"withdraw_high_amount_flag\": true,
          \"withdraw_multi_actor_flag\": false,
          \"device_withdraw_user_cnt_24h\": 1
        }',
        '[]', 'еӨ§йўқдҪҶдҪҺйў‘жҸҗзҺ°ж”ҫиЎҢж ·дҫӢ', 'system', '2026-03-08 11:00:01', 'system', '2026-03-08 11:00:01', b'0');
INSERT INTO `decision_log`
VALUES (11004, 'T_WD_0002', 'E_WD_0002', 'WITHDRAW_RISK', 'WITHDRAW_CENTER_HTTP', 'U30088', 'REVIEW', 80, 2, 16, 'HIGH',
        '2026-03-08 11:18:00', '{
    \"ip\": \"198.51.100.23\",
    \"bizNo\": \"WD_REQ_202603080002\",
    \"userId\": \"U30088\",
    \"eventId\": \"E_WD_0002\",
    \"deviceId\": \"DVC_WD_SHARED_01\",
    \"eventType\": \"withdraw_apply\",
    \"sceneCode\": \"WITHDRAW_RISK\",
    \"withdrawNo\": \"WD202603080002\",
    \"withdrawAmount\": 3800,
    \"withdrawStatus\": \"CREATED\",
    \"withdrawAccountId\": \"WACC_99002\"
  }',
        '{
          \"user_withdraw_cnt_24h\": 3,
          \"withdraw_high_amount_flag\": true,
          \"withdraw_multi_actor_flag\": true,
          \"device_withdraw_user_cnt_24h\": 2
        }',
        '[
          \"WITHDRAW_R001\"
        ]', 'еӨ§йўқйҮҚеӨҚжҸҗзҺ°иҪ¬дәәе·Ҙе®Ўж ёж ·дҫӢ', 'system', '2026-03-08 11:18:01', 'system',
        '2026-03-08 11:18:01', b'0');
INSERT INTO `decision_log`
VALUES (11005, 'T_ORDER_0001', 'E_ORDER_0001', 'ORDER_RISK', 'ORDER_CENTER_SDK', 'U40001', 'PASS', 0, 1, 10, 'LOW',
        '2026-03-08 12:00:00', '{
    \"ip\": \"192.0.2.18\",
    \"bizNo\": \"ORD202603080001\",
    \"userId\": \"U40001\",
    \"eventId\": \"E_ORDER_0001\",
    \"orderNo\": \"ORD202603080001\",
    \"deviceId\": \"DVC_ORDER_001\",
    \"eventType\": \"order_paid\",
    \"sceneCode\": \"ORDER_RISK\",
    \"merchantId\": \"MCH_3001\",
    \"orderAmount\": 1299,
    \"orderStatus\": \"PAID\"
  }',
        '{
          \"user_in_white_list\": false,
          \"device_in_blacklist\": false,
          \"order_device_block_flag\": false
        }', '[]',
        'жӯЈеёёи®ўеҚ•ж ·дҫӢ', 'system', '2026-03-08 12:00:01', 'system', '2026-03-08 12:00:01', b'0');
INSERT INTO `decision_log`
VALUES (11006, 'T_ORDER_0002', 'E_ORDER_0002', 'ORDER_RISK', 'ORDER_CENTER_SDK', 'U40099', 'REJECT', 100, 1, 12, 'HIGH',
        '2026-03-08 12:12:00', '{
    \"ip\": \"192.0.2.38\",
    \"bizNo\": \"ORD202603080002\",
    \"userId\": \"U40099\",
    \"eventId\": \"E_ORDER_0002\",
    \"orderNo\": \"ORD202603080002\",
    \"deviceId\": \"DVC_ORDER_BLACK_01\",
    \"eventType\": \"order_paid\",
    \"sceneCode\": \"ORDER_RISK\",
    \"merchantId\": \"MCH_3001\",
    \"orderAmount\": 899,
    \"orderStatus\": \"PAID\"
  }',
        '{
          \"user_in_white_list\": false,
          \"device_in_blacklist\": true,
          \"order_device_block_flag\": true
        }', '[
    \"ORDER_R001\"
  ]', 'й»‘еҗҚеҚ•и®ҫеӨҮж”Ҝд»ҳеҗҺи®ўеҚ•жӢ’з»қж ·дҫӢ', 'system', '2026-03-08 12:12:01', 'system', '2026-03-08 12:12:01',
        b'0');

-- ----------------------------
-- Table structure for entity_type_def
-- ----------------------------
DROP TABLE IF EXISTS `entity_type_def`;
CREATE TABLE `entity_type_def`
(
    `id`             bigint                                                        NOT NULL AUTO_INCREMENT COMMENT 'дё»й”®',
    `entity_type`    varchar(32) CHARACTER SET utf8mb4 COLLATE utf8mb4_unicode_ci  NOT NULL COMMENT 'е®һдҪ“зұ»еһӢ',
    `entity_name`    varchar(64) CHARACTER SET utf8mb4 COLLATE utf8mb4_unicode_ci  NOT NULL COMMENT 'е®һдҪ“еҗҚз§°',
    `key_field_name` varchar(64) CHARACTER SET utf8mb4 COLLATE utf8mb4_unicode_ci  NOT NULL COMMENT 'дё»й”®еӯ—ж®өеҗҚ',
    `sample_value`   varchar(128) CHARACTER SET utf8mb4 COLLATE utf8mb4_unicode_ci NULL     DEFAULT NULL COMMENT 'ж ·дҫӢеҖј',
    `status`         tinyint                                                       NOT NULL DEFAULT 1 COMMENT 'зҠ¶жҖҒ',
    `description`    varchar(512) CHARACTER SET utf8mb4 COLLATE utf8mb4_unicode_ci NULL     DEFAULT NULL COMMENT 'жҸҸиҝ°',
    `creator`        varchar(64) CHARACTER SET utf8mb4 COLLATE utf8mb4_unicode_ci  NULL     DEFAULT '' COMMENT 'еҲӣе»әиҖ…',
    `create_time`    datetime                                                      NOT NULL DEFAULT CURRENT_TIMESTAMP COMMENT 'еҲӣе»әж—¶й—ҙ',
    `updater`        varchar(64) CHARACTER SET utf8mb4 COLLATE utf8mb4_unicode_ci  NULL     DEFAULT '' COMMENT 'жӣҙж–°иҖ…',
    `update_time`    datetime                                                      NOT NULL DEFAULT CURRENT_TIMESTAMP ON UPDATE CURRENT_TIMESTAMP COMMENT 'жӣҙж–°ж—¶й—ҙ',
    `deleted`        bit(1)                                                        NOT NULL DEFAULT b'0' COMMENT 'жҳҜеҗҰеҲ йҷӨ',
    PRIMARY KEY (`id`) USING BTREE,
    UNIQUE INDEX `uk_entity_type` (`entity_type` ASC) USING BTREE
) ENGINE = InnoDB
  AUTO_INCREMENT = 7
  CHARACTER SET = utf8mb4
  COLLATE = utf8mb4_unicode_ci COMMENT = 'е®һдҪ“зұ»еһӢе®ҡд№үиЎЁ'
  ROW_FORMAT = Dynamic;

-- ----------------------------
-- Records of entity_type_def
-- ----------------------------
INSERT INTO `entity_type_def`
VALUES (1, 'USER', 'з”ЁжҲ·', 'userId', 'U20001', 1, 'з”ЁжҲ·з»ҙеәҰпјҢйҖӮз”ЁдәҺиҗҘй”ҖгҖҒжҸҗзҺ°гҖҒи®ўеҚ•дёүзұ»еңәжҷҜ', 'admin',
        '2026-03-08 09:32:00', 'admin', '2026-03-08 09:32:00', b'0');
INSERT INTO `entity_type_def`
VALUES (2, 'DEVICE', 'и®ҫеӨҮ', 'deviceId', 'DVC_PROMO_001', 1, 'и®ҫеӨҮз»ҙеәҰпјҢйҖӮз”ЁдәҺи®ҫеӨҮй»‘еҗҚеҚ•гҖҒе…ұз”Ёи®ҫеӨҮиҜҶеҲ«', 'admin',
        '2026-03-08 09:32:00', 'admin', '2026-03-08 09:32:00', b'0');
INSERT INTO `entity_type_def`
VALUES (3, 'IP', 'IP ең°еқҖ', 'ip', '203.0.113.10', 1, 'IP з»ҙеәҰпјҢйҖӮз”ЁдәҺд»ЈзҗҶ IP дёҺй«ҳйў‘жҙ»еҠЁиҜҶеҲ«', 'admin',
        '2026-03-08 09:32:00', 'admin', '2026-03-08 09:32:00', b'0');
INSERT INTO `entity_type_def`
VALUES (4, 'ACTIVITY', 'иҗҘй”Җжҙ»еҠЁ', 'activityId', 'ACT_INVITE_202603', 1, 'иҗҘй”Җжҙ»еҠЁз»ҙеәҰпјҢйҖӮз”ЁдәҺжҙ»еҠЁеҘ—еҲ©еҲҶжһҗ', 'admin',
        '2026-03-08 09:32:00', 'admin', '2026-03-08 09:32:00', b'0');
INSERT INTO `entity_type_def`
VALUES (5, 'WITHDRAW_ACCOUNT', 'жҸҗзҺ°иҙҰжҲ·', 'withdrawAccountId', 'WACC_88001', 1, 'жҸҗзҺ°иҙҰжҲ·з»ҙеәҰпјҢйҖӮз”ЁдәҺиҙҰжҲ·е…іиҒ”еҲҶжһҗ',
        'admin', '2026-03-08 09:32:00', 'admin', '2026-03-08 09:32:00', b'0');
INSERT INTO `entity_type_def`
VALUES (6, 'ORDER', 'и®ўеҚ•', 'orderNo', 'ORD202603080001', 1, 'и®ўеҚ•з»ҙеәҰпјҢйҖӮз”ЁдәҺи®ўеҚ•еҗҺзҪ®йЈҺжҺ§иҝҪиёӘ', 'admin',
        '2026-03-08 09:32:00', 'admin', '2026-03-08 09:32:00', b'0');

-- ----------------------------
-- Table structure for event_field_def
-- ----------------------------
DROP TABLE IF EXISTS `event_field_def`;
CREATE TABLE `event_field_def`
(
    `id`            bigint                                                        NOT NULL AUTO_INCREMENT COMMENT 'дё»й”®',
    `event_code`    varchar(64) CHARACTER SET utf8mb4 COLLATE utf8mb4_unicode_ci  NOT NULL COMMENT 'дәӢд»¶зј–з Ғ',
    `field_name`    varchar(64) CHARACTER SET utf8mb4 COLLATE utf8mb4_unicode_ci  NOT NULL COMMENT 'еӯ—ж®өеҗҚ',
    `field_label`   varchar(128) CHARACTER SET utf8mb4 COLLATE utf8mb4_unicode_ci NULL     DEFAULT NULL COMMENT 'еӯ—ж®өжҳҫзӨәеҗҚ',
    `field_type`    varchar(32) CHARACTER SET utf8mb4 COLLATE utf8mb4_unicode_ci  NOT NULL COMMENT 'еӯ—ж®өзұ»еһӢ',
    `required_flag` tinyint                                                       NOT NULL DEFAULT 0 COMMENT 'жҳҜеҗҰеҝ…еЎ«',
    `default_value` varchar(256) CHARACTER SET utf8mb4 COLLATE utf8mb4_unicode_ci NULL     DEFAULT NULL COMMENT 'й»ҳи®ӨеҖј',
    `sample_value`  varchar(512) CHARACTER SET utf8mb4 COLLATE utf8mb4_unicode_ci NULL     DEFAULT NULL COMMENT 'ж ·дҫӢеҖј',
    `description`   varchar(512) CHARACTER SET utf8mb4 COLLATE utf8mb4_unicode_ci NULL     DEFAULT NULL COMMENT 'жҸҸиҝ°',
    `sort_no`       int                                                           NOT NULL DEFAULT 0 COMMENT 'жҺ’еәҸ',
    `ext_json`      json                                                          NULL COMMENT 'жү©еұ•й…ҚзҪ®',
    `creator`       varchar(64) CHARACTER SET utf8mb4 COLLATE utf8mb4_unicode_ci  NULL     DEFAULT '' COMMENT 'еҲӣе»әиҖ…',
    `create_time`   datetime                                                      NOT NULL DEFAULT CURRENT_TIMESTAMP COMMENT 'еҲӣе»әж—¶й—ҙ',
    `updater`       varchar(64) CHARACTER SET utf8mb4 COLLATE utf8mb4_unicode_ci  NULL     DEFAULT '' COMMENT 'жӣҙж–°иҖ…',
    `update_time`   datetime                                                      NOT NULL DEFAULT CURRENT_TIMESTAMP ON UPDATE CURRENT_TIMESTAMP COMMENT 'жӣҙж–°ж—¶й—ҙ',
    `deleted`       bit(1)                                                        NOT NULL DEFAULT b'0' COMMENT 'жҳҜеҗҰеҲ йҷӨ',
    PRIMARY KEY (`id`) USING BTREE,
    UNIQUE INDEX `uk_event_field` (`event_code` ASC, `field_name` ASC) USING BTREE,
    INDEX `idx_event_sort` (`event_code` ASC, `sort_no` ASC) USING BTREE
) ENGINE = InnoDB
  AUTO_INCREMENT = 319
  CHARACTER SET = utf8mb4
  COLLATE = utf8mb4_unicode_ci COMMENT = 'дәӢд»¶еӯ—ж®өе®ҡд№үиЎЁ'
  ROW_FORMAT = Dynamic;

-- ----------------------------
-- Records of event_field_def
-- ----------------------------
INSERT INTO `event_field_def`
VALUES (101, 'PROMOTION_EVENT', 'eventId', 'дәӢд»¶ID', 'STRING', 1, NULL, 'E_PROMO_0001', 'дәӢд»¶е”ҜдёҖж ҮиҜҶ', 1, NULL,
        'admin', '2026-03-08 10:01:00', 'admin', '2026-03-08 10:01:00', b'0');
INSERT INTO `event_field_def`
VALUES (102, 'PROMOTION_EVENT', 'traceId', 'й“ҫи·ҜID', 'STRING', 1, NULL, 'T_PROMO_0001', 'е…Ёй“ҫи·ҜиҝҪиёӘеҸ·', 2, NULL,
        'admin', '2026-03-08 10:01:00', 'admin', '2026-03-08 10:01:00', b'0');
INSERT INTO `event_field_def`
VALUES (103, 'PROMOTION_EVENT', 'sceneCode', 'еңәжҷҜзј–з Ғ', 'STRING', 1, 'PROMOTION_RISK', 'PROMOTION_RISK', 'еңәжҷҜзј–з Ғ', 3,
        NULL, 'admin', '2026-03-08 10:01:00', 'admin', '2026-03-08 10:01:00', b'0');
INSERT INTO `event_field_def`
VALUES (104, 'PROMOTION_EVENT', 'eventType', 'дәӢд»¶зұ»еһӢ', 'STRING', 1, 'promotion_grant', 'promotion_grant', 'дәӢд»¶зұ»еһӢ',
        4, NULL, 'admin', '2026-03-08 10:01:00', 'admin', '2026-03-08 10:01:00', b'0');
INSERT INTO `event_field_def`
VALUES (105, 'PROMOTION_EVENT', 'eventTime', 'дәӢд»¶ж—¶й—ҙ', 'DATETIME', 1, NULL, '2026-03-08T10:00:00', 'дәӢд»¶еҸ‘з”ҹж—¶й—ҙ', 5,
        NULL, 'admin', '2026-03-08 10:01:00', 'admin', '2026-03-08 10:01:00', b'0');
INSERT INTO `event_field_def`
VALUES (106, 'PROMOTION_EVENT', 'userId', 'з”ЁжҲ·ID', 'STRING', 1, NULL, 'U20001', 'з”ЁжҲ·дё»й”®', 6, NULL, 'admin',
        '2026-03-08 10:01:00', 'admin', '2026-03-08 10:01:00', b'0');
INSERT INTO `event_field_def`
VALUES (107, 'PROMOTION_EVENT', 'deviceId', 'и®ҫеӨҮID', 'STRING', 1, NULL, 'DVC_PROMO_001', 'и®ҫеӨҮдё»й”®', 7, NULL, 'admin',
        '2026-03-08 10:01:00', 'admin', '2026-03-08 10:01:00', b'0');
INSERT INTO `event_field_def`
VALUES (108, 'PROMOTION_EVENT', 'ip', 'IP', 'STRING', 1, NULL, '203.0.113.10', 'е®ўжҲ·з«Ҝ IP', 8, NULL, 'admin',
        '2026-03-08 10:01:00', 'admin', '2026-03-08 10:01:00', b'0');
INSERT INTO `event_field_def`
VALUES (109, 'PROMOTION_EVENT', 'channel', 'жё йҒ“', 'STRING', 1, 'APP', 'APP', 'иҜ·жұӮжё йҒ“', 9, NULL, 'admin',
        '2026-03-08 10:01:00', 'admin', '2026-03-08 10:01:00', b'0');
INSERT INTO `event_field_def`
VALUES (110, 'PROMOTION_EVENT', 'bizNo', 'дёҡеҠЎиҜ·жұӮеҸ·', 'STRING', 1, NULL, 'PROMO_REQ_202603080001', 'иҗҘй”ҖдёҡеҠЎиҜ·жұӮеҸ·',
        10, NULL, 'admin', '2026-03-08 10:01:00', 'admin', '2026-03-08 10:01:00', b'0');
INSERT INTO `event_field_def`
VALUES (111, 'PROMOTION_EVENT', 'activityId', 'жҙ»еҠЁID', 'STRING', 1, NULL, 'ACT_INVITE_202603', 'иҗҘй”Җжҙ»еҠЁзј–еҸ·', 11,
        NULL, 'admin', '2026-03-08 10:01:00', 'admin', '2026-03-08 10:01:00', b'0');
INSERT INTO `event_field_def`
VALUES (112, 'PROMOTION_EVENT', 'promotionType', 'иҗҘй”Җзұ»еһӢ', 'STRING', 1, NULL, 'INVITE_REWARD', 'иҗҘй”ҖеҸ—зҗҶзұ»еһӢ', 12,
        NULL, 'admin', '2026-03-08 10:01:00', 'admin', '2026-03-08 10:01:00', b'0');
INSERT INTO `event_field_def`
VALUES (113, 'PROMOTION_EVENT', 'rewardType', 'еҘ–еҠұзұ»еһӢ', 'STRING', 1, NULL, 'COUPON', 'еҘ–еҠұд»ӢиҙЁзұ»еһӢ', 13, NULL,
        'admin', '2026-03-08 10:01:00', 'admin', '2026-03-08 10:01:00', b'0');
INSERT INTO `event_field_def`
VALUES (114, 'PROMOTION_EVENT', 'rewardValue', 'еҘ–еҠұйқўйўқ', 'DECIMAL', 1, NULL, '30', 'жң¬ж¬ЎеҸ‘ж”ҫеҘ–еҠұйқўйўқ', 14, NULL,
        'admin', '2026-03-08 10:01:00', 'admin', '2026-03-08 10:01:00', b'0');
INSERT INTO `event_field_def`
VALUES (115, 'PROMOTION_EVENT', 'grantStatus', 'еҸ—зҗҶзҠ¶жҖҒ', 'STRING', 1, NULL, 'ACCEPTED', 'иҗҘй”ҖеҠЁдҪңеҸ—зҗҶзҠ¶жҖҒ', 15, NULL,
        'admin', '2026-03-08 10:01:00', 'admin', '2026-03-08 10:01:00', b'0');
INSERT INTO `event_field_def`
VALUES (116, 'PROMOTION_EVENT', 'ext', 'жү©еұ•еӯ—ж®ө', 'JSON', 0, NULL,
        '{\"inviteUserId\":\"U18888\",\"campaignCode\":\"SPRING_GROWTH\"}', 'жү©еұ•дҝЎжҒҜ', 16, NULL, 'admin',
        '2026-03-08 10:01:00', 'admin', '2026-03-08 10:01:00', b'0');
INSERT INTO `event_field_def`
VALUES (201, 'WITHDRAW_EVENT', 'eventId', 'дәӢд»¶ID', 'STRING', 1, NULL, 'E_WD_0001', 'дәӢд»¶е”ҜдёҖж ҮиҜҶ', 1, NULL, 'admin',
        '2026-03-08 11:01:00', 'admin', '2026-03-08 11:01:00', b'0');
INSERT INTO `event_field_def`
VALUES (202, 'WITHDRAW_EVENT', 'traceId', 'й“ҫи·ҜID', 'STRING', 1, NULL, 'T_WD_0001', 'е…Ёй“ҫи·ҜиҝҪиёӘеҸ·', 2, NULL, 'admin',
        '2026-03-08 11:01:00', 'admin', '2026-03-08 11:01:00', b'0');
INSERT INTO `event_field_def`
VALUES (203, 'WITHDRAW_EVENT', 'sceneCode', 'еңәжҷҜзј–з Ғ', 'STRING', 1, 'WITHDRAW_RISK', 'WITHDRAW_RISK', 'еңәжҷҜзј–з Ғ', 3,
        NULL, 'admin', '2026-03-08 11:01:00', 'admin', '2026-03-08 11:01:00', b'0');
INSERT INTO `event_field_def`
VALUES (204, 'WITHDRAW_EVENT', 'eventType', 'дәӢд»¶зұ»еһӢ', 'STRING', 1, 'withdraw_apply', 'withdraw_apply', 'дәӢд»¶зұ»еһӢ', 4,
        NULL, 'admin', '2026-03-08 11:01:00', 'admin', '2026-03-08 11:01:00', b'0');
INSERT INTO `event_field_def`
VALUES (205, 'WITHDRAW_EVENT', 'eventTime', 'дәӢд»¶ж—¶й—ҙ', 'DATETIME', 1, NULL, '2026-03-08T11:00:00', 'дәӢд»¶еҸ‘з”ҹж—¶й—ҙ', 5,
        NULL, 'admin', '2026-03-08 11:01:00', 'admin', '2026-03-08 11:01:00', b'0');
INSERT INTO `event_field_def`
VALUES (206, 'WITHDRAW_EVENT', 'userId', 'з”ЁжҲ·ID', 'STRING', 1, NULL, 'U30001', 'з”ЁжҲ·дё»й”®', 6, NULL, 'admin',
        '2026-03-08 11:01:00', 'admin', '2026-03-08 11:01:00', b'0');
INSERT INTO `event_field_def`
VALUES (207, 'WITHDRAW_EVENT', 'deviceId', 'и®ҫеӨҮID', 'STRING', 1, NULL, 'DVC_WD_001', 'и®ҫеӨҮдё»й”®', 7, NULL, 'admin',
        '2026-03-08 11:01:00', 'admin', '2026-03-08 11:01:00', b'0');
INSERT INTO `event_field_def`
VALUES (208, 'WITHDRAW_EVENT', 'ip', 'IP', 'STRING', 1, NULL, '198.51.100.21', 'е®ўжҲ·з«Ҝ IP', 8, NULL, 'admin',
        '2026-03-08 11:01:00', 'admin', '2026-03-08 11:01:00', b'0');
INSERT INTO `event_field_def`
VALUES (209, 'WITHDRAW_EVENT', 'channel', 'жё йҒ“', 'STRING', 1, 'APP', 'APP', 'иҜ·жұӮжё йҒ“', 9, NULL, 'admin',
        '2026-03-08 11:01:00', 'admin', '2026-03-08 11:01:00', b'0');
INSERT INTO `event_field_def`
VALUES (210, 'WITHDRAW_EVENT', 'bizNo', 'дёҡеҠЎиҜ·жұӮеҸ·', 'STRING', 1, NULL, 'WD_REQ_202603080001', 'жҸҗзҺ°дёҡеҠЎиҜ·жұӮеҸ·', 10,
        NULL, 'admin', '2026-03-08 11:01:00', 'admin', '2026-03-08 11:01:00', b'0');
INSERT INTO `event_field_def`
VALUES (211, 'WITHDRAW_EVENT', 'withdrawNo', 'жҸҗзҺ°еҚ•еҸ·', 'STRING', 1, NULL, 'WD202603080001', 'жҸҗзҺ°з”іиҜ·еҚ•еҸ·', 11, NULL,
        'admin', '2026-03-08 11:01:00', 'admin', '2026-03-08 11:01:00', b'0');
INSERT INTO `event_field_def`
VALUES (212, 'WITHDRAW_EVENT', 'withdrawAmount', 'жҸҗзҺ°йҮ‘йўқ', 'DECIMAL', 1, NULL, '3500', 'жң¬ж¬ЎжҸҗзҺ°йҮ‘йўқ', 12, NULL,
        'admin', '2026-03-08 11:01:00', 'admin', '2026-03-08 11:01:00', b'0');
INSERT INTO `event_field_def`
VALUES (213, 'WITHDRAW_EVENT', 'currency', 'еёҒз§Қ', 'STRING', 1, 'CNY', 'CNY', 'еёҒз§Қ', 13, NULL, 'admin',
        '2026-03-08 11:01:00', 'admin', '2026-03-08 11:01:00', b'0');
INSERT INTO `event_field_def`
VALUES (214, 'WITHDRAW_EVENT', 'withdrawAccountId', 'жҸҗзҺ°иҙҰжҲ·ID', 'STRING', 1, NULL, 'WACC_88001', 'жҸҗзҺ°иҙҰжҲ·дё»й”®', 14,
        NULL, 'admin', '2026-03-08 11:01:00', 'admin', '2026-03-08 11:01:00', b'0');
INSERT INTO `event_field_def`
VALUES (215, 'WITHDRAW_EVENT', 'accountType', 'иҙҰжҲ·зұ»еһӢ', 'STRING', 1, NULL, 'BANK_CARD', 'жҸҗзҺ°иҙҰжҲ·зұ»еһӢ', 15, NULL,
        'admin', '2026-03-08 11:01:00', 'admin', '2026-03-08 11:01:00', b'0');
INSERT INTO `event_field_def`
VALUES (216, 'WITHDRAW_EVENT', 'bankCode', 'й“¶иЎҢзј–з Ғ', 'STRING', 1, NULL, 'ICBC', 'ж”¶ж¬ҫй“¶иЎҢзј–з Ғ', 16, NULL, 'admin',
        '2026-03-08 11:01:00', 'admin', '2026-03-08 11:01:00', b'0');
INSERT INTO `event_field_def`
VALUES (217, 'WITHDRAW_EVENT', 'withdrawStatus', 'жҸҗзҺ°зҠ¶жҖҒ', 'STRING', 1, NULL, 'CREATED', 'жҸҗзҺ°з”іиҜ·еҪ“еүҚзҠ¶жҖҒ', 17, NULL,
        'admin', '2026-03-08 11:01:00', 'admin', '2026-03-08 11:01:00', b'0');
INSERT INTO `event_field_def`
VALUES (218, 'WITHDRAW_EVENT', 'ext', 'жү©еұ•еӯ—ж®ө', 'JSON', 0, NULL, '{\"city\":\"Hangzhou\",\"bankCardTail\":\"1024\"}',
        'жү©еұ•дҝЎжҒҜ', 18, NULL, 'admin', '2026-03-08 11:01:00', 'admin', '2026-03-08 11:01:00', b'0');
INSERT INTO `event_field_def`
VALUES (301, 'ORDER_EVENT', 'eventId', 'дәӢд»¶ID', 'STRING', 1, NULL, 'E_ORDER_0001', 'дәӢд»¶е”ҜдёҖж ҮиҜҶ', 1, NULL, 'admin',
        '2026-03-08 12:01:00', 'admin', '2026-03-08 12:01:00', b'0');
INSERT INTO `event_field_def`
VALUES (302, 'ORDER_EVENT', 'traceId', 'й“ҫи·ҜID', 'STRING', 1, NULL, 'T_ORDER_0001', 'е…Ёй“ҫи·ҜиҝҪиёӘеҸ·', 2, NULL, 'admin',
        '2026-03-08 12:01:00', 'admin', '2026-03-08 12:01:00', b'0');
INSERT INTO `event_field_def`
VALUES (303, 'ORDER_EVENT', 'sceneCode', 'еңәжҷҜзј–з Ғ', 'STRING', 1, 'ORDER_RISK', 'ORDER_RISK', 'еңәжҷҜзј–з Ғ', 3, NULL,
        'admin', '2026-03-08 12:01:00', 'admin', '2026-03-08 12:01:00', b'0');
INSERT INTO `event_field_def`
VALUES (304, 'ORDER_EVENT', 'eventType', 'дәӢд»¶зұ»еһӢ', 'STRING', 1, 'order_paid', 'order_paid', 'дәӢд»¶зұ»еһӢ', 4, NULL,
        'admin', '2026-03-08 12:01:00', 'admin', '2026-03-08 12:01:00', b'0');
INSERT INTO `event_field_def`
VALUES (305, 'ORDER_EVENT', 'eventTime', 'дәӢд»¶ж—¶й—ҙ', 'DATETIME', 1, NULL, '2026-03-08T12:00:00', 'дәӢд»¶еҸ‘з”ҹж—¶й—ҙ', 5,
        NULL, 'admin', '2026-03-08 12:01:00', 'admin', '2026-03-08 12:01:00', b'0');
INSERT INTO `event_field_def`
VALUES (306, 'ORDER_EVENT', 'userId', 'з”ЁжҲ·ID', 'STRING', 1, NULL, 'U40001', 'з”ЁжҲ·дё»й”®', 6, NULL, 'admin',
        '2026-03-08 12:01:00', 'admin', '2026-03-08 12:01:00', b'0');
INSERT INTO `event_field_def`
VALUES (307, 'ORDER_EVENT', 'deviceId', 'и®ҫеӨҮID', 'STRING', 1, NULL, 'DVC_ORDER_001', 'и®ҫеӨҮдё»й”®', 7, NULL, 'admin',
        '2026-03-08 12:01:00', 'admin', '2026-03-08 12:01:00', b'0');
INSERT INTO `event_field_def`
VALUES (308, 'ORDER_EVENT', 'ip', 'IP', 'STRING', 1, NULL, '192.0.2.18', 'е®ўжҲ·з«Ҝ IP', 8, NULL, 'admin',
        '2026-03-08 12:01:00', 'admin', '2026-03-08 12:01:00', b'0');
INSERT INTO `event_field_def`
VALUES (309, 'ORDER_EVENT', 'channel', 'жё йҒ“', 'STRING', 1, 'APP', 'APP', 'иҜ·жұӮжё йҒ“', 9, NULL, 'admin',
        '2026-03-08 12:01:00', 'admin', '2026-03-08 12:01:00', b'0');
INSERT INTO `event_field_def`
VALUES (310, 'ORDER_EVENT', 'bizNo', 'дёҡеҠЎиҜ·жұӮеҸ·', 'STRING', 1, NULL, 'ORD202603080001', 'и®ўеҚ•дёҡеҠЎеҸ·', 10, NULL,
        'admin', '2026-03-08 12:01:00', 'admin', '2026-03-08 12:01:00', b'0');
INSERT INTO `event_field_def`
VALUES (311, 'ORDER_EVENT', 'orderNo', 'и®ўеҚ•еҸ·', 'STRING', 1, NULL, 'ORD202603080001', 'и®ўеҚ•дё»й”®', 11, NULL, 'admin',
        '2026-03-08 12:01:00', 'admin', '2026-03-08 12:01:00', b'0');
INSERT INTO `event_field_def`
VALUES (312, 'ORDER_EVENT', 'orderAmount', 'и®ўеҚ•йҮ‘йўқ', 'DECIMAL', 1, NULL, '1299', 'и®ўеҚ•еә”д»ҳйҮ‘йўқ', 12, NULL, 'admin',
        '2026-03-08 12:01:00', 'admin', '2026-03-08 12:01:00', b'0');
INSERT INTO `event_field_def`
VALUES (313, 'ORDER_EVENT', 'payAmount', 'е®һд»ҳйҮ‘йўқ', 'DECIMAL', 1, NULL, '1299', 'и®ўеҚ•е®һд»ҳйҮ‘йўқ', 13, NULL, 'admin',
        '2026-03-08 12:01:00', 'admin', '2026-03-08 12:01:00', b'0');
INSERT INTO `event_field_def`
VALUES (314, 'ORDER_EVENT', 'currency', 'еёҒз§Қ', 'STRING', 1, 'CNY', 'CNY', 'еёҒз§Қ', 14, NULL, 'admin',
        '2026-03-08 12:01:00', 'admin', '2026-03-08 12:01:00', b'0');
INSERT INTO `event_field_def`
VALUES (315, 'ORDER_EVENT', 'merchantId', 'е•ҶжҲ·ID', 'STRING', 1, NULL, 'MCH_3001', 'е•ҶжҲ·зј–еҸ·', 15, NULL, 'admin',
        '2026-03-08 12:01:00', 'admin', '2026-03-08 12:01:00', b'0');
INSERT INTO `event_field_def`
VALUES (316, 'ORDER_EVENT', 'fulfillmentType', 'еұҘзәҰж–№ејҸ', 'STRING', 1, NULL, 'EXPRESS', 'еұҘзәҰж–№ејҸ', 16, NULL, 'admin',
        '2026-03-08 12:01:00', 'admin', '2026-03-08 12:01:00', b'0');
INSERT INTO `event_field_def`
VALUES (317, 'ORDER_EVENT', 'orderStatus', 'и®ўеҚ•зҠ¶жҖҒ', 'STRING', 1, NULL, 'PAID', 'и®ўеҚ•еҪ“еүҚзҠ¶жҖҒ', 17, NULL, 'admin',
        '2026-03-08 12:01:00', 'admin', '2026-03-08 12:01:00', b'0');
INSERT INTO `event_field_def`
VALUES (318, 'ORDER_EVENT', 'ext', 'жү©еұ•еӯ—ж®ө', 'JSON', 0, NULL, '{\"skuCount\":2,\"receiverCity\":\"Shanghai\"}',
        'жү©еұ•дҝЎжҒҜ', 18, NULL, 'admin', '2026-03-08 12:01:00', 'admin', '2026-03-08 12:01:00', b'0');

-- ----------------------------
-- Table structure for event_schema
-- ----------------------------
DROP TABLE IF EXISTS `event_schema`;
CREATE TABLE `event_schema`
(
    `id`                bigint                                                        NOT NULL AUTO_INCREMENT COMMENT 'дё»й”®',
    `scene_code`        varchar(64) CHARACTER SET utf8mb4 COLLATE utf8mb4_unicode_ci  NOT NULL COMMENT 'еңәжҷҜзј–з Ғ',
    `event_code`        varchar(64) CHARACTER SET utf8mb4 COLLATE utf8mb4_unicode_ci  NOT NULL COMMENT 'дәӢд»¶зј–з Ғ',
    `event_name`        varchar(128) CHARACTER SET utf8mb4 COLLATE utf8mb4_unicode_ci NOT NULL COMMENT 'дәӢд»¶еҗҚз§°',
    `event_type`        varchar(64) CHARACTER SET utf8mb4 COLLATE utf8mb4_unicode_ci  NOT NULL COMMENT 'дәӢд»¶зұ»еһӢ',
    `sample_event_json` json                                                          NULL COMMENT 'ж ·дҫӢдәӢд»¶',
    `version`           int                                                           NOT NULL DEFAULT 1 COMMENT 'зүҲжң¬',
    `status`            tinyint                                                       NOT NULL DEFAULT 1 COMMENT 'зҠ¶жҖҒ',
    `description`       varchar(512) CHARACTER SET utf8mb4 COLLATE utf8mb4_unicode_ci NULL     DEFAULT NULL COMMENT 'жҸҸиҝ°',
    `creator`           varchar(64) CHARACTER SET utf8mb4 COLLATE utf8mb4_unicode_ci  NULL     DEFAULT '' COMMENT 'еҲӣе»әиҖ…',
    `create_time`       datetime                                                      NOT NULL DEFAULT CURRENT_TIMESTAMP COMMENT 'еҲӣе»әж—¶й—ҙ',
    `updater`           varchar(64) CHARACTER SET utf8mb4 COLLATE utf8mb4_unicode_ci  NULL     DEFAULT '' COMMENT 'жӣҙж–°иҖ…',
    `update_time`       datetime                                                      NOT NULL DEFAULT CURRENT_TIMESTAMP ON UPDATE CURRENT_TIMESTAMP COMMENT 'жӣҙж–°ж—¶й—ҙ',
    `deleted`           bit(1)                                                        NOT NULL DEFAULT b'0' COMMENT 'жҳҜеҗҰеҲ йҷӨ',
    PRIMARY KEY (`id`) USING BTREE,
    UNIQUE INDEX `uk_scene_event` (`scene_code` ASC, `event_code` ASC) USING BTREE,
    INDEX `idx_scene_status` (`scene_code` ASC, `status` ASC) USING BTREE
) ENGINE = InnoDB
  AUTO_INCREMENT = 4
  CHARACTER SET = utf8mb4
  COLLATE = utf8mb4_unicode_ci COMMENT = 'дәӢд»¶жЁЎеһӢе®ҡд№үиЎЁ'
  ROW_FORMAT = Dynamic;

-- ----------------------------
-- Records of event_schema
-- ----------------------------
INSERT INTO `event_schema`
VALUES (1, 'PROMOTION_RISK', 'PROMOTION_EVENT', 'иҗҘй”ҖеҸ—зҗҶдәӢд»¶', 'promotion_grant', '{
  \"ip\": \"203.0.113.10\",
  \"ext\": {
    \"campaignCode\": \"SPRING_GROWTH\",
    \"inviteUserId\": \"U18888\"
  },
  \"bizNo\": \"PROMO_REQ_202603080001\",
  \"userId\": \"U20001\",
  \"channel\": \"APP\",
  \"eventId\": \"E_PROMO_0001\",
  \"traceId\": \"T_PROMO_0001\",
  \"deviceId\": \"DVC_PROMO_001\",
  \"eventTime\": \"2026-03-08T10:00:00\",
  \"eventType\": \"promotion_grant\",
  \"sceneCode\": \"PROMOTION_RISK\",
  \"activityId\": \"ACT_INVITE_202603\",
  \"rewardType\": \"COUPON\",
  \"grantStatus\": \"ACCEPTED\",
  \"rewardValue\": 30,
  \"promotionType\": \"INVITE_REWARD\"
}',
        1, 1, 'иҗҘй”ҖеҸ—зҗҶж ҮеҮҶдәӢд»¶жЁЎеһӢ', 'admin', '2026-03-08 10:00:00', 'admin', '2026-03-08 10:00:00', b'0');
INSERT INTO `event_schema`
VALUES (2, 'WITHDRAW_RISK', 'WITHDRAW_EVENT', 'жҸҗзҺ°з”іиҜ·дәӢд»¶', 'withdraw_apply', '{
  \"ip\": \"198.51.100.21\",
  \"ext\": {
    \"city\": \"Hangzhou\",
    \"bankCardTail\": \"1024\"
  },
  \"bizNo\": \"WD_REQ_202603080001\",
  \"userId\": \"U30001\",
  \"channel\": \"APP\",
  \"eventId\": \"E_WD_0001\",
  \"traceId\": \"T_WD_0001\",
  \"bankCode\": \"ICBC\",
  \"currency\": \"CNY\",
  \"deviceId\": \"DVC_WD_001\",
  \"eventTime\": \"2026-03-08T11:00:00\",
  \"eventType\": \"withdraw_apply\",
  \"sceneCode\": \"WITHDRAW_RISK\",
  \"withdrawNo\": \"WD202603080001\",
  \"accountType\": \"BANK_CARD\",
  \"withdrawAmount\": 3500,
  \"withdrawStatus\": \"CREATED\",
  \"withdrawAccountId\": \"WACC_88001\"
}',
        1, 1, 'жҸҗзҺ°з”іиҜ·ж ҮеҮҶдәӢд»¶жЁЎеһӢ', 'admin', '2026-03-08 11:00:00', 'admin', '2026-03-08 11:00:00', b'0');
INSERT INTO `event_schema`
VALUES (3, 'ORDER_RISK', 'ORDER_EVENT', 'ж”Ҝд»ҳжҲҗеҠҹдәӢд»¶', 'order_paid', '{
  \"ip\": \"192.0.2.18\",
  \"ext\": {
    \"skuCount\": 2,
    \"receiverCity\": \"Shanghai\"
  },
  \"bizNo\": \"ORD202603080001\",
  \"userId\": \"U40001\",
  \"channel\": \"APP\",
  \"eventId\": \"E_ORDER_0001\",
  \"orderNo\": \"ORD202603080001\",
  \"traceId\": \"T_ORDER_0001\",
  \"currency\": \"CNY\",
  \"deviceId\": \"DVC_ORDER_001\",
  \"eventTime\": \"2026-03-08T12:00:00\",
  \"eventType\": \"order_paid\",
  \"payAmount\": 1299,
  \"sceneCode\": \"ORDER_RISK\",
  \"merchantId\": \"MCH_3001\",
  \"orderAmount\": 1299,
  \"orderStatus\": \"PAID\",
  \"fulfillmentType\": \"EXPRESS\"
}',
        1, 1, 'и®ўеҚ•ж”Ҝд»ҳжҲҗеҠҹж ҮеҮҶдәӢд»¶жЁЎеһӢ', 'admin', '2026-03-08 12:00:00', 'admin', '2026-03-08 12:00:00', b'0');

-- ----------------------------
-- Table structure for feature_def
-- ----------------------------
DROP TABLE IF EXISTS `feature_def`;
CREATE TABLE `feature_def`
(
    `id`           bigint                                                        NOT NULL AUTO_INCREMENT COMMENT 'дё»й”®',
    `scene_code`   varchar(64) CHARACTER SET utf8mb4 COLLATE utf8mb4_unicode_ci  NOT NULL COMMENT 'еңәжҷҜзј–з Ғ',
    `feature_code` varchar(64) CHARACTER SET utf8mb4 COLLATE utf8mb4_unicode_ci  NOT NULL COMMENT 'зү№еҫҒзј–з Ғ',
    `feature_name` varchar(128) CHARACTER SET utf8mb4 COLLATE utf8mb4_unicode_ci NOT NULL COMMENT 'зү№еҫҒеҗҚз§°',
    `feature_type` varchar(32) CHARACTER SET utf8mb4 COLLATE utf8mb4_unicode_ci  NOT NULL COMMENT 'зү№еҫҒзұ»еһӢ',
    `entity_type`  varchar(32) CHARACTER SET utf8mb4 COLLATE utf8mb4_unicode_ci  NULL     DEFAULT NULL COMMENT 'е®һдҪ“зұ»еһӢ',
    `event_code`   varchar(64) CHARACTER SET utf8mb4 COLLATE utf8mb4_unicode_ci  NULL     DEFAULT NULL COMMENT 'жүҖеұһдәӢд»¶зј–з Ғ',
    `value_type`   varchar(32) CHARACTER SET utf8mb4 COLLATE utf8mb4_unicode_ci  NOT NULL COMMENT 'еҖјзұ»еһӢ',
    `status`       tinyint                                                       NOT NULL DEFAULT 1 COMMENT 'зҠ¶жҖҒ',
    `version`      int                                                           NOT NULL DEFAULT 1 COMMENT 'зүҲжң¬',
    `description`  varchar(512) CHARACTER SET utf8mb4 COLLATE utf8mb4_unicode_ci NULL     DEFAULT NULL COMMENT 'жҸҸиҝ°',
    `creator`      varchar(64) CHARACTER SET utf8mb4 COLLATE utf8mb4_unicode_ci  NULL     DEFAULT '' COMMENT 'еҲӣе»әиҖ…',
    `create_time`  datetime                                                      NOT NULL DEFAULT CURRENT_TIMESTAMP COMMENT 'еҲӣе»әж—¶й—ҙ',
    `updater`      varchar(64) CHARACTER SET utf8mb4 COLLATE utf8mb4_unicode_ci  NULL     DEFAULT '' COMMENT 'жӣҙж–°иҖ…',
    `update_time`  datetime                                                      NOT NULL DEFAULT CURRENT_TIMESTAMP ON UPDATE CURRENT_TIMESTAMP COMMENT 'жӣҙж–°ж—¶й—ҙ',
    `deleted`      bit(1)                                                        NOT NULL DEFAULT b'0' COMMENT 'жҳҜеҗҰеҲ йҷӨ',
    PRIMARY KEY (`id`) USING BTREE,
    UNIQUE INDEX `uk_scene_feature` (`scene_code` ASC, `feature_code` ASC) USING BTREE,
    INDEX `idx_scene_feature_type` (`scene_code` ASC, `feature_type` ASC, `status` ASC) USING BTREE
) ENGINE = InnoDB
  AUTO_INCREMENT = 1204
  CHARACTER SET = utf8mb4
  COLLATE = utf8mb4_unicode_ci COMMENT = 'зү№еҫҒе®ҡд№үдё»иЎЁ'
  ROW_FORMAT = Dynamic;

-- ----------------------------
-- Records of feature_def
-- ----------------------------
INSERT INTO `feature_def`
VALUES (1001, 'PROMOTION_RISK', 'ip_promo_cnt_10m', 'IP10еҲҶй’ҹиҗҘй”ҖеҸ—зҗҶж¬Ўж•°', 'STREAM', 'IP', 'PROMOTION_EVENT', 'LONG',
        1, 1, 'з»ҹи®Ўд»ЈзҗҶжҲ–жӯЈеёё IP еңЁ10еҲҶй’ҹеҶ…зҡ„иҗҘй”ҖеҸ—зҗҶж¬Ўж•°', 'admin', '2026-03-08 10:10:00', 'admin',
        '2026-03-08 10:10:00', b'0');
INSERT INTO `feature_def`
VALUES (1002, 'PROMOTION_RISK', 'device_promo_user_cnt_1h', 'и®ҫеӨҮ1е°Ҹж—¶иҗҘй”Җз”ЁжҲ·ж•°', 'STREAM', 'DEVICE',
        'PROMOTION_EVENT', 'LONG', 1, 1, 'з»ҹи®Ўи®ҫеӨҮ1е°Ҹж—¶еҶ…е…іиҒ”зҡ„иҗҘй”ҖеҸ—зҗҶз”ЁжҲ·ж•°', 'admin', '2026-03-08 10:10:00', 'admin',
        '2026-03-08 10:10:00', b'0');
INSERT INTO `feature_def`
VALUES (1003, 'PROMOTION_RISK', 'ip_in_proxy_watch_list', 'IPжҳҜеҗҰе‘Ҫдёӯд»ЈзҗҶи§ӮеҜҹеҗҚеҚ•', 'LOOKUP', 'IP', 'PROMOTION_EVENT',
        'BOOLEAN', 1, 1, 'жҹҘиҜўиҗҘй”Җд»ЈзҗҶ IP и§ӮеҜҹеҗҚеҚ•', 'admin', '2026-03-08 10:10:00', 'admin', '2026-03-08 10:10:00',
        b'0');
INSERT INTO `feature_def`
VALUES (1004, 'PROMOTION_RISK', 'promo_proxy_burst_flag', 'д»ЈзҗҶIPй«ҳйў‘иҗҘй”Җж Үи®°', 'DERIVED', 'IP', 'PROMOTION_EVENT',
        'BOOLEAN', 1, 1, 'еҹәдәҺд»ЈзҗҶ IP дёҺиҗҘй”Җж¬Ўж•°иҒ”еҗҲжҙҫз”ҹ', 'admin', '2026-03-08 10:10:00', 'admin',
        '2026-03-08 10:10:00', b'0');
INSERT INTO `feature_def`
VALUES (1005, 'PROMOTION_RISK', 'promo_device_cluster_flag', 'и®ҫеӨҮиҗҘй”ҖиҒҡйӣҶж Үи®°', 'DERIVED', 'DEVICE', 'PROMOTION_EVENT',
        'BOOLEAN', 1, 1, 'еҹәдәҺи®ҫеӨҮ1е°Ҹж—¶иҗҘй”Җз”ЁжҲ·ж•°жҙҫз”ҹ', 'admin', '2026-03-08 10:10:00', 'admin', '2026-03-08 10:10:00',
        b'0');
INSERT INTO `feature_def`
VALUES (1101, 'WITHDRAW_RISK', 'user_withdraw_cnt_24h', 'з”ЁжҲ·24е°Ҹж—¶жҸҗзҺ°ж¬Ўж•°', 'STREAM', 'USER', 'WITHDRAW_EVENT',
        'LONG', 1, 1, 'з»ҹи®Ўз”ЁжҲ·24е°Ҹж—¶еҶ…жҸҗдәӨзҡ„жҸҗзҺ°ж¬Ўж•°', 'admin', '2026-03-08 11:10:00', 'admin', '2026-03-08 11:10:00',
        b'0');
INSERT INTO `feature_def`
VALUES (1102, 'WITHDRAW_RISK', 'device_withdraw_user_cnt_24h', 'и®ҫеӨҮ24е°Ҹж—¶жҸҗзҺ°з”ЁжҲ·ж•°', 'STREAM', 'DEVICE',
        'WITHDRAW_EVENT', 'LONG', 1, 1, 'з»ҹи®Ўи®ҫеӨҮ24е°Ҹж—¶еҶ…е…іиҒ”зҡ„жҸҗзҺ°з”ЁжҲ·ж•°', 'admin', '2026-03-08 11:10:00', 'admin',
        '2026-03-08 11:10:00', b'0');
INSERT INTO `feature_def`
VALUES (1103, 'WITHDRAW_RISK', 'withdraw_high_amount_flag', 'еӨ§йўқжҸҗзҺ°ж Үи®°', 'DERIVED', 'USER', 'WITHDRAW_EVENT',
        'BOOLEAN', 1, 1, 'еҹәдәҺжҸҗзҺ°йҮ‘йўқжҙҫз”ҹеӨ§йўқж Үи®°', 'admin', '2026-03-08 11:10:00', 'admin', '2026-03-08 11:10:00',
        b'0');
INSERT INTO `feature_def`
VALUES (1104, 'WITHDRAW_RISK', 'withdraw_multi_actor_flag', 'еӨҡдё»дҪ“жҸҗзҺ°ж Үи®°', 'DERIVED', 'DEVICE', 'WITHDRAW_EVENT',
        'BOOLEAN', 1, 2, 'еҹәдәҺз”ЁжҲ·жҸҗзҺ°йў‘ж¬Ўе’Ңи®ҫеӨҮе…іиҒ”з”ЁжҲ·ж•°иҒ”еҗҲжҙҫз”ҹ', 'admin', '2026-03-08 11:10:00', 'admin',
        '2026-03-10 09:00:00', b'0');
INSERT INTO `feature_def`
VALUES (1201, 'ORDER_RISK', 'device_in_blacklist', 'и®ҫеӨҮжҳҜеҗҰе‘Ҫдёӯй»‘еҗҚеҚ•', 'LOOKUP', 'DEVICE', 'ORDER_EVENT', 'BOOLEAN',
        1, 1, 'жҹҘиҜўи®ўеҚ•и®ҫеӨҮй»‘еҗҚеҚ•', 'admin', '2026-03-08 12:10:00', 'admin', '2026-03-08 12:10:00', b'0');
INSERT INTO `feature_def`
VALUES (1202, 'ORDER_RISK', 'user_in_white_list', 'з”ЁжҲ·жҳҜеҗҰе‘ҪдёӯзҷҪеҗҚеҚ•', 'LOOKUP', 'USER', 'ORDER_EVENT', 'BOOLEAN', 1,
        1, 'жҹҘиҜўи®ўеҚ•з”ЁжҲ·зҷҪеҗҚеҚ•', 'admin', '2026-03-08 12:10:00', 'admin', '2026-03-08 12:10:00', b'0');
INSERT INTO `feature_def`
VALUES (1203, 'ORDER_RISK', 'order_device_block_flag', 'и®ўеҚ•и®ҫеӨҮйҳ»ж–ӯж Үи®°', 'DERIVED', 'DEVICE', 'ORDER_EVENT',
        'BOOLEAN', 1, 1, 'еҹәдәҺи®ҫеӨҮй»‘еҗҚеҚ•е’Ңз”ЁжҲ·зҷҪеҗҚеҚ•иҒ”еҗҲжҙҫз”ҹ', 'admin', '2026-03-08 12:10:00', 'admin',
        '2026-03-08 12:10:00', b'0');

-- ----------------------------
-- Table structure for feature_derived_conf
-- ----------------------------
DROP TABLE IF EXISTS `feature_derived_conf`;
CREATE TABLE `feature_derived_conf`
(
    `id`              bigint                                                       NOT NULL AUTO_INCREMENT COMMENT 'дё»й”®',
    `scene_code`      varchar(64) CHARACTER SET utf8mb4 COLLATE utf8mb4_unicode_ci NOT NULL COMMENT 'еңәжҷҜзј–з Ғ',
    `feature_code`    varchar(64) CHARACTER SET utf8mb4 COLLATE utf8mb4_unicode_ci NOT NULL COMMENT 'зү№еҫҒзј–з Ғ',
    `engine_type`     varchar(32) CHARACTER SET utf8mb4 COLLATE utf8mb4_unicode_ci NOT NULL COMMENT 'иЎЁиҫҫејҸеј•ж“Һ',
    `expr_content`    text CHARACTER SET utf8mb4 COLLATE utf8mb4_unicode_ci        NOT NULL COMMENT 'иЎЁиҫҫејҸеҶ…е®№',
    `depends_on_json` json                                                         NULL COMMENT 'дҫқиө–зү№еҫҒ',
    `value_type`      varchar(32) CHARACTER SET utf8mb4 COLLATE utf8mb4_unicode_ci NOT NULL COMMENT 'еҖјзұ»еһӢ',
    `extra_json`      json                                                         NULL COMMENT 'жү©еұ•й…ҚзҪ®',
    `creator`         varchar(64) CHARACTER SET utf8mb4 COLLATE utf8mb4_unicode_ci NULL     DEFAULT '' COMMENT 'еҲӣе»әиҖ…',
    `create_time`     datetime                                                     NOT NULL DEFAULT CURRENT_TIMESTAMP COMMENT 'еҲӣе»әж—¶й—ҙ',
    `updater`         varchar(64) CHARACTER SET utf8mb4 COLLATE utf8mb4_unicode_ci NULL     DEFAULT '' COMMENT 'жӣҙж–°иҖ…',
    `update_time`     datetime                                                     NOT NULL DEFAULT CURRENT_TIMESTAMP ON UPDATE CURRENT_TIMESTAMP COMMENT 'жӣҙж–°ж—¶й—ҙ',
    `deleted`         bit(1)                                                       NOT NULL DEFAULT b'0' COMMENT 'жҳҜеҗҰеҲ йҷӨ',
    PRIMARY KEY (`id`) USING BTREE,
    UNIQUE INDEX `uk_scene_feature_derived` (`scene_code` ASC, `feature_code` ASC) USING BTREE
) ENGINE = InnoDB
  AUTO_INCREMENT = 4202
  CHARACTER SET = utf8mb4
  COLLATE = utf8mb4_unicode_ci COMMENT = 'жҙҫз”ҹзү№еҫҒй…ҚзҪ®иЎЁ'
  ROW_FORMAT = Dynamic;

-- ----------------------------
-- Records of feature_derived_conf
-- ----------------------------
INSERT INTO `feature_derived_conf`
VALUES (4001, 'PROMOTION_RISK', 'promo_proxy_burst_flag', 'DSL',
        'ip_in_proxy_watch_list == true && ip_promo_cnt_10m >= 8', '[
    \"ip_in_proxy_watch_list\",
    \"ip_promo_cnt_10m\"
  ]', 'BOOLEAN', '{
    \"orderNo\": 10
  }', 'admin', '2026-03-08 10:14:00', 'admin', '2026-03-08 10:14:00', b'0');
INSERT INTO `feature_derived_conf`
VALUES (4002, 'PROMOTION_RISK', 'promo_device_cluster_flag', 'DSL', 'device_promo_user_cnt_1h >= 5', '[
  \"device_promo_user_cnt_1h\"
]', 'BOOLEAN', '{
  \"orderNo\": 20
}', 'admin', '2026-03-08 10:14:00', 'admin', '2026-03-08 10:14:00', b'0');
INSERT INTO `feature_derived_conf`
VALUES (4101, 'WITHDRAW_RISK', 'withdraw_high_amount_flag', 'DSL', 'withdrawAmount >= 3000', '[
  \"withdrawAmount\"
]', 'BOOLEAN', '{
  \"orderNo\": 10
}', 'admin', '2026-03-08 11:14:00', 'admin', '2026-03-08 11:14:00', b'0');
INSERT INTO `feature_derived_conf`
VALUES (4102, 'WITHDRAW_RISK', 'withdraw_multi_actor_flag', 'DSL',
        'user_withdraw_cnt_24h >= 3 || device_withdraw_user_cnt_24h >= 2', '[
    \"user_withdraw_cnt_24h\",
    \"device_withdraw_user_cnt_24h\"
  ]', 'BOOLEAN', '{
    \"orderNo\": 20,
    \"versionHint\": 2
  }', 'admin', '2026-03-08 11:14:00', 'admin', '2026-03-10 09:00:00', b'0');
INSERT INTO `feature_derived_conf`
VALUES (4201, 'ORDER_RISK', 'order_device_block_flag', 'DSL',
        'device_in_blacklist == true && user_in_white_list != true', '[
    \"device_in_blacklist\",
    \"user_in_white_list\"
  ]', 'BOOLEAN', '{
    \"orderNo\": 10
  }', 'admin', '2026-03-08 12:14:00', 'admin', '2026-03-08 12:14:00', b'0');

-- ----------------------------
-- Table structure for feature_lookup_conf
-- ----------------------------
DROP TABLE IF EXISTS `feature_lookup_conf`;
CREATE TABLE `feature_lookup_conf`
(
    `id`                bigint                                                        NOT NULL AUTO_INCREMENT COMMENT 'дё»й”®',
    `scene_code`        varchar(64) CHARACTER SET utf8mb4 COLLATE utf8mb4_unicode_ci  NOT NULL COMMENT 'еңәжҷҜзј–з Ғ',
    `feature_code`      varchar(64) CHARACTER SET utf8mb4 COLLATE utf8mb4_unicode_ci  NOT NULL COMMENT 'зү№еҫҒзј–з Ғ',
    `lookup_type`       varchar(32) CHARACTER SET utf8mb4 COLLATE utf8mb4_unicode_ci  NOT NULL COMMENT 'жҹҘиҜўзұ»еһӢ',
    `key_expr`          varchar(256) CHARACTER SET utf8mb4 COLLATE utf8mb4_unicode_ci NOT NULL COMMENT 'жҹҘиҜў key иЎЁиҫҫејҸ',
    `source_ref`        varchar(256) CHARACTER SET utf8mb4 COLLATE utf8mb4_unicode_ci NOT NULL COMMENT 'ж•°жҚ®жәҗж ҮиҜҶ',
    `default_value`     varchar(256) CHARACTER SET utf8mb4 COLLATE utf8mb4_unicode_ci NULL     DEFAULT NULL COMMENT 'й»ҳи®ӨеҖј',
    `cache_ttl_seconds` bigint                                                        NULL     DEFAULT NULL COMMENT 'жң¬ең°зј“еӯҳ TTL',
    `timeout_ms`        int                                                           NULL     DEFAULT NULL COMMENT 'и¶…ж—¶ж—¶й—ҙжҜ«з§’',
    `extra_json`        json                                                          NULL COMMENT 'жү©еұ•й…ҚзҪ®',
    `creator`           varchar(64) CHARACTER SET utf8mb4 COLLATE utf8mb4_unicode_ci  NULL     DEFAULT '' COMMENT 'еҲӣе»әиҖ…',
    `create_time`       datetime                                                      NOT NULL DEFAULT CURRENT_TIMESTAMP COMMENT 'еҲӣе»әж—¶й—ҙ',
    `updater`           varchar(64) CHARACTER SET utf8mb4 COLLATE utf8mb4_unicode_ci  NULL     DEFAULT '' COMMENT 'жӣҙж–°иҖ…',
    `update_time`       datetime                                                      NOT NULL DEFAULT CURRENT_TIMESTAMP ON UPDATE CURRENT_TIMESTAMP COMMENT 'жӣҙж–°ж—¶й—ҙ',
    `deleted`           bit(1)                                                        NOT NULL DEFAULT b'0' COMMENT 'жҳҜеҗҰеҲ йҷӨ',
    PRIMARY KEY (`id`) USING BTREE,
    UNIQUE INDEX `uk_scene_feature_lookup` (`scene_code` ASC, `feature_code` ASC) USING BTREE
) ENGINE = InnoDB
  AUTO_INCREMENT = 3004
  CHARACTER SET = utf8mb4
  COLLATE = utf8mb4_unicode_ci COMMENT = 'жҹҘиҜўзү№еҫҒй…ҚзҪ®иЎЁ'
  ROW_FORMAT = Dynamic;

-- ----------------------------
-- Records of feature_lookup_conf
-- ----------------------------
INSERT INTO `feature_lookup_conf`
VALUES (3001, 'PROMOTION_RISK', 'ip_in_proxy_watch_list', 'REDIS_SET', 'ip', 'PROMOTION_PROXY_IP_WATCH_LIST', 'false',
        300, 20, '{
    \"redisKey\": \"pulsix:list:watch:promotion:ip_proxy\"
  }', 'admin', '2026-03-08 10:13:00', 'admin',
        '2026-03-08 10:13:00', b'0');
INSERT INTO `feature_lookup_conf`
VALUES (3002, 'ORDER_RISK', 'device_in_blacklist', 'REDIS_SET', 'deviceId', 'ORDER_DEVICE_BLACKLIST', 'false', 300, 20,
        '{
          \"redisKey\": \"pulsix:list:black:order:device\"
        }', 'admin', '2026-03-08 12:13:00', 'admin',
        '2026-03-08 12:13:00', b'0');
INSERT INTO `feature_lookup_conf`
VALUES (3003, 'ORDER_RISK', 'user_in_white_list', 'REDIS_SET', 'userId', 'ORDER_USER_WHITE_LIST', 'false', 300, 20, '{
  \"redisKey\": \"pulsix:list:white:order:user\"
}', 'admin', '2026-03-08 12:13:00', 'admin', '2026-03-08 12:13:00',
        b'0');

-- ----------------------------
-- Table structure for feature_stream_conf
-- ----------------------------
DROP TABLE IF EXISTS `feature_stream_conf`;
CREATE TABLE `feature_stream_conf`
(
    `id`                    bigint                                                         NOT NULL AUTO_INCREMENT COMMENT 'дё»й”®',
    `scene_code`            varchar(64) CHARACTER SET utf8mb4 COLLATE utf8mb4_unicode_ci   NOT NULL COMMENT 'еңәжҷҜзј–з Ғ',
    `feature_code`          varchar(64) CHARACTER SET utf8mb4 COLLATE utf8mb4_unicode_ci   NOT NULL COMMENT 'зү№еҫҒзј–з Ғ',
    `source_event_types`    varchar(256) CHARACTER SET utf8mb4 COLLATE utf8mb4_unicode_ci  NOT NULL COMMENT 'жқҘжәҗдәӢд»¶зұ»еһӢ',
    `entity_key_expr`       varchar(256) CHARACTER SET utf8mb4 COLLATE utf8mb4_unicode_ci  NOT NULL COMMENT 'е®һдҪ“дё»й”®иЎЁиҫҫејҸ',
    `agg_type`              varchar(32) CHARACTER SET utf8mb4 COLLATE utf8mb4_unicode_ci   NOT NULL COMMENT 'иҒҡеҗҲзұ»еһӢ',
    `value_expr`            varchar(512) CHARACTER SET utf8mb4 COLLATE utf8mb4_unicode_ci  NULL     DEFAULT NULL COMMENT 'иҒҡеҗҲеҖјиЎЁиҫҫејҸ',
    `filter_expr`           varchar(1024) CHARACTER SET utf8mb4 COLLATE utf8mb4_unicode_ci NULL     DEFAULT NULL COMMENT 'иҝҮж»ӨиЎЁиҫҫејҸ',
    `window_type`           varchar(32) CHARACTER SET utf8mb4 COLLATE utf8mb4_unicode_ci   NOT NULL COMMENT 'зӘ—еҸЈзұ»еһӢ',
    `window_size`           varchar(32) CHARACTER SET utf8mb4 COLLATE utf8mb4_unicode_ci   NOT NULL COMMENT 'зӘ—еҸЈеӨ§е°Ҹ',
    `window_slide`          varchar(32) CHARACTER SET utf8mb4 COLLATE utf8mb4_unicode_ci   NULL     DEFAULT NULL COMMENT 'зӘ—еҸЈж»‘еҠЁ',
    `include_current_event` tinyint                                                        NOT NULL DEFAULT 1 COMMENT 'жҳҜеҗҰеҢ…еҗ«еҪ“еүҚдәӢд»¶',
    `ttl_seconds`           bigint                                                         NULL     DEFAULT NULL COMMENT 'зҠ¶жҖҒ TTL з§’ж•°',
    `state_hint_json`       json                                                           NULL COMMENT 'зҠ¶жҖҒжҸҗзӨә',
    `creator`               varchar(64) CHARACTER SET utf8mb4 COLLATE utf8mb4_unicode_ci   NULL     DEFAULT '' COMMENT 'еҲӣе»әиҖ…',
    `create_time`           datetime                                                       NOT NULL DEFAULT CURRENT_TIMESTAMP COMMENT 'еҲӣе»әж—¶й—ҙ',
    `updater`               varchar(64) CHARACTER SET utf8mb4 COLLATE utf8mb4_unicode_ci   NULL     DEFAULT '' COMMENT 'жӣҙж–°иҖ…',
    `update_time`           datetime                                                       NOT NULL DEFAULT CURRENT_TIMESTAMP ON UPDATE CURRENT_TIMESTAMP COMMENT 'жӣҙж–°ж—¶й—ҙ',
    `deleted`               bit(1)                                                         NOT NULL DEFAULT b'0' COMMENT 'жҳҜеҗҰеҲ йҷӨ',
    PRIMARY KEY (`id`) USING BTREE,
    UNIQUE INDEX `uk_scene_feature_stream` (`scene_code` ASC, `feature_code` ASC) USING BTREE
) ENGINE = InnoDB
  AUTO_INCREMENT = 2103
  CHARACTER SET = utf8mb4
  COLLATE = utf8mb4_unicode_ci COMMENT = 'жөҒејҸзү№еҫҒй…ҚзҪ®иЎЁ'
  ROW_FORMAT = Dynamic;

-- ----------------------------
-- Records of feature_stream_conf
-- ----------------------------
INSERT INTO `feature_stream_conf`
VALUES (2001, 'PROMOTION_RISK', 'ip_promo_cnt_10m', 'promotion_grant', 'ip', 'COUNT', '1',
        'grantStatus == \'ACCEPTED\'', 'SLIDING', '10m', '1m', 1, 1800, '{
    \"keyBy\": \"ip\"
  }', 'admin', '2026-03-08 10:12:00', 'admin', '2026-03-08 10:12:00', b'0');
INSERT INTO `feature_stream_conf`
VALUES (2002, 'PROMOTION_RISK', 'device_promo_user_cnt_1h', 'promotion_grant', 'deviceId', 'DISTINCT_COUNT', 'userId',
        'grantStatus == \'ACCEPTED\' && deviceId != null && userId != null', 'SLIDING', '1h', '5m', 1, 7200, '{
    \"keyBy\": \"deviceId\"
  }', 'admin', '2026-03-08 10:12:00', 'admin', '2026-03-08 10:12:00', b'0');
INSERT INTO `feature_stream_conf`
VALUES (2101, 'WITHDRAW_RISK', 'user_withdraw_cnt_24h', 'withdraw_apply', 'userId', 'COUNT', '1',
        '(withdrawStatus == \'CREATED\' || withdrawStatus == \'PENDING_REVIEW\') && userId != null', 'SLIDING', '24h',
        '30m', 1, 172800, '{
    \"keyBy\": \"userId\"
  }', 'admin', '2026-03-08 11:12:00', 'admin', '2026-03-08 11:12:00', b'0');
INSERT INTO `feature_stream_conf`
VALUES (2102, 'WITHDRAW_RISK', 'device_withdraw_user_cnt_24h', 'withdraw_apply', 'deviceId', 'DISTINCT_COUNT', 'userId',
        '(withdrawStatus == \'CREATED\' || withdrawStatus == \'PENDING_REVIEW\') && deviceId != null && userId != null',
        'SLIDING', '24h', '30m', 1, 172800, '{
    \"keyBy\": \"deviceId\"
  }', 'admin', '2026-03-08 11:12:00', 'admin', '2026-03-08 11:12:00', b'0');

-- ----------------------------
-- Table structure for infra_api_access_log
-- ----------------------------
DROP TABLE IF EXISTS `infra_api_access_log`;
CREATE TABLE `infra_api_access_log`
(
    `id`               bigint                                                        NOT NULL AUTO_INCREMENT COMMENT 'ж—Ҙеҝ—дё»й”®',
    `trace_id`         varchar(64) CHARACTER SET utf8mb4 COLLATE utf8mb4_unicode_ci  NOT NULL DEFAULT '' COMMENT 'й“ҫи·ҜиҝҪиёӘзј–еҸ·',
    `user_id`          bigint                                                        NOT NULL DEFAULT 0 COMMENT 'з”ЁжҲ·зј–еҸ·',
    `user_type`        tinyint                                                       NOT NULL DEFAULT 0 COMMENT 'з”ЁжҲ·зұ»еһӢ',
    `application_name` varchar(50) CHARACTER SET utf8mb4 COLLATE utf8mb4_unicode_ci  NOT NULL COMMENT 'еә”з”ЁеҗҚ',
    `request_method`   varchar(16) CHARACTER SET utf8mb4 COLLATE utf8mb4_unicode_ci  NOT NULL DEFAULT '' COMMENT 'иҜ·жұӮж–№жі•еҗҚ',
    `request_url`      varchar(255) CHARACTER SET utf8mb4 COLLATE utf8mb4_unicode_ci NOT NULL DEFAULT '' COMMENT 'иҜ·жұӮең°еқҖ',
    `request_params`   text CHARACTER SET utf8mb4 COLLATE utf8mb4_unicode_ci         NULL COMMENT 'иҜ·жұӮеҸӮж•°',
    `response_body`    text CHARACTER SET utf8mb4 COLLATE utf8mb4_unicode_ci         NULL COMMENT 'е“Қеә”з»“жһң',
    `user_ip`          varchar(50) CHARACTER SET utf8mb4 COLLATE utf8mb4_unicode_ci  NOT NULL COMMENT 'з”ЁжҲ· IP',
    `user_agent`       varchar(512) CHARACTER SET utf8mb4 COLLATE utf8mb4_unicode_ci NOT NULL COMMENT 'жөҸи§ҲеҷЁ UA',
    `operate_module`   varchar(50) CHARACTER SET utf8mb4 COLLATE utf8mb4_unicode_ci  NULL     DEFAULT NULL COMMENT 'ж“ҚдҪңжЁЎеқ—',
    `operate_name`     varchar(50) CHARACTER SET utf8mb4 COLLATE utf8mb4_unicode_ci  NULL     DEFAULT NULL COMMENT 'ж“ҚдҪңеҗҚ',
    `operate_type`     tinyint                                                       NULL     DEFAULT 0 COMMENT 'ж“ҚдҪңеҲҶзұ»',
    `begin_time`       datetime                                                      NOT NULL COMMENT 'ејҖе§ӢиҜ·жұӮж—¶й—ҙ',
    `end_time`         datetime                                                      NOT NULL COMMENT 'з»“жқҹиҜ·жұӮж—¶й—ҙ',
    `duration`         int                                                           NOT NULL COMMENT 'жү§иЎҢж—¶й•ҝ',
    `result_code`      int                                                           NOT NULL DEFAULT 0 COMMENT 'з»“жһңз Ғ',
    `result_msg`       varchar(512) CHARACTER SET utf8mb4 COLLATE utf8mb4_unicode_ci NULL     DEFAULT '' COMMENT 'з»“жһңжҸҗзӨә',
    `creator`          varchar(64) CHARACTER SET utf8mb4 COLLATE utf8mb4_unicode_ci  NULL     DEFAULT '' COMMENT 'еҲӣе»әиҖ…',
    `create_time`      datetime                                                      NOT NULL DEFAULT CURRENT_TIMESTAMP COMMENT 'еҲӣе»әж—¶й—ҙ',
    `updater`          varchar(64) CHARACTER SET utf8mb4 COLLATE utf8mb4_unicode_ci  NULL     DEFAULT '' COMMENT 'жӣҙж–°иҖ…',
    `update_time`      datetime                                                      NOT NULL DEFAULT CURRENT_TIMESTAMP ON UPDATE CURRENT_TIMESTAMP COMMENT 'жӣҙж–°ж—¶й—ҙ',
    `deleted`          bit(1)                                                        NOT NULL DEFAULT b'0' COMMENT 'жҳҜеҗҰеҲ йҷӨ',
    `tenant_id`        bigint                                                        NOT NULL DEFAULT 0 COMMENT 'з§ҹжҲ·зј–еҸ·',
    PRIMARY KEY (`id`) USING BTREE,
    INDEX `idx_create_time` (`create_time` ASC) USING BTREE
) ENGINE = InnoDB
  AUTO_INCREMENT = 36233
  CHARACTER SET = utf8mb4
  COLLATE = utf8mb4_unicode_ci COMMENT = 'API и®ҝй—®ж—Ҙеҝ—иЎЁ'
  ROW_FORMAT = Dynamic;

-- ----------------------------
-- Records of infra_api_access_log
-- ----------------------------

-- ----------------------------
-- Table structure for infra_api_error_log
-- ----------------------------
DROP TABLE IF EXISTS `infra_api_error_log`;
CREATE TABLE `infra_api_error_log`
(
    `id`                           bigint                                                         NOT NULL AUTO_INCREMENT COMMENT 'зј–еҸ·',
    `trace_id`                     varchar(64) CHARACTER SET utf8mb4 COLLATE utf8mb4_unicode_ci   NOT NULL COMMENT 'й“ҫи·ҜиҝҪиёӘзј–еҸ·',
    `user_id`                      bigint                                                         NOT NULL DEFAULT 0 COMMENT 'з”ЁжҲ·зј–еҸ·',
    `user_type`                    tinyint                                                        NOT NULL DEFAULT 0 COMMENT 'з”ЁжҲ·зұ»еһӢ',
    `application_name`             varchar(50) CHARACTER SET utf8mb4 COLLATE utf8mb4_unicode_ci   NOT NULL COMMENT 'еә”з”ЁеҗҚ',
    `request_method`               varchar(16) CHARACTER SET utf8mb4 COLLATE utf8mb4_unicode_ci   NOT NULL COMMENT 'иҜ·жұӮж–№жі•еҗҚ',
    `request_url`                  varchar(255) CHARACTER SET utf8mb4 COLLATE utf8mb4_unicode_ci  NOT NULL COMMENT 'иҜ·жұӮең°еқҖ',
    `request_params`               varchar(8000) CHARACTER SET utf8mb4 COLLATE utf8mb4_unicode_ci NOT NULL COMMENT 'иҜ·жұӮеҸӮж•°',
    `user_ip`                      varchar(50) CHARACTER SET utf8mb4 COLLATE utf8mb4_unicode_ci   NOT NULL COMMENT 'з”ЁжҲ· IP',
    `user_agent`                   varchar(512) CHARACTER SET utf8mb4 COLLATE utf8mb4_unicode_ci  NOT NULL COMMENT 'жөҸи§ҲеҷЁ UA',
    `exception_time`               datetime                                                       NOT NULL COMMENT 'ејӮеёёеҸ‘з”ҹж—¶й—ҙ',
    `exception_name`               varchar(128) CHARACTER SET utf8mb4 COLLATE utf8mb4_unicode_ci  NOT NULL DEFAULT '' COMMENT 'ејӮеёёеҗҚ',
    `exception_message`            text CHARACTER SET utf8mb4 COLLATE utf8mb4_unicode_ci          NOT NULL COMMENT 'ејӮеёёеҜјиҮҙзҡ„ж¶ҲжҒҜ',
    `exception_root_cause_message` text CHARACTER SET utf8mb4 COLLATE utf8mb4_unicode_ci          NOT NULL COMMENT 'ејӮеёёеҜјиҮҙзҡ„ж №ж¶ҲжҒҜ',
    `exception_stack_trace`        text CHARACTER SET utf8mb4 COLLATE utf8mb4_unicode_ci          NOT NULL COMMENT 'ејӮеёёзҡ„ж ҲиҪЁиҝ№',
    `exception_class_name`         varchar(512) CHARACTER SET utf8mb4 COLLATE utf8mb4_unicode_ci  NOT NULL COMMENT 'ејӮеёёеҸ‘з”ҹзҡ„зұ»е…ЁеҗҚ',
    `exception_file_name`          varchar(512) CHARACTER SET utf8mb4 COLLATE utf8mb4_unicode_ci  NOT NULL COMMENT 'ејӮеёёеҸ‘з”ҹзҡ„зұ»ж–Үд»¶',
    `exception_method_name`        varchar(512) CHARACTER SET utf8mb4 COLLATE utf8mb4_unicode_ci  NOT NULL COMMENT 'ејӮеёёеҸ‘з”ҹзҡ„ж–№жі•еҗҚ',
    `exception_line_number`        int                                                            NOT NULL COMMENT 'ејӮеёёеҸ‘з”ҹзҡ„ж–№жі•жүҖеңЁиЎҢ',
    `process_status`               tinyint                                                        NOT NULL COMMENT 'еӨ„зҗҶзҠ¶жҖҒ',
    `process_time`                 datetime                                                       NULL     DEFAULT NULL COMMENT 'еӨ„зҗҶж—¶й—ҙ',
    `process_user_id`              int                                                            NULL     DEFAULT 0 COMMENT 'еӨ„зҗҶз”ЁжҲ·зј–еҸ·',
    `creator`                      varchar(64) CHARACTER SET utf8mb4 COLLATE utf8mb4_unicode_ci   NULL     DEFAULT '' COMMENT 'еҲӣе»әиҖ…',
    `create_time`                  datetime                                                       NOT NULL DEFAULT CURRENT_TIMESTAMP COMMENT 'еҲӣе»әж—¶й—ҙ',
    `updater`                      varchar(64) CHARACTER SET utf8mb4 COLLATE utf8mb4_unicode_ci   NULL     DEFAULT '' COMMENT 'жӣҙж–°иҖ…',
    `update_time`                  datetime                                                       NOT NULL DEFAULT CURRENT_TIMESTAMP ON UPDATE CURRENT_TIMESTAMP COMMENT 'жӣҙж–°ж—¶й—ҙ',
    `deleted`                      bit(1)                                                         NOT NULL DEFAULT b'0' COMMENT 'жҳҜеҗҰеҲ йҷӨ',
    `tenant_id`                    bigint                                                         NOT NULL DEFAULT 0 COMMENT 'з§ҹжҲ·зј–еҸ·',
    PRIMARY KEY (`id`) USING BTREE
) ENGINE = InnoDB
  AUTO_INCREMENT = 23210
  CHARACTER SET = utf8mb4
  COLLATE = utf8mb4_unicode_ci COMMENT = 'зі»з»ҹејӮеёёж—Ҙеҝ—'
  ROW_FORMAT = Dynamic;

-- ----------------------------
-- Records of infra_api_error_log
-- ----------------------------

-- ----------------------------
-- Table structure for infra_codegen_column
-- ----------------------------
DROP TABLE IF EXISTS `infra_codegen_column`;
CREATE TABLE `infra_codegen_column`
(
    `id`                       bigint                                                        NOT NULL AUTO_INCREMENT COMMENT 'зј–еҸ·',
    `table_id`                 bigint                                                        NOT NULL COMMENT 'иЎЁзј–еҸ·',
    `column_name`              varchar(200) CHARACTER SET utf8mb4 COLLATE utf8mb4_unicode_ci NOT NULL COMMENT 'еӯ—ж®өеҗҚ',
    `data_type`                varchar(100) CHARACTER SET utf8mb4 COLLATE utf8mb4_unicode_ci NOT NULL COMMENT 'еӯ—ж®өзұ»еһӢ',
    `column_comment`           varchar(500) CHARACTER SET utf8mb4 COLLATE utf8mb4_unicode_ci NOT NULL COMMENT 'еӯ—ж®өжҸҸиҝ°',
    `nullable`                 bit(1)                                                        NOT NULL COMMENT 'жҳҜеҗҰе…Ғи®ёдёәз©ә',
    `primary_key`              bit(1)                                                        NOT NULL COMMENT 'жҳҜеҗҰдё»й”®',
    `ordinal_position`         int                                                           NOT NULL COMMENT 'жҺ’еәҸ',
    `java_type`                varchar(32) CHARACTER SET utf8mb4 COLLATE utf8mb4_unicode_ci  NOT NULL COMMENT 'Java еұһжҖ§зұ»еһӢ',
    `java_field`               varchar(64) CHARACTER SET utf8mb4 COLLATE utf8mb4_unicode_ci  NOT NULL COMMENT 'Java еұһжҖ§еҗҚ',
    `dict_type`                varchar(200) CHARACTER SET utf8mb4 COLLATE utf8mb4_unicode_ci NULL     DEFAULT '' COMMENT 'еӯ—е…ёзұ»еһӢ',
    `example`                  varchar(64) CHARACTER SET utf8mb4 COLLATE utf8mb4_unicode_ci  NULL     DEFAULT NULL COMMENT 'ж•°жҚ®зӨәдҫӢ',
    `create_operation`         bit(1)                                                        NOT NULL COMMENT 'жҳҜеҗҰдёә Create еҲӣе»әж“ҚдҪңзҡ„еӯ—ж®ө',
    `update_operation`         bit(1)                                                        NOT NULL COMMENT 'жҳҜеҗҰдёә Update жӣҙж–°ж“ҚдҪңзҡ„еӯ—ж®ө',
    `list_operation`           bit(1)                                                        NOT NULL COMMENT 'жҳҜеҗҰдёә List жҹҘиҜўж“ҚдҪңзҡ„еӯ—ж®ө',
    `list_operation_condition` varchar(32) CHARACTER SET utf8mb4 COLLATE utf8mb4_unicode_ci  NOT NULL DEFAULT '=' COMMENT 'List жҹҘиҜўж“ҚдҪңзҡ„жқЎд»¶зұ»еһӢ',
    `list_operation_result`    bit(1)                                                        NOT NULL COMMENT 'жҳҜеҗҰдёә List жҹҘиҜўж“ҚдҪңзҡ„иҝ”еӣһеӯ—ж®ө',
    `html_type`                varchar(32) CHARACTER SET utf8mb4 COLLATE utf8mb4_unicode_ci  NOT NULL COMMENT 'жҳҫзӨәзұ»еһӢ',
    `creator`                  varchar(64) CHARACTER SET utf8mb4 COLLATE utf8mb4_unicode_ci  NULL     DEFAULT '' COMMENT 'еҲӣе»әиҖ…',
    `create_time`              datetime                                                      NOT NULL DEFAULT CURRENT_TIMESTAMP COMMENT 'еҲӣе»әж—¶й—ҙ',
    `updater`                  varchar(64) CHARACTER SET utf8mb4 COLLATE utf8mb4_unicode_ci  NULL     DEFAULT '' COMMENT 'жӣҙж–°иҖ…',
    `update_time`              datetime                                                      NOT NULL DEFAULT CURRENT_TIMESTAMP ON UPDATE CURRENT_TIMESTAMP COMMENT 'жӣҙж–°ж—¶й—ҙ',
    `deleted`                  bit(1)                                                        NOT NULL DEFAULT b'0' COMMENT 'жҳҜеҗҰеҲ йҷӨ',
    PRIMARY KEY (`id`) USING BTREE
) ENGINE = InnoDB
  AUTO_INCREMENT = 2659
  CHARACTER SET = utf8mb4
  COLLATE = utf8mb4_unicode_ci COMMENT = 'д»Јз Ғз”ҹжҲҗиЎЁеӯ—ж®өе®ҡд№ү'
  ROW_FORMAT = Dynamic;

-- ----------------------------
-- Records of infra_codegen_column
-- ----------------------------

-- ----------------------------
-- Table structure for infra_codegen_table
-- ----------------------------
DROP TABLE IF EXISTS `infra_codegen_table`;
CREATE TABLE `infra_codegen_table`
(
    `id`                    bigint                                                        NOT NULL AUTO_INCREMENT COMMENT 'зј–еҸ·',
    `data_source_config_id` bigint                                                        NOT NULL COMMENT 'ж•°жҚ®жәҗй…ҚзҪ®зҡ„зј–еҸ·',
    `scene`                 tinyint                                                       NOT NULL DEFAULT 1 COMMENT 'з”ҹжҲҗеңәжҷҜ',
    `table_name`            varchar(200) CHARACTER SET utf8mb4 COLLATE utf8mb4_unicode_ci NOT NULL DEFAULT '' COMMENT 'иЎЁеҗҚз§°',
    `table_comment`         varchar(500) CHARACTER SET utf8mb4 COLLATE utf8mb4_unicode_ci NOT NULL DEFAULT '' COMMENT 'иЎЁжҸҸиҝ°',
    `remark`                varchar(500) CHARACTER SET utf8mb4 COLLATE utf8mb4_unicode_ci NULL     DEFAULT NULL COMMENT 'еӨҮжіЁ',
    `module_name`           varchar(30) CHARACTER SET utf8mb4 COLLATE utf8mb4_unicode_ci  NOT NULL COMMENT 'жЁЎеқ—еҗҚ',
    `business_name`         varchar(30) CHARACTER SET utf8mb4 COLLATE utf8mb4_unicode_ci  NOT NULL COMMENT 'дёҡеҠЎеҗҚ',
    `class_name`            varchar(100) CHARACTER SET utf8mb4 COLLATE utf8mb4_unicode_ci NOT NULL DEFAULT '' COMMENT 'зұ»еҗҚз§°',
    `class_comment`         varchar(50) CHARACTER SET utf8mb4 COLLATE utf8mb4_unicode_ci  NOT NULL COMMENT 'зұ»жҸҸиҝ°',
    `author`                varchar(50) CHARACTER SET utf8mb4 COLLATE utf8mb4_unicode_ci  NOT NULL COMMENT 'дҪңиҖ…',
    `template_type`         tinyint                                                       NOT NULL DEFAULT 1 COMMENT 'жЁЎжқҝзұ»еһӢ',
    `front_type`            tinyint                                                       NOT NULL COMMENT 'еүҚз«Ҝзұ»еһӢ',
    `parent_menu_id`        bigint                                                        NULL     DEFAULT NULL COMMENT 'зҲ¶иҸңеҚ•зј–еҸ·',
    `master_table_id`       bigint                                                        NULL     DEFAULT NULL COMMENT 'дё»иЎЁзҡ„зј–еҸ·',
    `sub_join_column_id`    bigint                                                        NULL     DEFAULT NULL COMMENT 'еӯҗиЎЁе…іиҒ”дё»иЎЁзҡ„еӯ—ж®өзј–еҸ·',
    `sub_join_many`         bit(1)                                                        NULL     DEFAULT NULL COMMENT 'дё»иЎЁдёҺеӯҗиЎЁжҳҜеҗҰдёҖеҜ№еӨҡ',
    `tree_parent_column_id` bigint                                                        NULL     DEFAULT NULL COMMENT 'ж ‘иЎЁзҡ„зҲ¶еӯ—ж®өзј–еҸ·',
    `tree_name_column_id`   bigint                                                        NULL     DEFAULT NULL COMMENT 'ж ‘иЎЁзҡ„еҗҚеӯ—еӯ—ж®өзј–еҸ·',
    `creator`               varchar(64) CHARACTER SET utf8mb4 COLLATE utf8mb4_unicode_ci  NULL     DEFAULT '' COMMENT 'еҲӣе»әиҖ…',
    `create_time`           datetime                                                      NOT NULL DEFAULT CURRENT_TIMESTAMP COMMENT 'еҲӣе»әж—¶й—ҙ',
    `updater`               varchar(64) CHARACTER SET utf8mb4 COLLATE utf8mb4_unicode_ci  NULL     DEFAULT '' COMMENT 'жӣҙж–°иҖ…',
    `update_time`           datetime                                                      NOT NULL DEFAULT CURRENT_TIMESTAMP ON UPDATE CURRENT_TIMESTAMP COMMENT 'жӣҙж–°ж—¶й—ҙ',
    `deleted`               bit(1)                                                        NOT NULL DEFAULT b'0' COMMENT 'жҳҜеҗҰеҲ йҷӨ',
    PRIMARY KEY (`id`) USING BTREE
) ENGINE = InnoDB
  AUTO_INCREMENT = 197
  CHARACTER SET = utf8mb4
  COLLATE = utf8mb4_unicode_ci COMMENT = 'д»Јз Ғз”ҹжҲҗиЎЁе®ҡд№ү'
  ROW_FORMAT = Dynamic;

-- ----------------------------
-- Records of infra_codegen_table
-- ----------------------------

-- ----------------------------
-- Table structure for infra_config
-- ----------------------------
DROP TABLE IF EXISTS `infra_config`;
CREATE TABLE `infra_config`
(
    `id`          bigint                                                        NOT NULL AUTO_INCREMENT COMMENT 'еҸӮж•°дё»й”®',
    `category`    varchar(50) CHARACTER SET utf8mb4 COLLATE utf8mb4_unicode_ci  NOT NULL COMMENT 'еҸӮж•°еҲҶз»„',
    `type`        tinyint                                                       NOT NULL COMMENT 'еҸӮж•°зұ»еһӢ',
    `name`        varchar(100) CHARACTER SET utf8mb4 COLLATE utf8mb4_unicode_ci NOT NULL DEFAULT '' COMMENT 'еҸӮж•°еҗҚз§°',
    `config_key`  varchar(100) CHARACTER SET utf8mb4 COLLATE utf8mb4_unicode_ci NOT NULL DEFAULT '' COMMENT 'еҸӮж•°й”®еҗҚ',
    `value`       varchar(500) CHARACTER SET utf8mb4 COLLATE utf8mb4_unicode_ci NOT NULL DEFAULT '' COMMENT 'еҸӮж•°й”®еҖј',
    `visible`     bit(1)                                                        NOT NULL COMMENT 'жҳҜеҗҰеҸҜи§Ғ',
    `remark`      varchar(500) CHARACTER SET utf8mb4 COLLATE utf8mb4_unicode_ci NULL     DEFAULT NULL COMMENT 'еӨҮжіЁ',
    `creator`     varchar(64) CHARACTER SET utf8mb4 COLLATE utf8mb4_unicode_ci  NULL     DEFAULT '' COMMENT 'еҲӣе»әиҖ…',
    `create_time` datetime                                                      NOT NULL DEFAULT CURRENT_TIMESTAMP COMMENT 'еҲӣе»әж—¶й—ҙ',
    `updater`     varchar(64) CHARACTER SET utf8mb4 COLLATE utf8mb4_unicode_ci  NULL     DEFAULT '' COMMENT 'жӣҙж–°иҖ…',
    `update_time` datetime                                                      NOT NULL DEFAULT CURRENT_TIMESTAMP ON UPDATE CURRENT_TIMESTAMP COMMENT 'жӣҙж–°ж—¶й—ҙ',
    `deleted`     bit(1)                                                        NOT NULL DEFAULT b'0' COMMENT 'жҳҜеҗҰеҲ йҷӨ',
    PRIMARY KEY (`id`) USING BTREE
) ENGINE = InnoDB
  AUTO_INCREMENT = 14
  CHARACTER SET = utf8mb4
  COLLATE = utf8mb4_unicode_ci COMMENT = 'еҸӮж•°й…ҚзҪ®иЎЁ'
  ROW_FORMAT = Dynamic;

-- ----------------------------
-- Records of infra_config
-- ----------------------------
INSERT INTO `infra_config`
VALUES (2, 'biz', 1, 'з”ЁжҲ·з®ЎзҗҶ-иҙҰеҸ·еҲқе§ӢеҜҶз Ғ', 'system.user.init-password', '123456', b'0', 'еҲқе§ӢеҢ–еҜҶз Ғ 123456', 'admin',
        '2021-01-05 17:03:48', '1', '2024-07-20 17:22:47', b'0');
INSERT INTO `infra_config`
VALUES (7, 'url', 2, 'MySQL зӣ‘жҺ§зҡ„ең°еқҖ', 'url.druid', '', b'1', '', '1', '2023-04-07 13:41:16', '1',
        '2023-04-07 14:33:38', b'0');
INSERT INTO `infra_config`
VALUES (8, 'url', 2, 'SkyWalking зӣ‘жҺ§зҡ„ең°еқҖ', 'url.skywalking', '', b'1', '', '1', '2023-04-07 13:41:16', '1',
        '2023-04-07 14:57:03', b'0');
INSERT INTO `infra_config`
VALUES (9, 'url', 2, 'Spring Boot Admin зӣ‘жҺ§зҡ„ең°еқҖ', 'url.spring-boot-admin', '', b'1', '', '1', '2023-04-07 13:41:16',
        '1', '2023-04-07 14:52:07', b'0');
INSERT INTO `infra_config`
VALUES (10, 'url', 2, 'Swagger жҺҘеҸЈж–ҮжЎЈзҡ„ең°еқҖ', 'url.swagger', '', b'1', '', '1', '2023-04-07 13:41:16', '1',
        '2023-04-07 14:59:00', b'0');
INSERT INTO `infra_config`
VALUES (11, 'ui', 2, 'и…ҫи®Ҝең°еӣҫ key', 'tencent.lbs.key', 'TVDBZ-TDILD-4ON4B-PFDZA-RNLKH-VVF6E', b'1', 'и…ҫи®Ҝең°еӣҫ key',
        '1', '2023-06-03 19:16:27', '1', '2023-06-03 19:16:27', b'0');
INSERT INTO `infra_config`
VALUES (12, 'test2', 2, 'test3', 'test4', 'test5', b'1', 'test6', '1', '2023-12-03 09:55:16', '1',
        '2025-04-06 21:00:09', b'0');
INSERT INTO `infra_config`
VALUES (13, 'з”ЁжҲ·з®ЎзҗҶ-иҙҰеҸ·еҲқе§ӢеҜҶз Ғ', 2, 'з”ЁжҲ·з®ЎзҗҶ-жіЁеҶҢејҖе…і', 'system.user.register-enabled', 'true', b'0', '', '1',
        '2025-04-26 17:23:41', '1', '2025-04-26 17:23:41', b'0');

-- ----------------------------
-- Table structure for infra_data_source_config
-- ----------------------------
DROP TABLE IF EXISTS `infra_data_source_config`;
CREATE TABLE `infra_data_source_config`
(
    `id`          bigint                                                         NOT NULL AUTO_INCREMENT COMMENT 'дё»й”®зј–еҸ·',
    `name`        varchar(100) CHARACTER SET utf8mb4 COLLATE utf8mb4_unicode_ci  NOT NULL DEFAULT '' COMMENT 'еҸӮж•°еҗҚз§°',
    `url`         varchar(1024) CHARACTER SET utf8mb4 COLLATE utf8mb4_unicode_ci NOT NULL COMMENT 'ж•°жҚ®жәҗиҝһжҺҘ',
    `username`    varchar(255) CHARACTER SET utf8mb4 COLLATE utf8mb4_unicode_ci  NOT NULL COMMENT 'з”ЁжҲ·еҗҚ',
    `password`    varchar(255) CHARACTER SET utf8mb4 COLLATE utf8mb4_unicode_ci  NOT NULL DEFAULT '' COMMENT 'еҜҶз Ғ',
    `creator`     varchar(64) CHARACTER SET utf8mb4 COLLATE utf8mb4_unicode_ci   NULL     DEFAULT '' COMMENT 'еҲӣе»әиҖ…',
    `create_time` datetime                                                       NOT NULL DEFAULT CURRENT_TIMESTAMP COMMENT 'еҲӣе»әж—¶й—ҙ',
    `updater`     varchar(64) CHARACTER SET utf8mb4 COLLATE utf8mb4_unicode_ci   NULL     DEFAULT '' COMMENT 'жӣҙж–°иҖ…',
    `update_time` datetime                                                       NOT NULL DEFAULT CURRENT_TIMESTAMP ON UPDATE CURRENT_TIMESTAMP COMMENT 'жӣҙж–°ж—¶й—ҙ',
    `deleted`     bit(1)                                                         NOT NULL DEFAULT b'0' COMMENT 'жҳҜеҗҰеҲ йҷӨ',
    PRIMARY KEY (`id`) USING BTREE
) ENGINE = InnoDB
  AUTO_INCREMENT = 15
  CHARACTER SET = utf8mb4
  COLLATE = utf8mb4_unicode_ci COMMENT = 'ж•°жҚ®жәҗй…ҚзҪ®иЎЁ'
  ROW_FORMAT = Dynamic;

-- ----------------------------
-- Records of infra_data_source_config
-- ----------------------------

-- ----------------------------
-- Table structure for infra_file
-- ----------------------------
DROP TABLE IF EXISTS `infra_file`;
CREATE TABLE `infra_file`
(
    `id`          bigint                                                         NOT NULL AUTO_INCREMENT COMMENT 'ж–Үд»¶зј–еҸ·',
    `config_id`   bigint                                                         NULL     DEFAULT NULL COMMENT 'й…ҚзҪ®зј–еҸ·',
    `name`        varchar(256) CHARACTER SET utf8mb4 COLLATE utf8mb4_unicode_ci  NULL     DEFAULT NULL COMMENT 'ж–Үд»¶еҗҚ',
    `path`        varchar(512) CHARACTER SET utf8mb4 COLLATE utf8mb4_unicode_ci  NOT NULL COMMENT 'ж–Үд»¶и·Ҝеҫ„',
    `url`         varchar(1024) CHARACTER SET utf8mb4 COLLATE utf8mb4_unicode_ci NOT NULL COMMENT 'ж–Үд»¶ URL',
    `type`        varchar(128) CHARACTER SET utf8mb4 COLLATE utf8mb4_unicode_ci  NULL     DEFAULT NULL COMMENT 'ж–Үд»¶зұ»еһӢ',
    `size`        int                                                            NOT NULL COMMENT 'ж–Үд»¶еӨ§е°Ҹ',
    `creator`     varchar(64) CHARACTER SET utf8mb4 COLLATE utf8mb4_unicode_ci   NULL     DEFAULT '' COMMENT 'еҲӣе»әиҖ…',
    `create_time` datetime                                                       NOT NULL DEFAULT CURRENT_TIMESTAMP COMMENT 'еҲӣе»әж—¶й—ҙ',
    `updater`     varchar(64) CHARACTER SET utf8mb4 COLLATE utf8mb4_unicode_ci   NULL     DEFAULT '' COMMENT 'жӣҙж–°иҖ…',
    `update_time` datetime                                                       NOT NULL DEFAULT CURRENT_TIMESTAMP ON UPDATE CURRENT_TIMESTAMP COMMENT 'жӣҙж–°ж—¶й—ҙ',
    `deleted`     bit(1)                                                         NOT NULL DEFAULT b'0' COMMENT 'жҳҜеҗҰеҲ йҷӨ',
    PRIMARY KEY (`id`) USING BTREE
) ENGINE = InnoDB
  AUTO_INCREMENT = 2142
  CHARACTER SET = utf8mb4
  COLLATE = utf8mb4_unicode_ci COMMENT = 'ж–Үд»¶иЎЁ'
  ROW_FORMAT = Dynamic;

-- ----------------------------
-- Records of infra_file
-- ----------------------------

-- ----------------------------
-- Table structure for infra_file_config
-- ----------------------------
DROP TABLE IF EXISTS `infra_file_config`;
CREATE TABLE `infra_file_config`
(
    `id`          bigint                                                         NOT NULL AUTO_INCREMENT COMMENT 'зј–еҸ·',
    `name`        varchar(63) CHARACTER SET utf8mb4 COLLATE utf8mb4_unicode_ci   NOT NULL COMMENT 'й…ҚзҪ®еҗҚ',
    `storage`     tinyint                                                        NOT NULL COMMENT 'еӯҳеӮЁеҷЁ',
    `remark`      varchar(255) CHARACTER SET utf8mb4 COLLATE utf8mb4_unicode_ci  NULL     DEFAULT NULL COMMENT 'еӨҮжіЁ',
    `master`      bit(1)                                                         NOT NULL COMMENT 'жҳҜеҗҰдёәдё»й…ҚзҪ®',
    `config`      varchar(4096) CHARACTER SET utf8mb4 COLLATE utf8mb4_unicode_ci NOT NULL COMMENT 'еӯҳеӮЁй…ҚзҪ®',
    `creator`     varchar(64) CHARACTER SET utf8mb4 COLLATE utf8mb4_unicode_ci   NULL     DEFAULT '' COMMENT 'еҲӣе»әиҖ…',
    `create_time` datetime                                                       NOT NULL DEFAULT CURRENT_TIMESTAMP COMMENT 'еҲӣе»әж—¶й—ҙ',
    `updater`     varchar(64) CHARACTER SET utf8mb4 COLLATE utf8mb4_unicode_ci   NULL     DEFAULT '' COMMENT 'жӣҙж–°иҖ…',
    `update_time` datetime                                                       NOT NULL DEFAULT CURRENT_TIMESTAMP ON UPDATE CURRENT_TIMESTAMP COMMENT 'жӣҙж–°ж—¶й—ҙ',
    `deleted`     bit(1)                                                         NOT NULL DEFAULT b'0' COMMENT 'жҳҜеҗҰеҲ йҷӨ',
    PRIMARY KEY (`id`) USING BTREE
) ENGINE = InnoDB
  AUTO_INCREMENT = 36
  CHARACTER SET = utf8mb4
  COLLATE = utf8mb4_unicode_ci COMMENT = 'ж–Үд»¶й…ҚзҪ®иЎЁ'
  ROW_FORMAT = Dynamic;

-- ----------------------------
-- Records of infra_file_config
-- ----------------------------
INSERT INTO `infra_file_config`
VALUES (4, 'ж•°жҚ®еә“пјҲзӨәдҫӢпјү', 1, 'жҲ‘жҳҜж•°жҚ®еә“', b'0',
        '{\"@class\":\"cn.liboshuai.pulsix.module.infra.framework.file.core.client.db.DBFileClientConfig\",\"domain\":\"http://127.0.0.1:48080\"}',
        '1', '2022-03-15 23:56:24', '1', '2025-11-24 20:57:14', b'0');
INSERT INTO `infra_file_config`
VALUES (22, 'дёғзүӣеӯҳеӮЁеҷЁпјҲзӨәдҫӢпјү', 20, 'иҜ·жҚўжҲҗдҪ иҮӘе·ұзҡ„еҜҶй’ҘпјҒпјҒпјҒ', b'1',
        '{\"@class\":\"cn.liboshuai.pulsix.module.infra.framework.file.core.client.s3.S3FileClientConfig\",\"endpoint\":\"s3.cn-south-1.qiniucs.com\",\"domain\":\"http://test.pulsix.iocoder.cn\",\"bucket\":\"ruoyi-vue-pro\",\"accessKey\":\"YOUR_ACCESS_KEY\",\"accessSecret\":\"YOUR_ACCESS_SECRET\",\"enablePathStyleAccess\":false,\"enablePublicAccess\":true}',
        '1', '2024-01-13 22:11:12', '1', '2025-11-24 20:57:14', b'0');
INSERT INTO `infra_file_config`
VALUES (24, 'и…ҫи®Ҝдә‘еӯҳеӮЁпјҲзӨәдҫӢпјү', 20, 'иҜ·жҚўжҲҗдҪ зҡ„еҜҶй’ҘпјҒпјҒпјҒ', b'0',
        '{\"@class\":\"cn.liboshuai.pulsix.module.infra.framework.file.core.client.s3.S3FileClientConfig\",\"endpoint\":\"https://cos.ap-shanghai.myqcloud.com\",\"domain\":\"http://tengxun-oss.iocoder.cn\",\"bucket\":\"aoteman-1255880240\",\"accessKey\":\"YOUR_ACCESS_KEY\",\"accessSecret\":\"YOUR_ACCESS_SECRET\",\"enablePathStyleAccess\":false,\"enablePublicAccess\":true}',
        '1', '2024-11-09 16:03:22', '1', '2025-11-24 20:57:14', b'0');
INSERT INTO `infra_file_config`
VALUES (25, 'йҳҝйҮҢдә‘еӯҳеӮЁпјҲзӨәдҫӢпјү', 20, '', b'0',
        '{\"@class\":\"cn.liboshuai.pulsix.module.infra.framework.file.core.client.s3.S3FileClientConfig\",\"endpoint\":\"oss-cn-beijing.aliyuncs.com\",\"domain\":\"http://ali-oss.iocoder.cn\",\"bucket\":\"yunai-aoteman\",\"accessKey\":\"YOUR_ACCESS_KEY\",\"accessSecret\":\"YOUR_ACCESS_SECRET\",\"enablePathStyleAccess\":false,\"enablePublicAccess\":true}',
        '1', '2024-11-09 16:47:08', '1', '2025-11-24 20:57:14', b'0');
INSERT INTO `infra_file_config`
VALUES (26, 'зҒ«еұұдә‘еӯҳеӮЁпјҲзӨәдҫӢпјү', 20, '', b'0',
        '{\"@class\":\"cn.liboshuai.pulsix.module.infra.framework.file.core.client.s3.S3FileClientConfig\",\"endpoint\":\"tos-s3-cn-beijing.volces.com\",\"domain\":null,\"bucket\":\"yunai\",\"accessKey\":\"YOUR_ACCESS_KEY\",\"accessSecret\":\"YOUR_ACCESS_SECRET\",\"enablePathStyleAccess\":false,\"enablePublicAccess\":true}',
        '1', '2024-11-09 16:56:42', '1', '2025-11-24 20:57:14', b'0');
INSERT INTO `infra_file_config`
VALUES (27, 'еҚҺдёәдә‘еӯҳеӮЁпјҲзӨәдҫӢпјү', 20, '', b'0',
        '{\"@class\":\"cn.liboshuai.pulsix.module.infra.framework.file.core.client.s3.S3FileClientConfig\",\"endpoint\":\"obs.cn-east-3.myhuaweicloud.com\",\"domain\":\"\",\"bucket\":\"pulsix\",\"accessKey\":\"YOUR_ACCESS_KEY\",\"accessSecret\":\"YOUR_ACCESS_SECRET\",\"enablePathStyleAccess\":false,\"enablePublicAccess\":true}',
        '1', '2024-11-09 17:18:41', '1', '2025-11-24 20:57:14', b'0');
INSERT INTO `infra_file_config`
VALUES (28, 'MinIO еӯҳеӮЁпјҲзӨәдҫӢпјү', 20, '', b'0',
        '{\"@class\":\"cn.liboshuai.pulsix.module.infra.framework.file.core.client.s3.S3FileClientConfig\",\"endpoint\":\"http://127.0.0.1:9000\",\"domain\":\"http://127.0.0.1:9000/pulsix\",\"bucket\":\"pulsix\",\"accessKey\":\"admin\",\"accessSecret\":\"password\",\"enablePathStyleAccess\":false,\"enablePublicAccess\":true}',
        '1', '2024-11-09 17:43:10', '1', '2025-11-24 20:57:14', b'0');
INSERT INTO `infra_file_config`
VALUES (29, 'жң¬ең°еӯҳеӮЁпјҲзӨәдҫӢпјү', 10, 'mac/linux дҪҝз”Ё /пјҢwindows дҪҝз”Ё \\', b'0',
        '{\"@class\":\"cn.liboshuai.pulsix.module.infra.framework.file.core.client.local.LocalFileClientConfig\",\"basePath\":\"/Users/yunai/tmp/file\",\"domain\":\"http://127.0.0.1:48080\"}',
        '1', '2025-05-02 11:25:45', '1', '2025-11-24 20:57:14', b'0');
INSERT INTO `infra_file_config`
VALUES (30, 'SFTP еӯҳеӮЁпјҲзӨәдҫӢпјү', 12, '', b'0',
        '{\"@class\":\"cn.liboshuai.pulsix.module.infra.framework.file.core.client.sftp.SftpFileClientConfig\",\"basePath\":\"/upload\",\"domain\":\"http://127.0.0.1:48080\",\"host\":\"127.0.0.1\",\"port\":2222,\"username\":\"foo\",\"password\":\"pass\"}',
        '1', '2025-05-02 16:34:10', '1', '2025-11-24 20:57:14', b'0');
INSERT INTO `infra_file_config`
VALUES (34, 'дёғзүӣдә‘еӯҳеӮЁгҖҗз§ҒжңүгҖ‘пјҲзӨәдҫӢпјү', 20, 'иҜ·жҚўжҲҗдҪ иҮӘе·ұзҡ„еҜҶй’ҘпјҒпјҒпјҒ', b'0',
        '{\"@class\":\"cn.liboshuai.pulsix.module.infra.framework.file.core.client.s3.S3FileClientConfig\",\"endpoint\":\"s3.cn-south-1.qiniucs.com\",\"domain\":\"http://t151glocd.hn-bkt.clouddn.com\",\"bucket\":\"ruoyi-vue-pro-private\",\"accessKey\":\"YOUR_ACCESS_KEY\",\"accessSecret\":\"YOUR_ACCESS_SECRET\",\"enablePathStyleAccess\":false,\"enablePublicAccess\":false}',
        '1', '2025-08-17 21:22:00', '1', '2025-11-24 20:57:14', b'0');
INSERT INTO `infra_file_config`
VALUES (35, '1', 20, '1', b'0',
        '{\"@class\":\"cn.liboshuai.pulsix.module.infra.framework.file.core.client.s3.S3FileClientConfig\",\"endpoint\":\"http://www.baidu.com\",\"domain\":\"http://www.xxx.com\",\"bucket\":\"1\",\"accessKey\":\"2\",\"accessSecret\":\"3\",\"enablePathStyleAccess\":false,\"enablePublicAccess\":false}',
        '1', '2025-10-02 14:32:12', '1', '2025-11-24 20:57:14', b'0');

-- ----------------------------
-- Table structure for infra_file_content
-- ----------------------------
DROP TABLE IF EXISTS `infra_file_content`;
CREATE TABLE `infra_file_content`
(
    `id`          bigint                                                        NOT NULL AUTO_INCREMENT COMMENT 'зј–еҸ·',
    `config_id`   bigint                                                        NOT NULL COMMENT 'й…ҚзҪ®зј–еҸ·',
    `path`        varchar(512) CHARACTER SET utf8mb4 COLLATE utf8mb4_unicode_ci NOT NULL COMMENT 'ж–Үд»¶и·Ҝеҫ„',
    `content`     mediumblob                                                    NOT NULL COMMENT 'ж–Үд»¶еҶ…е®№',
    `creator`     varchar(64) CHARACTER SET utf8mb4 COLLATE utf8mb4_unicode_ci  NULL     DEFAULT '' COMMENT 'еҲӣе»әиҖ…',
    `create_time` datetime                                                      NOT NULL DEFAULT CURRENT_TIMESTAMP COMMENT 'еҲӣе»әж—¶й—ҙ',
    `updater`     varchar(64) CHARACTER SET utf8mb4 COLLATE utf8mb4_unicode_ci  NULL     DEFAULT '' COMMENT 'жӣҙж–°иҖ…',
    `update_time` datetime                                                      NOT NULL DEFAULT CURRENT_TIMESTAMP ON UPDATE CURRENT_TIMESTAMP COMMENT 'жӣҙж–°ж—¶й—ҙ',
    `deleted`     bit(1)                                                        NOT NULL DEFAULT b'0' COMMENT 'жҳҜеҗҰеҲ йҷӨ',
    PRIMARY KEY (`id`) USING BTREE
) ENGINE = InnoDB
  AUTO_INCREMENT = 286
  CHARACTER SET = utf8mb4
  COLLATE = utf8mb4_unicode_ci COMMENT = 'ж–Үд»¶иЎЁ'
  ROW_FORMAT = Dynamic;

-- ----------------------------
-- Records of infra_file_content
-- ----------------------------

-- ----------------------------
-- Table structure for infra_job
-- ----------------------------
DROP TABLE IF EXISTS `infra_job`;
CREATE TABLE `infra_job`
(
    `id`              bigint                                                        NOT NULL AUTO_INCREMENT COMMENT 'д»»еҠЎзј–еҸ·',
    `name`            varchar(32) CHARACTER SET utf8mb4 COLLATE utf8mb4_unicode_ci  NOT NULL COMMENT 'д»»еҠЎеҗҚз§°',
    `status`          tinyint                                                       NOT NULL COMMENT 'д»»еҠЎзҠ¶жҖҒ',
    `handler_name`    varchar(64) CHARACTER SET utf8mb4 COLLATE utf8mb4_unicode_ci  NOT NULL COMMENT 'еӨ„зҗҶеҷЁзҡ„еҗҚеӯ—',
    `handler_param`   varchar(255) CHARACTER SET utf8mb4 COLLATE utf8mb4_unicode_ci NULL     DEFAULT NULL COMMENT 'еӨ„зҗҶеҷЁзҡ„еҸӮж•°',
    `cron_expression` varchar(32) CHARACTER SET utf8mb4 COLLATE utf8mb4_unicode_ci  NOT NULL COMMENT 'CRON иЎЁиҫҫејҸ',
    `retry_count`     int                                                           NOT NULL DEFAULT 0 COMMENT 'йҮҚиҜ•ж¬Ўж•°',
    `retry_interval`  int                                                           NOT NULL DEFAULT 0 COMMENT 'йҮҚиҜ•й—ҙйҡ”',
    `monitor_timeout` int                                                           NOT NULL DEFAULT 0 COMMENT 'зӣ‘жҺ§и¶…ж—¶ж—¶й—ҙ',
    `creator`         varchar(64) CHARACTER SET utf8mb4 COLLATE utf8mb4_unicode_ci  NULL     DEFAULT '' COMMENT 'еҲӣе»әиҖ…',
    `create_time`     datetime                                                      NOT NULL DEFAULT CURRENT_TIMESTAMP COMMENT 'еҲӣе»әж—¶й—ҙ',
    `updater`         varchar(64) CHARACTER SET utf8mb4 COLLATE utf8mb4_unicode_ci  NULL     DEFAULT '' COMMENT 'жӣҙж–°иҖ…',
    `update_time`     datetime                                                      NOT NULL DEFAULT CURRENT_TIMESTAMP ON UPDATE CURRENT_TIMESTAMP COMMENT 'жӣҙж–°ж—¶й—ҙ',
    `deleted`         bit(1)                                                        NOT NULL DEFAULT b'0' COMMENT 'жҳҜеҗҰеҲ йҷӨ',
    PRIMARY KEY (`id`) USING BTREE
) ENGINE = InnoDB
  AUTO_INCREMENT = 41
  CHARACTER SET = utf8mb4
  COLLATE = utf8mb4_unicode_ci COMMENT = 'е®ҡж—¶д»»еҠЎиЎЁ'
  ROW_FORMAT = Dynamic;

-- ----------------------------
-- Records of infra_job
-- ----------------------------
INSERT INTO `infra_job`
VALUES (5, 'ж”Ҝд»ҳйҖҡзҹҘ Job', 2, 'payNotifyJob', NULL, '* * * * * ?', 0, 0, 0, '1', '2021-10-27 08:34:42', '1',
        '2024-09-12 13:32:48', b'0');
INSERT INTO `infra_job`
VALUES (17, 'ж”Ҝд»ҳи®ўеҚ•еҗҢжӯҘ Job', 2, 'payOrderSyncJob', NULL, '0 0/1 * * * ?', 0, 0, 0, '1', '2023-07-22 14:36:26', '1',
        '2023-07-22 15:39:08', b'0');
INSERT INTO `infra_job`
VALUES (18, 'ж”Ҝд»ҳи®ўеҚ•иҝҮжңҹ Job', 2, 'payOrderExpireJob', NULL, '0 0/1 * * * ?', 0, 0, 0, '1', '2023-07-22 15:36:23', '1',
        '2023-07-22 15:39:54', b'0');
INSERT INTO `infra_job`
VALUES (19, 'йҖҖж¬ҫи®ўеҚ•зҡ„еҗҢжӯҘ Job', 2, 'payRefundSyncJob', NULL, '0 0/1 * * * ?', 0, 0, 0, '1', '2023-07-23 21:03:44',
        '1', '2023-07-23 21:09:00', b'0');
INSERT INTO `infra_job`
VALUES (21, 'Mall дәӨжҳ“и®ўеҚ•зҡ„иҮӘеҠЁиҝҮжңҹ Job', 2, 'tradeOrderAutoCancelJob', '', '0 * * * * ?', 3, 0, 0, '1',
        '2023-09-25 23:43:26', '1', '2025-10-02 11:08:34', b'0');
INSERT INTO `infra_job`
VALUES (22, 'Mall дәӨжҳ“и®ўеҚ•зҡ„иҮӘеҠЁж”¶иҙ§ Job', 2, 'tradeOrderAutoReceiveJob', '', '0 * * * * ?', 3, 0, 0, '1',
        '2023-09-26 19:23:53', '1', '2025-10-02 11:08:36', b'0');
INSERT INTO `infra_job`
VALUES (23, 'Mall дәӨжҳ“и®ўеҚ•зҡ„иҮӘеҠЁиҜ„и®ә Job', 2, 'tradeOrderAutoCommentJob', '', '0 * * * * ?', 3, 0, 0, '1',
        '2023-09-26 23:38:29', '1', '2025-10-02 11:08:38', b'0');
INSERT INTO `infra_job`
VALUES (24, 'Mall дҪЈйҮ‘и§ЈеҶ» Job', 2, 'brokerageRecordUnfreezeJob', '', '0 * * * * ?', 3, 0, 0, '1',
        '2023-09-28 22:01:46', '1', '2025-10-02 11:08:04', b'0');
INSERT INTO `infra_job`
VALUES (25, 'и®ҝй—®ж—Ҙеҝ—жё…зҗҶ Job', 2, 'accessLogCleanJob', '', '0 0 0 * * ?', 3, 0, 0, '1', '2023-10-03 10:59:41', '1',
        '2023-10-03 11:01:10', b'0');
INSERT INTO `infra_job`
VALUES (26, 'й”ҷиҜҜж—Ҙеҝ—жё…зҗҶ Job', 2, 'errorLogCleanJob', '', '0 0 0 * * ?', 3, 0, 0, '1', '2023-10-03 11:00:43', '1',
        '2023-10-03 11:01:12', b'0');
INSERT INTO `infra_job`
VALUES (27, 'д»»еҠЎж—Ҙеҝ—жё…зҗҶ Job', 2, 'jobLogCleanJob', '', '0 0 0 * * ?', 3, 0, 0, '1', '2023-10-03 11:01:33', '1',
        '2024-09-12 13:40:34', b'0');
INSERT INTO `infra_job`
VALUES (33, 'demoJob', 2, 'demoJob', '', '0 * * * * ?', 1, 1, 0, '1', '2024-10-27 19:38:46', '1', '2025-05-10 18:13:54',
        b'0');
INSERT INTO `infra_job`
VALUES (35, 'иҪ¬иҙҰи®ўеҚ•зҡ„еҗҢжӯҘ Job', 2, 'payTransferSyncJob', '', '0 * * * * ?', 0, 0, 0, '1', '2025-05-10 17:35:54', '1',
        '2025-05-10 18:13:52', b'0');
INSERT INTO `infra_job`
VALUES (36, 'IoT и®ҫеӨҮзҰ»зәҝжЈҖжҹҘ Job', 2, 'iotDeviceOfflineCheckJob', '', '0 * * * * ?', 0, 0, 0, '1',
        '2025-07-03 23:48:44', '\"1\"', '2025-07-03 23:48:47', b'0');
INSERT INTO `infra_job`
VALUES (37, 'IoT OTA еҚҮзә§жҺЁйҖҒ Job', 2, 'iotOtaUpgradeJob', '', '0 * * * * ?', 0, 0, 0, '1', '2025-07-03 23:49:07',
        '\"1\"', '2025-07-03 23:49:13', b'0');
INSERT INTO `infra_job`
VALUES (38, 'Mall жӢјеӣўиҝҮжңҹ Job', 2, 'combinationRecordExpireJob', '', '0 * * * * ?', 0, 0, 0, '1',
        '2025-10-02 11:07:11', '1', '2025-10-02 11:07:14', b'0');
INSERT INTO `infra_job`
VALUES (39, 'Mall дјҳжғ еҲёиҝҮжңҹ Job', 2, 'couponExpireJob', '', '0 * * * * ?', 0, 0, 0, '1', '2025-10-02 11:07:34', '1',
        '2025-10-02 11:07:37', b'0');
INSERT INTO `infra_job`
VALUES (40, 'Mall е•Ҷе“Ғз»ҹи®Ў Job', 2, 'productStatisticsJob', '', '0 0 0 * * ?', 0, 0, 0, '1', '2025-11-22 18:51:25', '1',
        '2025-11-22 18:56:21', b'0');

-- ----------------------------
-- Table structure for infra_job_log
-- ----------------------------
DROP TABLE IF EXISTS `infra_job_log`;
CREATE TABLE `infra_job_log`
(
    `id`            bigint                                                         NOT NULL AUTO_INCREMENT COMMENT 'ж—Ҙеҝ—зј–еҸ·',
    `job_id`        bigint                                                         NOT NULL COMMENT 'д»»еҠЎзј–еҸ·',
    `handler_name`  varchar(64) CHARACTER SET utf8mb4 COLLATE utf8mb4_unicode_ci   NOT NULL COMMENT 'еӨ„зҗҶеҷЁзҡ„еҗҚеӯ—',
    `handler_param` varchar(255) CHARACTER SET utf8mb4 COLLATE utf8mb4_unicode_ci  NULL     DEFAULT NULL COMMENT 'еӨ„зҗҶеҷЁзҡ„еҸӮж•°',
    `execute_index` tinyint                                                        NOT NULL DEFAULT 1 COMMENT 'з¬¬еҮ ж¬Ўжү§иЎҢ',
    `begin_time`    datetime                                                       NOT NULL COMMENT 'ејҖе§Ӣжү§иЎҢж—¶й—ҙ',
    `end_time`      datetime                                                       NULL     DEFAULT NULL COMMENT 'з»“жқҹжү§иЎҢж—¶й—ҙ',
    `duration`      int                                                            NULL     DEFAULT NULL COMMENT 'жү§иЎҢж—¶й•ҝ',
    `status`        tinyint                                                        NOT NULL COMMENT 'д»»еҠЎзҠ¶жҖҒ',
    `result`        varchar(4000) CHARACTER SET utf8mb4 COLLATE utf8mb4_unicode_ci NULL     DEFAULT '' COMMENT 'з»“жһңж•°жҚ®',
    `creator`       varchar(64) CHARACTER SET utf8mb4 COLLATE utf8mb4_unicode_ci   NULL     DEFAULT '' COMMENT 'еҲӣе»әиҖ…',
    `create_time`   datetime                                                       NOT NULL DEFAULT CURRENT_TIMESTAMP COMMENT 'еҲӣе»әж—¶й—ҙ',
    `updater`       varchar(64) CHARACTER SET utf8mb4 COLLATE utf8mb4_unicode_ci   NULL     DEFAULT '' COMMENT 'жӣҙж–°иҖ…',
    `update_time`   datetime                                                       NOT NULL DEFAULT CURRENT_TIMESTAMP ON UPDATE CURRENT_TIMESTAMP COMMENT 'жӣҙж–°ж—¶й—ҙ',
    `deleted`       bit(1)                                                         NOT NULL DEFAULT b'0' COMMENT 'жҳҜеҗҰеҲ йҷӨ',
    PRIMARY KEY (`id`) USING BTREE
) ENGINE = InnoDB
  AUTO_INCREMENT = 987
  CHARACTER SET = utf8mb4
  COLLATE = utf8mb4_unicode_ci COMMENT = 'е®ҡж—¶д»»еҠЎж—Ҙеҝ—иЎЁ'
  ROW_FORMAT = Dynamic;

-- ----------------------------
-- Records of infra_job_log
-- ----------------------------

-- ----------------------------
-- Table structure for list_item
-- ----------------------------
DROP TABLE IF EXISTS `list_item`;
CREATE TABLE `list_item`
(
    `id`          bigint                                                        NOT NULL AUTO_INCREMENT COMMENT 'дё»й”®',
    `list_code`   varchar(64) CHARACTER SET utf8mb4 COLLATE utf8mb4_unicode_ci  NOT NULL COMMENT 'еҗҚеҚ•зј–з Ғ',
    `match_key`   varchar(128) CHARACTER SET utf8mb4 COLLATE utf8mb4_unicode_ci NULL     DEFAULT NULL COMMENT 'еҢ№й…Қеӯ—ж®ө',
    `match_value` varchar(512) CHARACTER SET utf8mb4 COLLATE utf8mb4_unicode_ci NOT NULL COMMENT 'еҢ№й…ҚеҖј',
    `source_type` varchar(32) CHARACTER SET utf8mb4 COLLATE utf8mb4_unicode_ci  NOT NULL DEFAULT 'MANUAL_IMPORT' COMMENT 'жқҘжәҗзұ»еһӢ',
    `expire_at`   datetime                                                      NULL     DEFAULT NULL COMMENT 'иҝҮжңҹж—¶й—ҙ',
    `tag_json`    json                                                          NULL COMMENT 'ж ҮзӯҫдҝЎжҒҜ',
    `status`      tinyint                                                       NOT NULL DEFAULT 1 COMMENT 'зҠ¶жҖҒ',
    `remark`      varchar(512) CHARACTER SET utf8mb4 COLLATE utf8mb4_unicode_ci NULL     DEFAULT NULL COMMENT 'еӨҮжіЁ',
    `ext_json`    json                                                          NULL COMMENT 'жү©еұ•дҝЎжҒҜ',
    `creator`     varchar(64) CHARACTER SET utf8mb4 COLLATE utf8mb4_unicode_ci  NULL     DEFAULT '' COMMENT 'еҲӣе»әиҖ…',
    `create_time` datetime                                                      NOT NULL DEFAULT CURRENT_TIMESTAMP COMMENT 'еҲӣе»әж—¶й—ҙ',
    `updater`     varchar(64) CHARACTER SET utf8mb4 COLLATE utf8mb4_unicode_ci  NULL     DEFAULT '' COMMENT 'жӣҙж–°иҖ…',
    `update_time` datetime                                                      NOT NULL DEFAULT CURRENT_TIMESTAMP ON UPDATE CURRENT_TIMESTAMP COMMENT 'жӣҙж–°ж—¶й—ҙ',
    `deleted`     bit(1)                                                        NOT NULL DEFAULT b'0' COMMENT 'жҳҜеҗҰеҲ йҷӨ',
    PRIMARY KEY (`id`) USING BTREE,
    INDEX `idx_list_status` (`list_code` ASC, `status` ASC) USING BTREE,
    INDEX `idx_match_value` (`match_value`(191) ASC) USING BTREE
) ENGINE = InnoDB
  AUTO_INCREMENT = 6
  CHARACTER SET = utf8mb4
  COLLATE = utf8mb4_unicode_ci COMMENT = 'еҗҚеҚ•жқЎзӣ®иЎЁ'
  ROW_FORMAT = Dynamic;

-- ----------------------------
-- Records of list_item
-- ----------------------------
INSERT INTO `list_item`
VALUES (1, 'PROMOTION_PROXY_IP_WATCH_LIST', 'ip', '203.0.113.10', 'MANUAL_IMPORT', NULL, '[
  \"proxy\",
  \"marketing\"
]', 1, 'иҗҘй”Җд»ЈзҗҶ IP йЈҺйҷ©ж ·дҫӢ', '{
  \"provider\": \"cloud_proxy_a\"
}', 'admin', '2026-03-08 10:03:00', 'admin', '2026-03-08 10:03:00', b'0');
INSERT INTO `list_item`
VALUES (2, 'PROMOTION_PROXY_IP_WATCH_LIST', 'ip', '203.0.113.11', 'MANUAL_IMPORT', NULL, '[
  \"proxy\",
  \"coupon_farm\"
]', 1, 'иҗҘй”Җд»ЈзҗҶ IP иЎҘе……ж ·дҫӢ', '{
  \"provider\": \"cloud_proxy_b\"
}', 'admin', '2026-03-08 10:03:00', 'admin', '2026-03-08 10:03:00', b'0');
INSERT INTO `list_item`
VALUES (3, 'WITHDRAW_ACCOUNT_OBSERVE_LIST', 'withdrawAccountId', 'WACC_99002', 'MANUAL_IMPORT', NULL, '[
  \"manual_watch\",
  \"shared_account\"
]', 1, 'дәәе·Ҙи§ӮеҜҹдёӯзҡ„жҸҗзҺ°иҙҰжҲ·ж ·дҫӢ', '{
  \"source\": \"ops_watchlist\"
}', 'admin', '2026-03-08 11:03:00', 'admin', '2026-03-08 11:03:00', b'0');
INSERT INTO `list_item`
VALUES (4, 'ORDER_DEVICE_BLACKLIST', 'deviceId', 'DVC_ORDER_BLACK_01', 'MANUAL_IMPORT', NULL, '[
  \"device_black\",
  \"refund_abuse\"
]', 1, 'и®ўеҚ•и®ҫеӨҮй»‘еҗҚеҚ•ж ·дҫӢ', '{
  \"source\": \"manual_import\"
}', 'admin', '2026-03-08 12:03:00', 'admin', '2026-03-08 12:03:00', b'0');
INSERT INTO `list_item`
VALUES (5, 'ORDER_USER_WHITE_LIST', 'userId', 'U40088', 'MANUAL_IMPORT', NULL, '[
  \"vip\",
  \"trusted_user\"
]', 1, 'и®ўеҚ•зҷҪеҗҚеҚ•ж ·дҫӢ', '{
  \"source\": \"ops_whitelist\"
}', 'admin', '2026-03-08 12:03:00', 'admin', '2026-03-08 12:03:00', b'0');

-- ----------------------------
-- Table structure for list_set
-- ----------------------------
DROP TABLE IF EXISTS `list_set`;
CREATE TABLE `list_set`
(
    `id`               bigint                                                        NOT NULL AUTO_INCREMENT COMMENT 'дё»й”®',
    `scene_code`       varchar(64) CHARACTER SET utf8mb4 COLLATE utf8mb4_unicode_ci  NOT NULL COMMENT 'еңәжҷҜзј–з Ғ',
    `list_code`        varchar(64) CHARACTER SET utf8mb4 COLLATE utf8mb4_unicode_ci  NOT NULL COMMENT 'еҗҚеҚ•зј–з Ғ',
    `list_name`        varchar(128) CHARACTER SET utf8mb4 COLLATE utf8mb4_unicode_ci NOT NULL COMMENT 'еҗҚеҚ•еҗҚз§°',
    `match_type`       varchar(32) CHARACTER SET utf8mb4 COLLATE utf8mb4_unicode_ci  NOT NULL COMMENT 'еҢ№й…Қзұ»еһӢ',
    `list_type`        varchar(32) CHARACTER SET utf8mb4 COLLATE utf8mb4_unicode_ci  NOT NULL COMMENT 'еҗҚеҚ•зұ»еһӢ',
    `sync_mode`        varchar(32) CHARACTER SET utf8mb4 COLLATE utf8mb4_unicode_ci  NOT NULL DEFAULT 'MANUAL' COMMENT 'еҗҢжӯҘжЁЎејҸ',
    `redis_key_prefix` varchar(256) CHARACTER SET utf8mb4 COLLATE utf8mb4_unicode_ci NULL     DEFAULT NULL COMMENT 'Redis Key еүҚзјҖ',
    `last_sync_time`   datetime                                                      NULL     DEFAULT NULL COMMENT 'жңҖиҝ‘еҗҢжӯҘж—¶й—ҙ',
    `status`           tinyint                                                       NOT NULL DEFAULT 1 COMMENT 'зҠ¶жҖҒ',
    `description`      varchar(512) CHARACTER SET utf8mb4 COLLATE utf8mb4_unicode_ci NULL     DEFAULT NULL COMMENT 'жҸҸиҝ°',
    `creator`          varchar(64) CHARACTER SET utf8mb4 COLLATE utf8mb4_unicode_ci  NULL     DEFAULT '' COMMENT 'еҲӣе»әиҖ…',
    `create_time`      datetime                                                      NOT NULL DEFAULT CURRENT_TIMESTAMP COMMENT 'еҲӣе»әж—¶й—ҙ',
    `updater`          varchar(64) CHARACTER SET utf8mb4 COLLATE utf8mb4_unicode_ci  NULL     DEFAULT '' COMMENT 'жӣҙж–°иҖ…',
    `update_time`      datetime                                                      NOT NULL DEFAULT CURRENT_TIMESTAMP ON UPDATE CURRENT_TIMESTAMP COMMENT 'жӣҙж–°ж—¶й—ҙ',
    `deleted`          bit(1)                                                        NOT NULL DEFAULT b'0' COMMENT 'жҳҜеҗҰеҲ йҷӨ',
    PRIMARY KEY (`id`) USING BTREE,
    UNIQUE INDEX `uk_scene_list` (`scene_code` ASC, `list_code` ASC) USING BTREE,
    INDEX `idx_scene_status` (`scene_code` ASC, `status` ASC) USING BTREE
) ENGINE = InnoDB
  AUTO_INCREMENT = 5
  CHARACTER SET = utf8mb4
  COLLATE = utf8mb4_unicode_ci COMMENT = 'еҗҚеҚ•йӣҶеҗҲиЎЁ'
  ROW_FORMAT = Dynamic;

-- ----------------------------
-- Records of list_set
-- ----------------------------
INSERT INTO `list_set`
VALUES (1, 'PROMOTION_RISK', 'PROMOTION_PROXY_IP_WATCH_LIST', 'иҗҘй”Җд»ЈзҗҶIPи§ӮеҜҹеҗҚеҚ•', 'IP', 'WATCH', 'MANUAL',
        'pulsix:list:watch:promotion:ip_proxy', '2026-03-08 10:06:00', 1, 'з”ЁдәҺиҜҶеҲ«иҗҘй”ҖеҸ—зҗҶй“ҫи·Ҝдёӯзҡ„д»ЈзҗҶ/жңәжҲҝ IP',
        'admin', '2026-03-08 10:02:00', 'admin', '2026-03-08 10:06:00', b'0');
INSERT INTO `list_set`
VALUES (2, 'WITHDRAW_RISK', 'WITHDRAW_ACCOUNT_OBSERVE_LIST', 'жҸҗзҺ°иҙҰжҲ·и§ӮеҜҹеҗҚеҚ•', 'WITHDRAW_ACCOUNT', 'WATCH', 'MANUAL',
        'pulsix:list:watch:withdraw:account', '2026-03-08 11:06:00', 1, 'з”ЁдәҺжІүж·ҖеҺҶеҸІеҸҜз–‘жҸҗзҺ°иҙҰжҲ·пјҢдҫӣиҝҗиҗҘи·ҹиёӘ', 'admin',
        '2026-03-08 11:02:00', 'admin', '2026-03-08 11:06:00', b'0');
INSERT INTO `list_set`
VALUES (3, 'ORDER_RISK', 'ORDER_DEVICE_BLACKLIST', 'и®ўеҚ•и®ҫеӨҮй»‘еҗҚеҚ•', 'DEVICE', 'BLACK', 'MANUAL',
        'pulsix:list:black:order:device', '2026-03-08 12:06:00', 1, 'з”ЁдәҺжӢҰжҲӘж”Ҝд»ҳжҲҗеҠҹеҗҺзҡ„й«ҳйЈҺйҷ©и®ҫеӨҮи®ўеҚ•', 'admin',
        '2026-03-08 12:02:00', 'admin', '2026-03-08 12:06:00', b'0');
INSERT INTO `list_set`
VALUES (4, 'ORDER_RISK', 'ORDER_USER_WHITE_LIST', 'и®ўеҚ•з”ЁжҲ·зҷҪеҗҚеҚ•', 'USER', 'WHITE', 'MANUAL',
        'pulsix:list:white:order:user', '2026-03-08 12:06:00', 1, 'з”ЁдәҺдҝқжҠӨй«ҳд»·еҖјеҸҜдҝЎз”ЁжҲ·дёҚиў«иҜҜжӢ’', 'admin',
        '2026-03-08 12:02:00', 'admin', '2026-03-08 12:06:00', b'0');

-- ----------------------------
-- Table structure for policy_def
-- ----------------------------
DROP TABLE IF EXISTS `policy_def`;
CREATE TABLE `policy_def`
(
    `id`             bigint                                                        NOT NULL AUTO_INCREMENT COMMENT 'дё»й”®',
    `scene_code`     varchar(64) CHARACTER SET utf8mb4 COLLATE utf8mb4_unicode_ci  NOT NULL COMMENT 'еңәжҷҜзј–з Ғ',
    `policy_code`    varchar(64) CHARACTER SET utf8mb4 COLLATE utf8mb4_unicode_ci  NOT NULL COMMENT 'зӯ–з•Ҙзј–з Ғ',
    `policy_name`    varchar(128) CHARACTER SET utf8mb4 COLLATE utf8mb4_unicode_ci NOT NULL COMMENT 'зӯ–з•ҘеҗҚз§°',
    `decision_mode`  varchar(32) CHARACTER SET utf8mb4 COLLATE utf8mb4_unicode_ci  NOT NULL COMMENT 'еҶізӯ–жЁЎејҸ',
    `default_action` varchar(32) CHARACTER SET utf8mb4 COLLATE utf8mb4_unicode_ci  NOT NULL COMMENT 'й»ҳи®ӨеҠЁдҪң',
    `status`         tinyint                                                       NOT NULL DEFAULT 1 COMMENT 'зҠ¶жҖҒ',
    `version`        int                                                           NOT NULL DEFAULT 1 COMMENT 'зүҲжң¬',
    `description`    varchar(512) CHARACTER SET utf8mb4 COLLATE utf8mb4_unicode_ci NULL     DEFAULT NULL COMMENT 'жҸҸиҝ°',
    `creator`        varchar(64) CHARACTER SET utf8mb4 COLLATE utf8mb4_unicode_ci  NULL     DEFAULT '' COMMENT 'еҲӣе»әиҖ…',
    `create_time`    datetime                                                      NOT NULL DEFAULT CURRENT_TIMESTAMP COMMENT 'еҲӣе»әж—¶й—ҙ',
    `updater`        varchar(64) CHARACTER SET utf8mb4 COLLATE utf8mb4_unicode_ci  NULL     DEFAULT '' COMMENT 'жӣҙж–°иҖ…',
    `update_time`    datetime                                                      NOT NULL DEFAULT CURRENT_TIMESTAMP ON UPDATE CURRENT_TIMESTAMP COMMENT 'жӣҙж–°ж—¶й—ҙ',
    `deleted`        bit(1)                                                        NOT NULL DEFAULT b'0' COMMENT 'жҳҜеҗҰеҲ йҷӨ',
    PRIMARY KEY (`id`) USING BTREE,
    UNIQUE INDEX `uk_scene_policy` (`scene_code` ASC, `policy_code` ASC) USING BTREE
) ENGINE = InnoDB
  AUTO_INCREMENT = 6004
  CHARACTER SET = utf8mb4
  COLLATE = utf8mb4_unicode_ci COMMENT = 'зӯ–з•Ҙе®ҡд№үиЎЁ'
  ROW_FORMAT = Dynamic;

-- ----------------------------
-- Records of policy_def
-- ----------------------------
INSERT INTO `policy_def`
VALUES (6001, 'PROMOTION_RISK', 'PROMOTION_RISK_POLICY_FIRST_HIT', 'иҗҘй”ҖйЈҺжҺ§ FIRST_HIT зӯ–з•Ҙ', 'FIRST_HIT', 'PASS', 1, 1,
        'иҗҘй”ҖеҸҚдҪңејҠеҪ“еүҚеҗҜз”Ёзҡ„ FIRST_HIT зӯ–з•Ҙ', 'admin', '2026-03-08 10:16:00', 'admin', '2026-03-08 10:16:00', b'0');
INSERT INTO `policy_def`
VALUES (6002, 'WITHDRAW_RISK', 'WITHDRAW_RISK_POLICY_FIRST_HIT', 'жҸҗзҺ°йЈҺжҺ§ FIRST_HIT зӯ–з•Ҙ', 'FIRST_HIT', 'PASS', 1, 2,
        'жҸҗзҺ°йЈҺжҺ§еҪ“еүҚеҗҜз”Ёзҡ„ FIRST_HIT зӯ–з•Ҙ', 'admin', '2026-03-08 11:16:00', 'admin', '2026-03-10 09:00:00', b'0');
INSERT INTO `policy_def`
VALUES (6003, 'ORDER_RISK', 'ORDER_RISK_POLICY_FIRST_HIT', 'и®ўеҚ•йЈҺжҺ§ FIRST_HIT зӯ–з•Ҙ', 'FIRST_HIT', 'PASS', 1, 1,
        'и®ўеҚ•еҗҺзҪ®йЈҺжҺ§еҪ“еүҚеҗҜз”Ёзҡ„ FIRST_HIT зӯ–з•Ҙ', 'admin', '2026-03-08 12:16:00', 'admin', '2026-03-08 12:16:00', b'0');

-- ----------------------------
-- Table structure for policy_rule_ref
-- ----------------------------
DROP TABLE IF EXISTS `policy_rule_ref`;
CREATE TABLE `policy_rule_ref`
(
    `id`           bigint                                                         NOT NULL AUTO_INCREMENT COMMENT 'дё»й”®',
    `scene_code`   varchar(64) CHARACTER SET utf8mb4 COLLATE utf8mb4_unicode_ci   NOT NULL COMMENT 'еңәжҷҜзј–з Ғ',
    `policy_code`  varchar(64) CHARACTER SET utf8mb4 COLLATE utf8mb4_unicode_ci   NOT NULL COMMENT 'зӯ–з•Ҙзј–з Ғ',
    `rule_code`    varchar(64) CHARACTER SET utf8mb4 COLLATE utf8mb4_unicode_ci   NOT NULL COMMENT 'и§„еҲҷзј–з Ғ',
    `order_no`     int                                                            NOT NULL DEFAULT 0 COMMENT 'йЎәеәҸ',
    `enabled_flag` tinyint                                                        NOT NULL DEFAULT 1 COMMENT 'жҳҜеҗҰеҗҜз”Ё',
    `branch_expr`  varchar(1024) CHARACTER SET utf8mb4 COLLATE utf8mb4_unicode_ci NULL     DEFAULT NULL COMMENT 'еҲҶж”ҜиЎЁиҫҫејҸ',
    `score_weight` int                                                            NULL     DEFAULT NULL COMMENT 'иҜ„еҲҶжқғйҮҚ',
    `creator`      varchar(64) CHARACTER SET utf8mb4 COLLATE utf8mb4_unicode_ci   NULL     DEFAULT '' COMMENT 'еҲӣе»әиҖ…',
    `create_time`  datetime                                                       NOT NULL DEFAULT CURRENT_TIMESTAMP COMMENT 'еҲӣе»әж—¶й—ҙ',
    `updater`      varchar(64) CHARACTER SET utf8mb4 COLLATE utf8mb4_unicode_ci   NULL     DEFAULT '' COMMENT 'жӣҙж–°иҖ…',
    `update_time`  datetime                                                       NOT NULL DEFAULT CURRENT_TIMESTAMP ON UPDATE CURRENT_TIMESTAMP COMMENT 'жӣҙж–°ж—¶й—ҙ',
    `deleted`      bit(1)                                                         NOT NULL DEFAULT b'0' COMMENT 'жҳҜеҗҰеҲ йҷӨ',
    PRIMARY KEY (`id`) USING BTREE,
    UNIQUE INDEX `uk_scene_policy_rule` (`scene_code` ASC, `policy_code` ASC, `rule_code` ASC) USING BTREE,
    INDEX `idx_scene_policy_order` (`scene_code` ASC, `policy_code` ASC, `order_no` ASC) USING BTREE
) ENGINE = InnoDB
  AUTO_INCREMENT = 7004
  CHARACTER SET = utf8mb4
  COLLATE = utf8mb4_unicode_ci COMMENT = 'зӯ–з•Ҙи§„еҲҷе…іиҒ”иЎЁ'
  ROW_FORMAT = Dynamic;

-- ----------------------------
-- Records of policy_rule_ref
-- ----------------------------
INSERT INTO `policy_rule_ref`
VALUES (7001, 'PROMOTION_RISK', 'PROMOTION_RISK_POLICY_FIRST_HIT', 'PROMOTION_R001', 1, 1, NULL, NULL, 'admin',
        '2026-03-08 10:17:00', 'admin', '2026-03-08 10:17:00', b'0');
INSERT INTO `policy_rule_ref`
VALUES (7002, 'WITHDRAW_RISK', 'WITHDRAW_RISK_POLICY_FIRST_HIT', 'WITHDRAW_R001', 1, 1, NULL, NULL, 'admin',
        '2026-03-08 11:17:00', 'admin', '2026-03-10 09:00:00', b'0');
INSERT INTO `policy_rule_ref`
VALUES (7003, 'ORDER_RISK', 'ORDER_RISK_POLICY_FIRST_HIT', 'ORDER_R001', 1, 1, NULL, NULL, 'admin',
        '2026-03-08 12:17:00', 'admin', '2026-03-08 12:17:00', b'0');

-- ----------------------------
-- Table structure for pulsix_demo01_contact
-- ----------------------------
DROP TABLE IF EXISTS `pulsix_demo01_contact`;
CREATE TABLE `pulsix_demo01_contact`
(
    `id`          bigint                                                        NOT NULL AUTO_INCREMENT COMMENT 'зј–еҸ·',
    `name`        varchar(100) CHARACTER SET utf8mb4 COLLATE utf8mb4_unicode_ci NOT NULL DEFAULT '' COMMENT 'еҗҚеӯ—',
    `sex`         tinyint(1)                                                    NOT NULL COMMENT 'жҖ§еҲ«',
    `birthday`    datetime                                                      NOT NULL COMMENT 'еҮәз”ҹе№ҙ',
    `description` varchar(255) CHARACTER SET utf8mb4 COLLATE utf8mb4_unicode_ci NOT NULL COMMENT 'з®Җд»Ӣ',
    `avatar`      varchar(512) CHARACTER SET utf8mb4 COLLATE utf8mb4_unicode_ci NULL     DEFAULT NULL COMMENT 'еӨҙеғҸ',
    `creator`     varchar(64) CHARACTER SET utf8mb4 COLLATE utf8mb4_unicode_ci  NULL     DEFAULT '' COMMENT 'еҲӣе»әиҖ…',
    `create_time` datetime                                                      NOT NULL DEFAULT CURRENT_TIMESTAMP COMMENT 'еҲӣе»әж—¶й—ҙ',
    `updater`     varchar(64) CHARACTER SET utf8mb4 COLLATE utf8mb4_unicode_ci  NULL     DEFAULT '' COMMENT 'жӣҙж–°иҖ…',
    `update_time` datetime                                                      NOT NULL DEFAULT CURRENT_TIMESTAMP ON UPDATE CURRENT_TIMESTAMP COMMENT 'жӣҙж–°ж—¶й—ҙ',
    `deleted`     bit(1)                                                        NOT NULL DEFAULT b'0' COMMENT 'жҳҜеҗҰеҲ йҷӨ',
    `tenant_id`   bigint                                                        NOT NULL DEFAULT 0 COMMENT 'з§ҹжҲ·зј–еҸ·',
    PRIMARY KEY (`id`) USING BTREE
) ENGINE = InnoDB
  AUTO_INCREMENT = 2
  CHARACTER SET = utf8mb4
  COLLATE = utf8mb4_unicode_ci COMMENT = 'зӨәдҫӢиҒ”зі»дәәиЎЁ'
  ROW_FORMAT = Dynamic;

-- ----------------------------
-- Records of pulsix_demo01_contact
-- ----------------------------
INSERT INTO `pulsix_demo01_contact`
VALUES (1, 'еңҹиұҶ', 2, '2023-11-07 00:00:00', '<p>еӨ©иҡ•еңҹиұҶпјҒе‘Җ</p>',
        'http://127.0.0.1:48080/admin-api/infra/file/4/get/46f8fa1a37db3f3960d8910ff2fe3962ab3b2db87cf2f8ccb4dc8145b8bdf237.jpeg',
        '1', '2023-11-15 23:34:30', '1', '2023-11-15 23:47:39', b'0', 1);

-- ----------------------------
-- Table structure for pulsix_demo02_category
-- ----------------------------
DROP TABLE IF EXISTS `pulsix_demo02_category`;
CREATE TABLE `pulsix_demo02_category`
(
    `id`          bigint                                                        NOT NULL AUTO_INCREMENT COMMENT 'зј–еҸ·',
    `name`        varchar(100) CHARACTER SET utf8mb4 COLLATE utf8mb4_unicode_ci NOT NULL DEFAULT '' COMMENT 'еҗҚеӯ—',
    `parent_id`   bigint                                                        NOT NULL COMMENT 'зҲ¶зә§зј–еҸ·',
    `creator`     varchar(64) CHARACTER SET utf8mb4 COLLATE utf8mb4_unicode_ci  NULL     DEFAULT '' COMMENT 'еҲӣе»әиҖ…',
    `create_time` datetime                                                      NOT NULL DEFAULT CURRENT_TIMESTAMP COMMENT 'еҲӣе»әж—¶й—ҙ',
    `updater`     varchar(64) CHARACTER SET utf8mb4 COLLATE utf8mb4_unicode_ci  NULL     DEFAULT '' COMMENT 'жӣҙж–°иҖ…',
    `update_time` datetime                                                      NOT NULL DEFAULT CURRENT_TIMESTAMP ON UPDATE CURRENT_TIMESTAMP COMMENT 'жӣҙж–°ж—¶й—ҙ',
    `deleted`     bit(1)                                                        NOT NULL DEFAULT b'0' COMMENT 'жҳҜеҗҰеҲ йҷӨ',
    `tenant_id`   bigint                                                        NOT NULL DEFAULT 0 COMMENT 'з§ҹжҲ·зј–еҸ·',
    PRIMARY KEY (`id`) USING BTREE
) ENGINE = InnoDB
  AUTO_INCREMENT = 8
  CHARACTER SET = utf8mb4
  COLLATE = utf8mb4_unicode_ci COMMENT = 'зӨәдҫӢеҲҶзұ»иЎЁ'
  ROW_FORMAT = Dynamic;

-- ----------------------------
-- Records of pulsix_demo02_category
-- ----------------------------
INSERT INTO `pulsix_demo02_category`
VALUES (1, 'еңҹиұҶ', 0, '1', '2023-11-15 23:34:30', '1', '2023-11-16 20:24:23', b'0', 1);
INSERT INTO `pulsix_demo02_category`
VALUES (2, 'з•ӘиҢ„', 0, '1', '2023-11-16 20:24:00', '1', '2023-11-16 20:24:15', b'0', 1);
INSERT INTO `pulsix_demo02_category`
VALUES (3, 'жҖӘжҖӘ', 0, '1', '2023-11-16 20:24:32', '1', '2023-11-16 20:24:32', b'0', 1);
INSERT INTO `pulsix_demo02_category`
VALUES (4, 'е°Ҹз•ӘиҢ„', 2, '1', '2023-11-16 20:24:39', '1', '2023-11-16 20:24:39', b'0', 1);
INSERT INTO `pulsix_demo02_category`
VALUES (5, 'еӨ§з•ӘиҢ„', 2, '1', '2023-11-16 20:24:46', '1', '2023-11-16 20:24:46', b'0', 1);
INSERT INTO `pulsix_demo02_category`
VALUES (6, '11', 3, '1', '2023-11-24 19:29:34', '1', '2023-11-24 19:29:34', b'0', 1);
INSERT INTO `pulsix_demo02_category`
VALUES (7, '1', 0, '1', '2025-10-01 09:19:20', '1', '2025-10-01 09:19:20', b'0', 1);

-- ----------------------------
-- Table structure for pulsix_demo03_course
-- ----------------------------
DROP TABLE IF EXISTS `pulsix_demo03_course`;
CREATE TABLE `pulsix_demo03_course`
(
    `id`          bigint                                                        NOT NULL AUTO_INCREMENT COMMENT 'зј–еҸ·',
    `student_id`  bigint                                                        NOT NULL COMMENT 'еӯҰз”ҹзј–еҸ·',
    `name`        varchar(100) CHARACTER SET utf8mb4 COLLATE utf8mb4_unicode_ci NOT NULL DEFAULT '' COMMENT 'еҗҚеӯ—',
    `score`       tinyint                                                       NOT NULL COMMENT 'еҲҶж•°',
    `creator`     varchar(64) CHARACTER SET utf8mb4 COLLATE utf8mb4_unicode_ci  NULL     DEFAULT '' COMMENT 'еҲӣе»әиҖ…',
    `create_time` datetime                                                      NOT NULL DEFAULT CURRENT_TIMESTAMP COMMENT 'еҲӣе»әж—¶й—ҙ',
    `updater`     varchar(64) CHARACTER SET utf8mb4 COLLATE utf8mb4_unicode_ci  NULL     DEFAULT '' COMMENT 'жӣҙж–°иҖ…',
    `update_time` datetime                                                      NOT NULL DEFAULT CURRENT_TIMESTAMP ON UPDATE CURRENT_TIMESTAMP COMMENT 'жӣҙж–°ж—¶й—ҙ',
    `deleted`     bit(1)                                                        NOT NULL DEFAULT b'0' COMMENT 'жҳҜеҗҰеҲ йҷӨ',
    `tenant_id`   bigint                                                        NOT NULL DEFAULT 0 COMMENT 'з§ҹжҲ·зј–еҸ·',
    PRIMARY KEY (`id`) USING BTREE
) ENGINE = InnoDB
  AUTO_INCREMENT = 22
  CHARACTER SET = utf8mb4
  COLLATE = utf8mb4_unicode_ci COMMENT = 'еӯҰз”ҹиҜҫзЁӢиЎЁ'
  ROW_FORMAT = Dynamic;

-- ----------------------------
-- Records of pulsix_demo03_course
-- ----------------------------
INSERT INTO `pulsix_demo03_course`
VALUES (2, 2, 'иҜӯж–Ү', 66, '1', '2023-11-16 23:21:49', '1', '2024-09-17 10:55:30', b'1', 1);
INSERT INTO `pulsix_demo03_course`
VALUES (3, 2, 'ж•°еӯҰ', 22, '1', '2023-11-16 23:21:49', '1', '2024-09-17 10:55:30', b'1', 1);
INSERT INTO `pulsix_demo03_course`
VALUES (6, 5, 'дҪ“иӮІ', 23, '1', '2023-11-16 23:22:46', '1', '2023-11-16 15:44:40', b'1', 1);
INSERT INTO `pulsix_demo03_course`
VALUES (7, 5, 'и®Ўз®—жңә', 11, '1', '2023-11-16 23:22:46', '1', '2023-11-16 15:44:40', b'1', 1);
INSERT INTO `pulsix_demo03_course`
VALUES (8, 5, 'дҪ“иӮІ', 23, '1', '2023-11-16 23:22:46', '1', '2023-11-16 15:47:09', b'1', 1);
INSERT INTO `pulsix_demo03_course`
VALUES (9, 5, 'и®Ўз®—жңә', 11, '1', '2023-11-16 23:22:46', '1', '2023-11-16 15:47:09', b'1', 1);
INSERT INTO `pulsix_demo03_course`
VALUES (10, 5, 'дҪ“иӮІ', 23, '1', '2023-11-16 23:22:46', '1', '2024-09-17 10:55:28', b'1', 1);
INSERT INTO `pulsix_demo03_course`
VALUES (11, 5, 'и®Ўз®—жңә', 11, '1', '2023-11-16 23:22:46', '1', '2024-09-17 10:55:28', b'1', 1);
INSERT INTO `pulsix_demo03_course`
VALUES (12, 2, 'з”өи„‘', 33, '1', '2023-11-17 00:20:42', '1', '2023-11-16 16:20:45', b'1', 1);
INSERT INTO `pulsix_demo03_course`
VALUES (13, 9, 'ж»‘йӣӘ', 12, '1', '2023-11-17 13:13:20', '1', '2024-09-17 10:55:26', b'1', 1);
INSERT INTO `pulsix_demo03_course`
VALUES (14, 9, 'ж»‘йӣӘ', 12, '1', '2023-11-17 13:13:20', '1', '2024-09-17 10:55:49', b'1', 1);
INSERT INTO `pulsix_demo03_course`
VALUES (15, 5, 'дҪ“иӮІ', 23, '1', '2023-11-16 23:22:46', '1', '2024-09-17 18:55:29', b'0', 1);
INSERT INTO `pulsix_demo03_course`
VALUES (16, 5, 'и®Ўз®—жңә', 11, '1', '2023-11-16 23:22:46', '1', '2024-09-17 18:55:29', b'0', 1);
INSERT INTO `pulsix_demo03_course`
VALUES (17, 2, 'иҜӯж–Ү', 66, '1', '2023-11-16 23:21:49', '1', '2024-09-17 18:55:31', b'0', 1);
INSERT INTO `pulsix_demo03_course`
VALUES (18, 2, 'ж•°еӯҰ', 22, '1', '2023-11-16 23:21:49', '1', '2024-09-17 18:55:31', b'0', 1);
INSERT INTO `pulsix_demo03_course`
VALUES (19, 9, 'ж»‘йӣӘ', 12, '1', '2023-11-17 13:13:20', '1', '2025-04-19 02:49:03', b'1', 1);
INSERT INTO `pulsix_demo03_course`
VALUES (20, 9, 'ж»‘йӣӘ', 12, '1', '2023-11-17 13:13:20', '1', '2025-04-19 10:49:04', b'0', 1);

-- ----------------------------
-- Table structure for pulsix_demo03_grade
-- ----------------------------
DROP TABLE IF EXISTS `pulsix_demo03_grade`;
CREATE TABLE `pulsix_demo03_grade`
(
    `id`          bigint                                                        NOT NULL AUTO_INCREMENT COMMENT 'зј–еҸ·',
    `student_id`  bigint                                                        NOT NULL COMMENT 'еӯҰз”ҹзј–еҸ·',
    `name`        varchar(100) CHARACTER SET utf8mb4 COLLATE utf8mb4_unicode_ci NOT NULL DEFAULT '' COMMENT 'еҗҚеӯ—',
    `teacher`     varchar(255) CHARACTER SET utf8mb4 COLLATE utf8mb4_unicode_ci NOT NULL COMMENT 'зҸӯдё»д»»',
    `creator`     varchar(64) CHARACTER SET utf8mb4 COLLATE utf8mb4_unicode_ci  NULL     DEFAULT '' COMMENT 'еҲӣе»әиҖ…',
    `create_time` datetime                                                      NOT NULL DEFAULT CURRENT_TIMESTAMP COMMENT 'еҲӣе»әж—¶й—ҙ',
    `updater`     varchar(64) CHARACTER SET utf8mb4 COLLATE utf8mb4_unicode_ci  NULL     DEFAULT '' COMMENT 'жӣҙж–°иҖ…',
    `update_time` datetime                                                      NOT NULL DEFAULT CURRENT_TIMESTAMP ON UPDATE CURRENT_TIMESTAMP COMMENT 'жӣҙж–°ж—¶й—ҙ',
    `deleted`     bit(1)                                                        NOT NULL DEFAULT b'0' COMMENT 'жҳҜеҗҰеҲ йҷӨ',
    `tenant_id`   bigint                                                        NOT NULL DEFAULT 0 COMMENT 'з§ҹжҲ·зј–еҸ·',
    PRIMARY KEY (`id`) USING BTREE
) ENGINE = InnoDB
  AUTO_INCREMENT = 10
  CHARACTER SET = utf8mb4
  COLLATE = utf8mb4_unicode_ci COMMENT = 'еӯҰз”ҹзҸӯзә§иЎЁ'
  ROW_FORMAT = Dynamic;

-- ----------------------------
-- Records of pulsix_demo03_grade
-- ----------------------------
INSERT INTO `pulsix_demo03_grade`
VALUES (7, 2, 'дёүе№ҙ 2 зҸӯ', 'е‘Ёжқ°дјҰ', '1', '2023-11-16 23:21:49', '1', '2024-09-17 18:55:31', b'0', 1);
INSERT INTO `pulsix_demo03_grade`
VALUES (8, 5, 'еҚҺдёә', 'йҒҘйҒҘйўҶе…Ҳ', '1', '2023-11-16 23:22:46', '1', '2024-09-17 18:55:29', b'0', 1);
INSERT INTO `pulsix_demo03_grade`
VALUES (9, 9, 'е°Ҹеӣҫ', 'е°ҸеЁғ111', '1', '2023-11-17 13:10:23', '1', '2025-04-19 10:49:04', b'0', 1);

-- ----------------------------
-- Table structure for pulsix_demo03_student
-- ----------------------------
DROP TABLE IF EXISTS `pulsix_demo03_student`;
CREATE TABLE `pulsix_demo03_student`
(
    `id`          bigint                                                        NOT NULL AUTO_INCREMENT COMMENT 'зј–еҸ·',
    `name`        varchar(100) CHARACTER SET utf8mb4 COLLATE utf8mb4_unicode_ci NOT NULL DEFAULT '' COMMENT 'еҗҚеӯ—',
    `sex`         tinyint                                                       NOT NULL COMMENT 'жҖ§еҲ«',
    `birthday`    datetime                                                      NOT NULL COMMENT 'еҮәз”ҹж—Ҙжңҹ',
    `description` varchar(255) CHARACTER SET utf8mb4 COLLATE utf8mb4_unicode_ci NOT NULL COMMENT 'з®Җд»Ӣ',
    `creator`     varchar(64) CHARACTER SET utf8mb4 COLLATE utf8mb4_unicode_ci  NULL     DEFAULT '' COMMENT 'еҲӣе»әиҖ…',
    `create_time` datetime                                                      NOT NULL DEFAULT CURRENT_TIMESTAMP COMMENT 'еҲӣе»әж—¶й—ҙ',
    `updater`     varchar(64) CHARACTER SET utf8mb4 COLLATE utf8mb4_unicode_ci  NULL     DEFAULT '' COMMENT 'жӣҙж–°иҖ…',
    `update_time` datetime                                                      NOT NULL DEFAULT CURRENT_TIMESTAMP ON UPDATE CURRENT_TIMESTAMP COMMENT 'жӣҙж–°ж—¶й—ҙ',
    `deleted`     bit(1)                                                        NOT NULL DEFAULT b'0' COMMENT 'жҳҜеҗҰеҲ йҷӨ',
    `tenant_id`   bigint                                                        NOT NULL DEFAULT 0 COMMENT 'з§ҹжҲ·зј–еҸ·',
    PRIMARY KEY (`id`) USING BTREE
) ENGINE = InnoDB
  AUTO_INCREMENT = 10
  CHARACTER SET = utf8mb4
  COLLATE = utf8mb4_unicode_ci COMMENT = 'еӯҰз”ҹиЎЁ'
  ROW_FORMAT = Dynamic;

-- ----------------------------
-- Records of pulsix_demo03_student
-- ----------------------------
INSERT INTO `pulsix_demo03_student`
VALUES (2, 'е°ҸзҷҪ', 1, '2023-11-16 00:00:00', '<p>еҺүе®і</p>', '1', '2023-11-16 23:21:49', '1', '2024-09-17 18:55:31',
        b'0', 1);
INSERT INTO `pulsix_demo03_student`
VALUES (5, 'еӨ§й»‘', 2, '2023-11-13 00:00:00', '<p>дҪ еңЁж•ҷжҲ‘еҒҡдәӢ?</p>', '1', '2023-11-16 23:22:46', '1',
        '2024-09-17 18:55:29', b'0', 1);
INSERT INTO `pulsix_demo03_student`
VALUES (9, 'е°ҸиҠұ', 1, '2023-11-07 00:00:00', '<p>е“Ҳе“Ҳе“Ҳ</p>', '1', '2023-11-17 00:04:47', '1', '2025-04-19 10:49:04',
        b'0', 1);

-- ----------------------------
-- Table structure for risk_error_log
-- ----------------------------
DROP TABLE IF EXISTS `risk_error_log`;
CREATE TABLE `risk_error_log`
(
    `id`                    bigint                                                         NOT NULL AUTO_INCREMENT COMMENT 'дё»й”®',
    `trace_id`              varchar(128) CHARACTER SET utf8mb4 COLLATE utf8mb4_unicode_ci  NULL     DEFAULT NULL COMMENT 'й“ҫи·ҜиҝҪиёӘеҸ·',
    `event_id`              varchar(128) CHARACTER SET utf8mb4 COLLATE utf8mb4_unicode_ci  NULL     DEFAULT NULL COMMENT 'дәӢд»¶зј–еҸ·',
    `source_code`           varchar(64) CHARACTER SET utf8mb4 COLLATE utf8mb4_unicode_ci   NULL     DEFAULT NULL COMMENT 'жҺҘе…Ҙжәҗзј–з Ғ',
    `scene_code`            varchar(64) CHARACTER SET utf8mb4 COLLATE utf8mb4_unicode_ci   NULL     DEFAULT NULL COMMENT 'еңәжҷҜзј–з Ғ',
    `source_topic`          varchar(128) CHARACTER SET utf8mb4 COLLATE utf8mb4_unicode_ci  NULL     DEFAULT NULL COMMENT 'жқҘжәҗ Topic',
    `error_stage`           varchar(32) CHARACTER SET utf8mb4 COLLATE utf8mb4_unicode_ci   NOT NULL COMMENT 'й”ҷиҜҜйҳ¶ж®ө',
    `error_type`            varchar(64) CHARACTER SET utf8mb4 COLLATE utf8mb4_unicode_ci   NOT NULL COMMENT 'й”ҷиҜҜзұ»еһӢ',
    `error_code`            varchar(64) CHARACTER SET utf8mb4 COLLATE utf8mb4_unicode_ci   NULL     DEFAULT NULL COMMENT 'й”ҷиҜҜз Ғ',
    `error_level`           varchar(32) CHARACTER SET utf8mb4 COLLATE utf8mb4_unicode_ci   NOT NULL COMMENT 'й”ҷиҜҜзә§еҲ«',
    `error_message`         varchar(1024) CHARACTER SET utf8mb4 COLLATE utf8mb4_unicode_ci NOT NULL COMMENT 'й”ҷиҜҜдҝЎжҒҜ',
    `raw_payload`           longtext CHARACTER SET utf8mb4 COLLATE utf8mb4_unicode_ci      NULL COMMENT 'еҺҹе§ӢжҠҘж–Ү',
    `standard_payload_json` json                                                           NULL COMMENT 'ж ҮеҮҶеҢ–жҠҘж–Ү',
    `tag_json`              json                                                           NULL COMMENT 'ж Үзӯҫ',
    `process_status`        varchar(32) CHARACTER SET utf8mb4 COLLATE utf8mb4_unicode_ci   NOT NULL DEFAULT 'OPEN' COMMENT 'еӨ„зҗҶзҠ¶жҖҒ',
    `process_remark`        varchar(512) CHARACTER SET utf8mb4 COLLATE utf8mb4_unicode_ci  NULL     DEFAULT NULL COMMENT 'еӨ„зҗҶеӨҮжіЁ',
    `event_time`            datetime                                                       NOT NULL COMMENT 'дәӢд»¶ж—¶й—ҙ',
    `resolved_by`           varchar(64) CHARACTER SET utf8mb4 COLLATE utf8mb4_unicode_ci   NULL     DEFAULT NULL COMMENT 'еӨ„зҗҶдәә',
    `resolved_time`         datetime                                                       NULL     DEFAULT NULL COMMENT 'еӨ„зҗҶж—¶й—ҙ',
    `creator`               varchar(64) CHARACTER SET utf8mb4 COLLATE utf8mb4_unicode_ci   NULL     DEFAULT '' COMMENT 'еҲӣе»әиҖ…',
    `create_time`           datetime                                                       NOT NULL DEFAULT CURRENT_TIMESTAMP COMMENT 'еҲӣе»әж—¶й—ҙ',
    `updater`               varchar(64) CHARACTER SET utf8mb4 COLLATE utf8mb4_unicode_ci   NULL     DEFAULT '' COMMENT 'жӣҙж–°иҖ…',
    `update_time`           datetime                                                       NOT NULL DEFAULT CURRENT_TIMESTAMP ON UPDATE CURRENT_TIMESTAMP COMMENT 'жӣҙж–°ж—¶й—ҙ',
    `deleted`               bit(1)                                                         NOT NULL DEFAULT b'0' COMMENT 'жҳҜеҗҰеҲ йҷӨ',
    PRIMARY KEY (`id`) USING BTREE,
    INDEX `idx_source_time` (`source_code` ASC, `event_time` ASC) USING BTREE,
    INDEX `idx_error_stage_time` (`error_stage` ASC, `event_time` ASC) USING BTREE,
    INDEX `idx_trace_id` (`trace_id` ASC) USING BTREE
) ENGINE = InnoDB
  AUTO_INCREMENT = 16005
  CHARACTER SET = utf8mb4
  COLLATE = utf8mb4_unicode_ci COMMENT = 'й”ҷиҜҜжІ»зҗҶж—Ҙеҝ—иЎЁ'
  ROW_FORMAT = Dynamic;

-- ----------------------------
-- Records of risk_error_log
-- ----------------------------
INSERT INTO `risk_error_log`
VALUES (16001, 'T_ERR_PROMO_0001', NULL, 'PROMOTION_CENTER_HTTP', 'PROMOTION_RISK', 'pulsix.ingest.error', 'AUTH',
        'INVALID_SIGNATURE', 'INGEST_401', 'HIGH', 'иҗҘй”ҖдёӯеҝғзӯҫеҗҚж ЎйӘҢеӨұиҙҘпјҢжӢ’з»қеҶҷе…Ҙж ҮеҮҶдәӢд»¶ Topic',
        '{\"headers\":{\"X-API-Key\":\"promo_http_key\",\"X-Pulsix-Signature\":\"invalid\"},\"body\":{\"eventId\":\"E_PROMO_BAD_0001\"}}',
        NULL, '[
    \"INGEST\",
    \"AUTH\"
  ]', 'OPEN', 'еҫ…иҗҘй”Җдёӯеҝғдҝ®еӨҚзӯҫеҗҚйҖ»иҫ‘', '2026-03-08 10:05:00', NULL, NULL, 'system',
        '2026-03-08 10:05:01', 'system', '2026-03-08 10:05:01', b'0');
INSERT INTO `risk_error_log`
VALUES (16002, 'T_ERR_WD_0002', 'E_WD_BAD_0001', 'WITHDRAW_CENTER_HTTP', 'WITHDRAW_RISK', 'pulsix.ingest.error',
        'STANDARDIZE', 'MISSING_REQUIRED_FIELD', 'STD_422', 'MEDIUM', 'ж ҮеҮҶеҢ–еӨұиҙҘпјҢзјәе°‘еҝ…еЎ«еӯ—ж®ө withdrawNo',
        '{\"eventId\":\"E_WD_BAD_0001\",\"sceneCode\":\"WITHDRAW_RISK\",\"eventType\":\"withdraw_apply\",\"userId\":\"U30123\",\"withdrawAmount\":5200}',
        '{
          \"userId\": \"U30123\",
          \"eventId\": \"E_WD_BAD_0001\",
          \"eventType\": \"withdraw_apply\",
          \"sceneCode\": \"WITHDRAW_RISK\",
          \"withdrawAmount\": 5200
        }',
        '[
          \"INGEST\",
          \"STANDARDIZE\",
          \"withdrawNo\"
        ]', 'OPEN', 'зӯүеҫ…иө„йҮ‘дёӯеҝғиЎҘйҪҗ withdrawNo еӯ—ж®ө',
        '2026-03-08 11:08:00', NULL, NULL, 'system', '2026-03-08 11:08:01', 'system', '2026-03-08 11:08:01', b'0');
INSERT INTO `risk_error_log`
VALUES (16003, 'T_ERR_ORDER_0003', 'E_ORDER_DLQ_0001', 'ORDER_CENTER_SDK', 'ORDER_RISK', 'pulsix.event.dlq', 'DLQ',
        'INVALID_EVENT', 'DLQ_001', 'MEDIUM', 'дәӢд»¶зјәе°‘ deviceIdпјҢе·ІеҶҷе…Ҙ DLQ зӯүеҫ…еӣһж”ҫ',
        '{\"eventId\":\"E_ORDER_DLQ_0001\",\"sceneCode\":\"ORDER_RISK\",\"eventType\":\"order_paid\",\"orderNo\":\"ORD20260308DLQ1\"}',
        '{
          \"eventId\": \"E_ORDER_DLQ_0001\",
          \"orderNo\": \"ORD20260308DLQ1\",
          \"eventType\": \"order_paid\",
          \"sceneCode\": \"ORDER_RISK\"
        }',
        '[
          \"DLQ\",
          \"REPLAYABLE\"
        ]', 'REVIEWED', 'е·ІйҖҡзҹҘи®ўеҚ•дёӯеҝғдҝ®еӨҚе№¶е®үжҺ’еӣһж”ҫ', '2026-03-08 12:08:00', 'risk.ops',
        '2026-03-08 12:20:00', 'system', '2026-03-08 12:08:01', 'risk.ops', '2026-03-08 12:20:00', b'0');
INSERT INTO `risk_error_log`
VALUES (16004, 'T_ERR_ORDER_0004', 'E_ORDER_ENGINE_0002', 'ORDER_CENTER_SDK', 'ORDER_RISK', 'pulsix.engine.error',
        'ENGINE_EXECUTE', 'LOOKUP_TIMEOUT', 'ENG_504', 'HIGH',
        'device_in_blacklist жҹҘиҜўи¶…ж—¶пјҢдҪҝз”Ёй»ҳи®ӨеҖј false е№¶и®°еҪ•ејӮеёё',
        '{\"eventId\":\"E_ORDER_ENGINE_0002\",\"sceneCode\":\"ORDER_RISK\",\"deviceId\":\"DVC_ORDER_BLACK_01\"}', '{
    \"eventId\": \"E_ORDER_ENGINE_0002\",
    \"deviceId\": \"DVC_ORDER_BLACK_01\",
    \"sceneCode\": \"ORDER_RISK\",
    \"defaultDeviceInBlacklist\": false
  }',
        '[
          \"ENGINE\",
          \"LOOKUP_TIMEOUT\"
        ]', 'OPEN', 'еҫ…жҺ’жҹҘ Redis й»‘еҗҚеҚ•жҹҘиҜўи¶…ж—¶', '2026-03-08 12:16:00', NULL, NULL,
        'system', '2026-03-08 12:16:01', 'system', '2026-03-08 12:16:01', b'0');

-- ----------------------------
-- Table structure for risk_event
-- ----------------------------
DROP TABLE IF EXISTS `risk_event`;
CREATE TABLE `risk_event`
(
    `id`              bigint                                                         NOT NULL AUTO_INCREMENT COMMENT 'дё»й”®',
    `risk_event_no`   varchar(64) CHARACTER SET utf8mb4 COLLATE utf8mb4_unicode_ci   NOT NULL COMMENT 'йЈҺйҷ©дәӢд»¶зј–еҸ·',
    `scene_code`      varchar(64) CHARACTER SET utf8mb4 COLLATE utf8mb4_unicode_ci   NOT NULL COMMENT 'еңәжҷҜзј–з Ғ',
    `trace_id`        varchar(128) CHARACTER SET utf8mb4 COLLATE utf8mb4_unicode_ci  NULL     DEFAULT NULL COMMENT 'й“ҫи·ҜиҝҪиёӘеҸ·',
    `event_id`        varchar(128) CHARACTER SET utf8mb4 COLLATE utf8mb4_unicode_ci  NULL     DEFAULT NULL COMMENT 'дәӢд»¶зј–еҸ·',
    `decision_id`     bigint                                                         NULL     DEFAULT NULL COMMENT 'еҶізӯ–ж—Ҙеҝ—дё»й”®',
    `source_type`     varchar(32) CHARACTER SET utf8mb4 COLLATE utf8mb4_unicode_ci   NOT NULL COMMENT 'жқҘжәҗзұ»еһӢ',
    `final_action`    varchar(32) CHARACTER SET utf8mb4 COLLATE utf8mb4_unicode_ci   NOT NULL COMMENT 'жңҖз»ҲеҠЁдҪң',
    `risk_level`      varchar(32) CHARACTER SET utf8mb4 COLLATE utf8mb4_unicode_ci   NOT NULL COMMENT 'йЈҺйҷ©зӯүзә§',
    `version_no`      int                                                            NULL     DEFAULT NULL COMMENT 'зүҲжң¬еҸ·',
    `hit_rules_json`  json                                                           NULL COMMENT 'е‘Ҫдёӯи§„еҲҷ',
    `hit_summary`     varchar(1024) CHARACTER SET utf8mb4 COLLATE utf8mb4_unicode_ci NULL     DEFAULT NULL COMMENT 'ж‘ҳиҰҒ',
    `status`          varchar(32) CHARACTER SET utf8mb4 COLLATE utf8mb4_unicode_ci   NOT NULL DEFAULT 'OPEN' COMMENT 'еӨ„зҗҶзҠ¶жҖҒ',
    `assigned_to`     varchar(64) CHARACTER SET utf8mb4 COLLATE utf8mb4_unicode_ci   NULL     DEFAULT NULL COMMENT 'жҢҮжҙҫз»ҷ',
    `first_seen_time` datetime                                                       NULL     DEFAULT NULL COMMENT 'йҰ–ж¬ЎеҸ‘зҺ°ж—¶й—ҙ',
    `last_seen_time`  datetime                                                       NULL     DEFAULT NULL COMMENT 'жңҖиҝ‘еҸ‘зҺ°ж—¶й—ҙ',
    `ext_json`        json                                                           NULL COMMENT 'жү©еұ•дҝЎжҒҜ',
    `creator`         varchar(64) CHARACTER SET utf8mb4 COLLATE utf8mb4_unicode_ci   NULL     DEFAULT '' COMMENT 'еҲӣе»әиҖ…',
    `create_time`     datetime                                                       NOT NULL DEFAULT CURRENT_TIMESTAMP COMMENT 'еҲӣе»әж—¶й—ҙ',
    `updater`         varchar(64) CHARACTER SET utf8mb4 COLLATE utf8mb4_unicode_ci   NULL     DEFAULT '' COMMENT 'жӣҙж–°иҖ…',
    `update_time`     datetime                                                       NOT NULL DEFAULT CURRENT_TIMESTAMP ON UPDATE CURRENT_TIMESTAMP COMMENT 'жӣҙж–°ж—¶й—ҙ',
    `deleted`         bit(1)                                                         NOT NULL DEFAULT b'0' COMMENT 'жҳҜеҗҰеҲ йҷӨ',
    PRIMARY KEY (`id`) USING BTREE,
    UNIQUE INDEX `uk_risk_event_no` (`risk_event_no` ASC) USING BTREE,
    INDEX `idx_scene_status` (`scene_code` ASC, `status` ASC) USING BTREE,
    INDEX `idx_action_time` (`final_action` ASC, `last_seen_time` ASC) USING BTREE
) ENGINE = InnoDB
  AUTO_INCREMENT = 13004
  CHARACTER SET = utf8mb4
  COLLATE = utf8mb4_unicode_ci COMMENT = 'йЈҺйҷ©дәӢд»¶жІүж·ҖиЎЁ'
  ROW_FORMAT = Dynamic;

-- ----------------------------
-- Records of risk_event
-- ----------------------------
INSERT INTO `risk_event`
VALUES (13001, 'RISK_EVT_20260308_001', 'PROMOTION_RISK', 'T_PROMO_0002', 'E_PROMO_0002', 11002, 'DECISION_RESULT',
        'TAG_ONLY', 'MEDIUM', 1, '[
    \"PROMOTION_R001\"
  ]', 'д»ЈзҗҶIPй«ҳйў‘иҗҘй”ҖеҸ—зҗҶпјҢе·Із”ҹжҲҗи§ӮеҜҹдәӢд»¶е№¶еҸ‘йҖҒйў„иӯҰ', 'OPEN', 'marketing.ops', '2026-03-08 10:12:01',
        '2026-03-08 10:12:01', '{
    \"category\": \"PROMOTION\",
    \"nextStep\": \"tag_user_and_observe\"
  }', 'system', '2026-03-08 10:12:01', 'system',
        '2026-03-08 10:12:01', b'0');
INSERT INTO `risk_event`
VALUES (13002, 'RISK_EVT_20260308_002', 'WITHDRAW_RISK', 'T_WD_0002', 'E_WD_0002', 11004, 'DECISION_RESULT', 'REVIEW',
        'HIGH', 2, '[
    \"WITHDRAW_R001\"
  ]', 'еӨ§йўқйҮҚеӨҚжҸҗзҺ°е‘Ҫдёӯе®Ўж ёи§„еҲҷпјҢе·ІжҡӮеҒңжү“ж¬ҫзӯүеҫ…иҝҗиҗҘеӨ„зҗҶ', 'REVIEWING', 'finance.review',
        '2026-03-08 11:18:01', '2026-03-08 11:18:01', '{
    \"category\": \"WITHDRAW\",
    \"nextStep\": \"hold_payment\"
  }', 'system', '2026-03-08 11:18:01', 'finance.review',
        '2026-03-08 11:20:00', b'0');
INSERT INTO `risk_event`
VALUES (13003, 'RISK_EVT_20260308_003', 'ORDER_RISK', 'T_ORDER_0002', 'E_ORDER_0002', 11006, 'DECISION_RESULT',
        'REJECT', 'HIGH', 1, '[
    \"ORDER_R001\"
  ]', 'й»‘еҗҚеҚ•и®ҫеӨҮдёӢеҚ•пјҢи®ўеҚ•зі»з»ҹйңҖеҸ–ж¶Ҳи®ўеҚ•е№¶йҮҠж”ҫеә“еӯҳ', 'OPEN', 'order.ops', '2026-03-08 12:12:01',
        '2026-03-08 12:12:01', '{
    \"category\": \"ORDER\",
    \"nextStep\": \"cancel_order\"
  }', 'system', '2026-03-08 12:12:01', 'system',
        '2026-03-08 12:12:01', b'0');

-- ----------------------------
-- Table structure for rule_def
-- ----------------------------
DROP TABLE IF EXISTS `rule_def`;
CREATE TABLE `rule_def`
(
    `id`                  bigint                                                         NOT NULL AUTO_INCREMENT COMMENT 'дё»й”®',
    `scene_code`          varchar(64) CHARACTER SET utf8mb4 COLLATE utf8mb4_unicode_ci   NOT NULL COMMENT 'еңәжҷҜзј–з Ғ',
    `rule_code`           varchar(64) CHARACTER SET utf8mb4 COLLATE utf8mb4_unicode_ci   NOT NULL COMMENT 'и§„еҲҷзј–з Ғ',
    `rule_name`           varchar(128) CHARACTER SET utf8mb4 COLLATE utf8mb4_unicode_ci  NOT NULL COMMENT 'и§„еҲҷеҗҚз§°',
    `rule_type`           varchar(32) CHARACTER SET utf8mb4 COLLATE utf8mb4_unicode_ci   NOT NULL DEFAULT 'NORMAL' COMMENT 'и§„еҲҷзұ»еһӢ',
    `engine_type`         varchar(32) CHARACTER SET utf8mb4 COLLATE utf8mb4_unicode_ci   NOT NULL COMMENT 'еј•ж“Һзұ»еһӢ',
    `expr_content`        text CHARACTER SET utf8mb4 COLLATE utf8mb4_unicode_ci          NOT NULL COMMENT 'и§„еҲҷиЎЁиҫҫејҸ',
    `depends_on_json`     json                                                           NULL COMMENT 'дҫқиө–еҸҳйҮҸ',
    `priority`            int                                                            NOT NULL DEFAULT 0 COMMENT 'дјҳе…Ҳзә§',
    `hit_action`          varchar(32) CHARACTER SET utf8mb4 COLLATE utf8mb4_unicode_ci   NOT NULL COMMENT 'е‘ҪдёӯеҠЁдҪң',
    `risk_score`          int                                                            NULL     DEFAULT 0 COMMENT 'йЈҺйҷ©еҲҶ',
    `alert_enabled_flag`  bit(1)                                                         NOT NULL DEFAULT b'0' COMMENT 'жҳҜеҗҰејҖеҗҜе‘ҠиӯҰ',
    `status`              tinyint                                                        NOT NULL DEFAULT 1 COMMENT 'зҠ¶жҖҒ',
    `hit_reason_template` varchar(1024) CHARACTER SET utf8mb4 COLLATE utf8mb4_unicode_ci NULL     DEFAULT NULL COMMENT 'е‘ҪдёӯеҺҹеӣ жЁЎжқҝ',
    `version`             int                                                            NOT NULL DEFAULT 1 COMMENT 'зүҲжң¬',
    `description`         varchar(512) CHARACTER SET utf8mb4 COLLATE utf8mb4_unicode_ci  NULL     DEFAULT NULL COMMENT 'жҸҸиҝ°',
    `creator`             varchar(64) CHARACTER SET utf8mb4 COLLATE utf8mb4_unicode_ci   NULL     DEFAULT '' COMMENT 'еҲӣе»әиҖ…',
    `create_time`         datetime                                                       NOT NULL DEFAULT CURRENT_TIMESTAMP COMMENT 'еҲӣе»әж—¶й—ҙ',
    `updater`             varchar(64) CHARACTER SET utf8mb4 COLLATE utf8mb4_unicode_ci   NULL     DEFAULT '' COMMENT 'жӣҙж–°иҖ…',
    `update_time`         datetime                                                       NOT NULL DEFAULT CURRENT_TIMESTAMP ON UPDATE CURRENT_TIMESTAMP COMMENT 'жӣҙж–°ж—¶й—ҙ',
    `deleted`             bit(1)                                                         NOT NULL DEFAULT b'0' COMMENT 'жҳҜеҗҰеҲ йҷӨ',
    PRIMARY KEY (`id`) USING BTREE,
    UNIQUE INDEX `uk_scene_rule` (`scene_code` ASC, `rule_code` ASC) USING BTREE,
    INDEX `idx_scene_priority` (`scene_code` ASC, `priority` ASC) USING BTREE
) ENGINE = InnoDB
  AUTO_INCREMENT = 5004
  CHARACTER SET = utf8mb4
  COLLATE = utf8mb4_unicode_ci COMMENT = 'и§„еҲҷе®ҡд№үиЎЁ'
  ROW_FORMAT = Dynamic;

-- ----------------------------
-- Records of rule_def
-- ----------------------------
INSERT INTO `rule_def`
VALUES (5001, 'PROMOTION_RISK', 'PROMOTION_R001', 'д»ЈзҗҶIPжҲ–и®ҫеӨҮиҒҡйӣҶиҗҘй”ҖеҸ—зҗҶ', 'NORMAL', 'DSL',
        '(ip_in_proxy_watch_list == true && ip_promo_cnt_10m >= 8) || device_promo_user_cnt_1h >= 5', '[
    \"ip_in_proxy_watch_list\",
    \"ip_promo_cnt_10m\",
    \"device_promo_user_cnt_1h\"
  ]', 100, 'TAG_ONLY', 45, b'1', 1,
        'иҗҘй”ҖйЈҺжҺ§е‘Ҫдёӯпјҡд»ЈзҗҶIP={ip_in_proxy_watch_list}, IP10еҲҶй’ҹиҗҘй”Җж¬Ўж•°={ip_promo_cnt_10m}, и®ҫеӨҮ1е°Ҹж—¶иҗҘй”Җз”ЁжҲ·ж•°={device_promo_user_cnt_1h}',
        1, 'е‘ҪдёӯеҗҺи®°еҪ•йЈҺйҷ©дәӢд»¶е№¶еҸ‘йҖҒйў„иӯҰпјҢдёҚйҳ»ж–ӯиҗҘй”ҖеҸ—зҗҶ', 'admin', '2026-03-08 10:15:00', 'admin',
        '2026-03-08 10:15:00', b'0');
INSERT INTO `rule_def`
VALUES (5002, 'WITHDRAW_RISK', 'WITHDRAW_R001', 'еӨ§йўқеӨҡж¬ЎжҸҗзҺ°еҫ…е®Ўж ё', 'NORMAL', 'DSL',
        'withdrawAmount >= 3000 && (user_withdraw_cnt_24h >= 3 || device_withdraw_user_cnt_24h >= 2)', '[
    \"withdrawAmount\",
    \"user_withdraw_cnt_24h\",
    \"device_withdraw_user_cnt_24h\"
  ]', 100, 'REVIEW', 80, b'1', 1,
        'жҸҗзҺ°йҮ‘йўқ={withdrawAmount}, з”ЁжҲ·24е°Ҹж—¶жҸҗзҺ°ж¬Ўж•°={user_withdraw_cnt_24h}, и®ҫеӨҮ24е°Ҹж—¶жҸҗзҺ°з”ЁжҲ·ж•°={device_withdraw_user_cnt_24h}',
        2, 'е‘ҪдёӯеҗҺжҡӮеҒңжү“ж¬ҫпјҢиҪ¬дәәе·Ҙе®Ўж ё', 'admin', '2026-03-08 11:15:00', 'admin', '2026-03-10 09:00:00', b'0');
INSERT INTO `rule_def`
VALUES (5003, 'ORDER_RISK', 'ORDER_R001', 'й»‘еҗҚеҚ•и®ҫеӨҮи®ўеҚ•жӢ’з»қ', 'NORMAL', 'DSL',
        'device_in_blacklist == true && user_in_white_list != true', '[
    \"device_in_blacklist\",
    \"user_in_white_list\"
  ]', 100, 'REJECT', 100, b'1', 1,
        'и®ҫеӨҮе‘Ҫдёӯй»‘еҗҚеҚ•={device_in_blacklist}, з”ЁжҲ·зҷҪеҗҚеҚ•={user_in_white_list}', 1,
        'е‘ҪдёӯеҗҺеҸ–ж¶Ҳи®ўеҚ•гҖҒйҮҠж”ҫеә“еӯҳе№¶и§ҰеҸ‘йҖҖж¬ҫжҲ–е…ій—ӯеұҘзәҰеҚ•', 'admin', '2026-03-08 12:15:00', 'admin', '2026-03-08 12:15:00',
        b'0');

-- ----------------------------
-- Table structure for rule_hit_log
-- ----------------------------
DROP TABLE IF EXISTS `rule_hit_log`;
CREATE TABLE `rule_hit_log`
(
    `id`             bigint                                                         NOT NULL AUTO_INCREMENT COMMENT 'дё»й”®',
    `decision_id`    bigint                                                         NOT NULL COMMENT 'еҶізӯ–ж—Ҙеҝ—дё»й”®',
    `rule_code`      varchar(64) CHARACTER SET utf8mb4 COLLATE utf8mb4_unicode_ci   NOT NULL COMMENT 'и§„еҲҷзј–з Ғ',
    `hit_flag`       tinyint                                                        NOT NULL COMMENT 'жҳҜеҗҰе‘Ҫдёӯ',
    `hit_action`     varchar(32) CHARACTER SET utf8mb4 COLLATE utf8mb4_unicode_ci   NULL     DEFAULT NULL COMMENT 'е‘ҪдёӯеҠЁдҪң',
    `score`          int                                                            NULL     DEFAULT NULL COMMENT 'йЈҺйҷ©еҲҶ',
    `hit_reason`     varchar(1024) CHARACTER SET utf8mb4 COLLATE utf8mb4_unicode_ci NULL     DEFAULT NULL COMMENT 'е‘ҪдёӯеҺҹеӣ ',
    `hit_value_json` json                                                           NULL COMMENT 'е‘ҪдёӯеҖј',
    `creator`        varchar(64) CHARACTER SET utf8mb4 COLLATE utf8mb4_unicode_ci   NULL     DEFAULT '' COMMENT 'еҲӣе»әиҖ…',
    `create_time`    datetime                                                       NOT NULL DEFAULT CURRENT_TIMESTAMP COMMENT 'еҲӣе»әж—¶й—ҙ',
    `updater`        varchar(64) CHARACTER SET utf8mb4 COLLATE utf8mb4_unicode_ci   NULL     DEFAULT '' COMMENT 'жӣҙж–°иҖ…',
    `update_time`    datetime                                                       NOT NULL DEFAULT CURRENT_TIMESTAMP ON UPDATE CURRENT_TIMESTAMP COMMENT 'жӣҙж–°ж—¶й—ҙ',
    `deleted`        bit(1)                                                         NOT NULL DEFAULT b'0' COMMENT 'жҳҜеҗҰеҲ йҷӨ',
    PRIMARY KEY (`id`) USING BTREE,
    INDEX `idx_decision_rule` (`decision_id` ASC, `rule_code` ASC) USING BTREE,
    INDEX `idx_rule_time` (`rule_code` ASC, `create_time` ASC) USING BTREE
) ENGINE = InnoDB
  AUTO_INCREMENT = 12004
  CHARACTER SET = utf8mb4
  COLLATE = utf8mb4_unicode_ci COMMENT = 'и§„еҲҷе‘ҪдёӯжҳҺз»ҶиЎЁ'
  ROW_FORMAT = Dynamic;

-- ----------------------------
-- Records of rule_hit_log
-- ----------------------------
INSERT INTO `rule_hit_log`
VALUES (12001, 11002, 'PROMOTION_R001', 1, 'TAG_ONLY', 45, 'д»ЈзҗҶIP=true, IP10еҲҶй’ҹиҗҘй”Җж¬Ўж•°=9, и®ҫеӨҮ1е°Ҹж—¶иҗҘй”Җз”ЁжҲ·ж•°=4', '{
  \"ip_promo_cnt_10m\": 9,
  \"ip_in_proxy_watch_list\": true,
  \"device_promo_user_cnt_1h\": 4
}', 'system',
        '2026-03-08 10:12:01', 'system', '2026-03-08 10:12:01', b'0');
INSERT INTO `rule_hit_log`
VALUES (12002, 11004, 'WITHDRAW_R001', 1, 'REVIEW', 80, 'жҸҗзҺ°йҮ‘йўқ=3800, з”ЁжҲ·24е°Ҹж—¶жҸҗзҺ°ж¬Ўж•°=3, и®ҫеӨҮ24е°Ҹж—¶жҸҗзҺ°з”ЁжҲ·ж•°=2',
        '{
          \"withdrawAmount\": 3800,
          \"user_withdraw_cnt_24h\": 3,
          \"device_withdraw_user_cnt_24h\": 2
        }', 'system',
        '2026-03-08 11:18:01', 'system', '2026-03-08 11:18:01', b'0');
INSERT INTO `rule_hit_log`
VALUES (12003, 11006, 'ORDER_R001', 1, 'REJECT', 100, 'и®ҫеӨҮе‘Ҫдёӯй»‘еҗҚеҚ•дё”з”ЁжҲ·жңӘе‘ҪдёӯзҷҪеҗҚеҚ•', '{
  \"user_in_white_list\": false,
  \"device_in_blacklist\": true
}', 'system', '2026-03-08 12:12:01', 'system',
        '2026-03-08 12:12:01', b'0');

-- ----------------------------
-- Table structure for scene_def
-- ----------------------------
DROP TABLE IF EXISTS `scene_def`;
CREATE TABLE `scene_def`
(
    `id`                  bigint                                                        NOT NULL AUTO_INCREMENT COMMENT 'еңәжҷҜдё»й”®',
    `scene_code`          varchar(64) CHARACTER SET utf8mb4 COLLATE utf8mb4_unicode_ci  NOT NULL COMMENT 'еңәжҷҜзј–з Ғ',
    `scene_name`          varchar(128) CHARACTER SET utf8mb4 COLLATE utf8mb4_unicode_ci NOT NULL COMMENT 'еңәжҷҜеҗҚз§°',
    `runtime_mode`        varchar(32) CHARACTER SET utf8mb4 COLLATE utf8mb4_unicode_ci  NOT NULL DEFAULT 'ASYNC_DECISION' COMMENT 'иҝҗиЎҢжЁЎејҸ',
    `default_policy_code` varchar(64) CHARACTER SET utf8mb4 COLLATE utf8mb4_unicode_ci  NULL     DEFAULT NULL COMMENT 'й»ҳи®Өзӯ–з•Ҙзј–з Ғ',
    `status`              tinyint                                                       NOT NULL DEFAULT 1 COMMENT 'зҠ¶жҖҒ',
    `description`         varchar(512) CHARACTER SET utf8mb4 COLLATE utf8mb4_unicode_ci NULL     DEFAULT NULL COMMENT 'жҸҸиҝ°',
    `creator`             varchar(64) CHARACTER SET utf8mb4 COLLATE utf8mb4_unicode_ci  NULL     DEFAULT '' COMMENT 'еҲӣе»әиҖ…',
    `create_time`         datetime                                                      NOT NULL DEFAULT CURRENT_TIMESTAMP COMMENT 'еҲӣе»әж—¶й—ҙ',
    `updater`             varchar(64) CHARACTER SET utf8mb4 COLLATE utf8mb4_unicode_ci  NULL     DEFAULT '' COMMENT 'жӣҙж–°иҖ…',
    `update_time`         datetime                                                      NOT NULL DEFAULT CURRENT_TIMESTAMP ON UPDATE CURRENT_TIMESTAMP COMMENT 'жӣҙж–°ж—¶й—ҙ',
    `deleted`             bit(1)                                                        NOT NULL DEFAULT b'0' COMMENT 'жҳҜеҗҰеҲ йҷӨ',
    PRIMARY KEY (`id`) USING BTREE,
    UNIQUE INDEX `uk_scene_code` (`scene_code` ASC) USING BTREE,
    INDEX `idx_scene_status` (`status` ASC) USING BTREE
) ENGINE = InnoDB
  AUTO_INCREMENT = 4
  CHARACTER SET = utf8mb4
  COLLATE = utf8mb4_unicode_ci COMMENT = 'йЈҺжҺ§еңәжҷҜе®ҡд№үиЎЁ'
  ROW_FORMAT = Dynamic;

-- ----------------------------
-- Records of scene_def
-- ----------------------------
INSERT INTO `scene_def`
VALUES (1, 'PROMOTION_RISK', 'иҗҘй”ҖеҸҚдҪңејҠ', 'ASYNC_DECISION', 'PROMOTION_RISK_POLICY_FIRST_HIT', 1,
        'з”ЁдәҺйўҶеҲёгҖҒйӮҖж–°еҘ–еҠұгҖҒз§ҜеҲҶеҸ‘ж”ҫзӯүиҗҘй”ҖеҠЁдҪңеҸ—зҗҶеҗҺзҡ„ејӮжӯҘйЈҺжҺ§', 'admin', '2026-03-08 09:30:00', 'admin',
        '2026-03-08 09:30:00', b'0');
INSERT INTO `scene_def`
VALUES (2, 'WITHDRAW_RISK', 'жҸҗзҺ°е®Ўж ёйЈҺжҺ§', 'ASYNC_DECISION', 'WITHDRAW_RISK_POLICY_FIRST_HIT', 1,
        'з”ЁдәҺжҸҗзҺ°з”іиҜ·иҗҪеҚ•еҗҺгҖҒжү“ж¬ҫеүҚзҡ„ејӮжӯҘе®Ўж ёеңәжҷҜ', 'admin', '2026-03-08 09:40:00', 'admin', '2026-03-08 09:40:00',
        b'0');
INSERT INTO `scene_def`
VALUES (3, 'ORDER_RISK', 'и®ўеҚ•еҗҺзҪ®йЈҺжҺ§', 'ASYNC_DECISION', 'ORDER_RISK_POLICY_FIRST_HIT', 1,
        'з”ЁдәҺж”Ҝд»ҳжҲҗеҠҹеҗҺгҖҒеҸ‘иҙ§еүҚзҡ„ејӮжӯҘи®ўеҚ•йЈҺйҷ©жӢҰжҲӘ', 'admin', '2026-03-08 09:50:00', 'admin', '2026-03-08 09:50:00',
        b'0');

-- ----------------------------
-- Table structure for scene_release
-- ----------------------------
DROP TABLE IF EXISTS `scene_release`;
CREATE TABLE `scene_release`
(
    `id`                    bigint                                                        NOT NULL AUTO_INCREMENT COMMENT 'дё»й”®',
    `scene_code`            varchar(64) CHARACTER SET utf8mb4 COLLATE utf8mb4_unicode_ci  NOT NULL COMMENT 'еңәжҷҜзј–з Ғ',
    `version_no`            int                                                           NOT NULL COMMENT 'зүҲжң¬еҸ·',
    `checksum`              varchar(128) CHARACTER SET utf8mb4 COLLATE utf8mb4_unicode_ci NOT NULL COMMENT 'ж ЎйӘҢе’Ң',
    `publish_status`        varchar(32) CHARACTER SET utf8mb4 COLLATE utf8mb4_unicode_ci  NOT NULL COMMENT 'еҸ‘еёғзҠ¶жҖҒ',
    `snapshot_json`         json                                                          NOT NULL COMMENT 'еҝ«з…§ JSON',
    `compile_report_json`   json                                                          NULL COMMENT 'зј–иҜ‘жҠҘе‘Ҡ',
    `effective_from`        datetime                                                      NULL     DEFAULT NULL COMMENT 'з”ҹж•Ҳж—¶й—ҙ',
    `published_by`          varchar(64) CHARACTER SET utf8mb4 COLLATE utf8mb4_unicode_ci  NULL     DEFAULT NULL COMMENT 'еҸ‘еёғдәә',
    `published_at`          datetime                                                      NULL     DEFAULT NULL COMMENT 'еҸ‘еёғж—¶й—ҙ',
    `rollback_from_version` int                                                           NULL     DEFAULT NULL COMMENT 'еӣһж»ҡжқҘжәҗзүҲжң¬',
    `remark`                varchar(512) CHARACTER SET utf8mb4 COLLATE utf8mb4_unicode_ci NULL     DEFAULT NULL COMMENT 'еӨҮжіЁ',
    `creator`               varchar(64) CHARACTER SET utf8mb4 COLLATE utf8mb4_unicode_ci  NULL     DEFAULT '' COMMENT 'еҲӣе»әиҖ…',
    `create_time`           datetime                                                      NOT NULL DEFAULT CURRENT_TIMESTAMP COMMENT 'еҲӣе»әж—¶й—ҙ',
    `updater`               varchar(64) CHARACTER SET utf8mb4 COLLATE utf8mb4_unicode_ci  NULL     DEFAULT '' COMMENT 'жӣҙж–°иҖ…',
    `update_time`           datetime                                                      NOT NULL DEFAULT CURRENT_TIMESTAMP ON UPDATE CURRENT_TIMESTAMP COMMENT 'жӣҙж–°ж—¶й—ҙ',
    `deleted`               bit(1)                                                        NOT NULL DEFAULT b'0' COMMENT 'жҳҜеҗҰеҲ йҷӨ',
    PRIMARY KEY (`id`) USING BTREE,
    UNIQUE INDEX `uk_scene_version` (`scene_code` ASC, `version_no` ASC) USING BTREE,
    INDEX `idx_scene_publish_time` (`scene_code` ASC, `published_at` ASC) USING BTREE,
    INDEX `idx_scene_publish_status` (`scene_code` ASC, `publish_status` ASC) USING BTREE
) ENGINE = InnoDB
  AUTO_INCREMENT = 8005
  CHARACTER SET = utf8mb4
  COLLATE = utf8mb4_unicode_ci COMMENT = 'еңәжҷҜеҸ‘еёғиЎЁ'
  ROW_FORMAT = Dynamic;

-- ----------------------------
-- Records of scene_release
-- ----------------------------
INSERT INTO `scene_release`
VALUES (8001, 'PROMOTION_RISK', 1, 'sha256:promo-risk-v1', 'ACTIVE', '{
  \"policy\": {
    \"code\": \"PROMOTION_RISK_POLICY_FIRST_HIT\",
    \"rules\": [
      {
        \"code\": \"PROMOTION_R001\",
        \"expr\": \"(ip_in_proxy_watch_list == true && ip_promo_cnt_10m >= 8) || device_promo_user_cnt_1h >= 5\",
        \"action\": \"TAG_ONLY\"
      }
    ],
    \"defaultAction\": \"PASS\"
  },
  \"status\": \"ACTIVE\",
  \"version\": 1,
  \"eventCode\": \"PROMOTION_EVENT\",
  \"sceneCode\": \"PROMOTION_RISK\",
  \"featureCodes\": [
    \"ip_promo_cnt_10m\",
    \"device_promo_user_cnt_1h\",
    \"ip_in_proxy_watch_list\",
    \"promo_proxy_burst_flag\",
    \"promo_device_cluster_flag\"
  ]
}',
        '{
          \"ruleCount\": 1,
          \"policyCode\": \"PROMOTION_RISK_POLICY_FIRST_HIT\",
          \"validation\": \"PASSED\",
          \"featureCount\": 5
        }',
        '2026-03-08 10:30:00', 'admin', '2026-03-08 10:30:00', NULL, 'иҗҘй”ҖйЈҺжҺ§еҲқе§ӢеҢ–зүҲжң¬', 'admin',
        '2026-03-08 10:29:50', 'admin', '2026-03-08 10:29:50', b'0');
INSERT INTO `scene_release`
VALUES (8002, 'WITHDRAW_RISK', 1, 'sha256:withdraw-risk-v1', 'PUBLISHED', '{
  \"policy\": {
    \"code\": \"WITHDRAW_RISK_POLICY_FIRST_HIT\",
    \"rules\": [
      {
        \"code\": \"WITHDRAW_R001\",
        \"expr\": \"withdrawAmount >= 3000 && (user_withdraw_cnt_24h >= 3 || device_withdraw_user_cnt_24h >= 3)\",
        \"action\": \"REVIEW\"
      }
    ],
    \"defaultAction\": \"PASS\"
  },
  \"status\": \"PUBLISHED\",
  \"version\": 1,
  \"eventCode\": \"WITHDRAW_EVENT\",
  \"sceneCode\": \"WITHDRAW_RISK\",
  \"featureCodes\": [
    \"user_withdraw_cnt_24h\",
    \"device_withdraw_user_cnt_24h\",
    \"withdraw_high_amount_flag\",
    \"withdraw_multi_actor_flag\"
  ]
}',
        '{
          \"ruleCount\": 1,
          \"policyCode\": \"WITHDRAW_RISK_POLICY_FIRST_HIT\",
          \"validation\": \"PASSED\",
          \"featureCount\": 4
        }',
        '2026-03-08 11:20:00', 'admin', '2026-03-08 11:20:00', NULL, 'жҸҗзҺ°йЈҺжҺ§з¬¬дёҖзүҲпјҢи®ҫеӨҮе…ұз”ЁйҳҲеҖјдёә3', 'admin',
        '2026-03-08 11:19:50', 'admin', '2026-03-08 11:19:50', b'0');
INSERT INTO `scene_release`
VALUES (8003, 'WITHDRAW_RISK', 2, 'sha256:withdraw-risk-v2', 'ACTIVE', '{
  \"policy\": {
    \"code\": \"WITHDRAW_RISK_POLICY_FIRST_HIT\",
    \"rules\": [
      {
        \"code\": \"WITHDRAW_R001\",
        \"expr\": \"withdrawAmount >= 3000 && (user_withdraw_cnt_24h >= 3 || device_withdraw_user_cnt_24h >= 2)\",
        \"action\": \"REVIEW\"
      }
    ],
    \"defaultAction\": \"PASS\"
  },
  \"status\": \"ACTIVE\",
  \"version\": 2,
  \"eventCode\": \"WITHDRAW_EVENT\",
  \"sceneCode\": \"WITHDRAW_RISK\",
  \"featureCodes\": [
    \"user_withdraw_cnt_24h\",
    \"device_withdraw_user_cnt_24h\",
    \"withdraw_high_amount_flag\",
    \"withdraw_multi_actor_flag\"
  ]
}',
        '{
          \"changes\": [
            \"WITHDRAW_R001 device threshold 3 -> 2\",
            \"withdraw_multi_actor_flag expr updated\"
          ],
          \"ruleCount\": 1,
          \"policyCode\": \"WITHDRAW_RISK_POLICY_FIRST_HIT\",
          \"validation\": \"PASSED\",
          \"featureCount\": 4
        }',
        '2026-03-10 09:30:00', 'admin', '2026-03-10 09:30:00', NULL, 'ж №жҚ®дёҖзәҝе®Ўж ёе‘ҪдёӯеӨҚзӣҳж”ҫе®Ҫи®ҫеӨҮе…ұз”ЁйҳҲеҖј', 'admin',
        '2026-03-10 09:29:50', 'admin', '2026-03-10 09:29:50', b'0');
INSERT INTO `scene_release`
VALUES (8004, 'ORDER_RISK', 1, 'sha256:order-risk-v1', 'ACTIVE', '{
  \"policy\": {
    \"code\": \"ORDER_RISK_POLICY_FIRST_HIT\",
    \"rules\": [
      {
        \"code\": \"ORDER_R001\",
        \"expr\": \"device_in_blacklist == true && user_in_white_list != true\",
        \"action\": \"REJECT\"
      }
    ],
    \"defaultAction\": \"PASS\"
  },
  \"status\": \"ACTIVE\",
  \"version\": 1,
  \"eventCode\": \"ORDER_EVENT\",
  \"sceneCode\": \"ORDER_RISK\",
  \"featureCodes\": [
    \"device_in_blacklist\",
    \"user_in_white_list\",
    \"order_device_block_flag\"
  ]
}',
        '{
          \"ruleCount\": 1,
          \"policyCode\": \"ORDER_RISK_POLICY_FIRST_HIT\",
          \"validation\": \"PASSED\",
          \"featureCount\": 3
        }',
        '2026-03-08 12:30:00', 'admin', '2026-03-08 12:30:00', NULL, 'и®ўеҚ•еҗҺзҪ®йЈҺжҺ§еҲқе§ӢеҢ–зүҲжң¬', 'admin',
        '2026-03-08 12:29:50', 'admin', '2026-03-08 12:29:50', b'0');

-- ----------------------------
-- Table structure for scene_release_change
-- ----------------------------
DROP TABLE IF EXISTS `scene_release_change`;
CREATE TABLE `scene_release_change`
(
    `id`          bigint                                                        NOT NULL AUTO_INCREMENT COMMENT 'дё»й”®',
    `release_id`  bigint                                                        NOT NULL COMMENT 'еҸ‘еёғи®°еҪ•дё»й”®',
    `scene_code`  varchar(64) CHARACTER SET utf8mb4 COLLATE utf8mb4_unicode_ci  NOT NULL COMMENT 'еңәжҷҜзј–з Ғ',
    `change_type` varchar(32) CHARACTER SET utf8mb4 COLLATE utf8mb4_unicode_ci  NOT NULL COMMENT 'еҸҳжӣҙзұ»еһӢ',
    `target_type` varchar(32) CHARACTER SET utf8mb4 COLLATE utf8mb4_unicode_ci  NOT NULL COMMENT 'зӣ®ж Үзұ»еһӢ',
    `target_code` varchar(64) CHARACTER SET utf8mb4 COLLATE utf8mb4_unicode_ci  NOT NULL COMMENT 'зӣ®ж Үзј–з Ғ',
    `before_json` json                                                          NULL COMMENT 'еҸҳжӣҙеүҚ',
    `after_json`  json                                                          NULL COMMENT 'еҸҳжӣҙеҗҺ',
    `description` varchar(512) CHARACTER SET utf8mb4 COLLATE utf8mb4_unicode_ci NULL     DEFAULT NULL COMMENT 'жҸҸиҝ°',
    `creator`     varchar(64) CHARACTER SET utf8mb4 COLLATE utf8mb4_unicode_ci  NULL     DEFAULT '' COMMENT 'еҲӣе»әиҖ…',
    `create_time` datetime                                                      NOT NULL DEFAULT CURRENT_TIMESTAMP COMMENT 'еҲӣе»әж—¶й—ҙ',
    `updater`     varchar(64) CHARACTER SET utf8mb4 COLLATE utf8mb4_unicode_ci  NULL     DEFAULT '' COMMENT 'жӣҙж–°иҖ…',
    `update_time` datetime                                                      NOT NULL DEFAULT CURRENT_TIMESTAMP ON UPDATE CURRENT_TIMESTAMP COMMENT 'жӣҙж–°ж—¶й—ҙ',
    `deleted`     bit(1)                                                        NOT NULL DEFAULT b'0' COMMENT 'жҳҜеҗҰеҲ йҷӨ',
    PRIMARY KEY (`id`) USING BTREE,
    INDEX `idx_release_id` (`release_id` ASC) USING BTREE,
    INDEX `idx_scene_target` (`scene_code` ASC, `target_type` ASC, `target_code` ASC) USING BTREE
) ENGINE = InnoDB
  AUTO_INCREMENT = 9003
  CHARACTER SET = utf8mb4
  COLLATE = utf8mb4_unicode_ci COMMENT = 'еҸ‘еёғеҸҳжӣҙжҳҺз»ҶиЎЁ'
  ROW_FORMAT = Dynamic;

-- ----------------------------
-- Records of scene_release_change
-- ----------------------------
INSERT INTO `scene_release_change`
VALUES (9001, 8003, 'WITHDRAW_RISK', 'MODIFY', 'RULE', 'WITHDRAW_R001', '{
  \"expr\": \"withdrawAmount >= 3000 && (user_withdraw_cnt_24h >= 3 || device_withdraw_user_cnt_24h >= 3)\",
  \"version\": 1
}',
        '{
          \"expr\": \"withdrawAmount >= 3000 && (user_withdraw_cnt_24h >= 3 || device_withdraw_user_cnt_24h >= 2)\",
          \"version\": 2
        }',
        'ж №жҚ®е‘ҪдёӯеӨҚзӣҳж”ҫе®Ҫи®ҫеӨҮе…ұз”ЁйҳҲеҖј', 'admin', '2026-03-10 09:25:00', 'admin', '2026-03-10 09:25:00', b'0');
INSERT INTO `scene_release_change`
VALUES (9002, 8003, 'WITHDRAW_RISK', 'MODIFY', 'FEATURE', 'withdraw_multi_actor_flag', '{
  \"expr\": \"user_withdraw_cnt_24h >= 3 || device_withdraw_user_cnt_24h >= 3\",
  \"orderNo\": 20
}', '{
  \"expr\": \"user_withdraw_cnt_24h >= 3 || device_withdraw_user_cnt_24h >= 2\",
  \"orderNo\": 20
}',
        'еҗҢжӯҘжӣҙж–°еӨҡдё»дҪ“жҸҗзҺ°жҙҫз”ҹзү№еҫҒ', 'admin', '2026-03-10 09:25:10', 'admin', '2026-03-10 09:25:10', b'0');

-- ----------------------------
-- Table structure for simulation_case
-- ----------------------------
DROP TABLE IF EXISTS `simulation_case`;
CREATE TABLE `simulation_case`
(
    `id`                 bigint                                                        NOT NULL AUTO_INCREMENT COMMENT 'дё»й”®',
    `scene_code`         varchar(64) CHARACTER SET utf8mb4 COLLATE utf8mb4_unicode_ci  NOT NULL COMMENT 'еңәжҷҜзј–з Ғ',
    `case_code`          varchar(64) CHARACTER SET utf8mb4 COLLATE utf8mb4_unicode_ci  NOT NULL COMMENT 'з”ЁдҫӢзј–з Ғ',
    `case_name`          varchar(128) CHARACTER SET utf8mb4 COLLATE utf8mb4_unicode_ci NOT NULL COMMENT 'з”ЁдҫӢеҗҚз§°',
    `input_event_json`   json                                                          NOT NULL COMMENT 'иҫ“е…ҘдәӢд»¶',
    `context_json`       json                                                          NULL COMMENT 'дёҠдёӢж–ҮеҒҮи®ҫ',
    `expected_action`    varchar(32) CHARACTER SET utf8mb4 COLLATE utf8mb4_unicode_ci  NULL     DEFAULT NULL COMMENT 'жңҹжңӣеҠЁдҪң',
    `expected_hit_rules` json                                                          NULL COMMENT 'жңҹжңӣе‘Ҫдёӯи§„еҲҷ',
    `status`             tinyint                                                       NOT NULL DEFAULT 1 COMMENT 'зҠ¶жҖҒ',
    `description`        varchar(512) CHARACTER SET utf8mb4 COLLATE utf8mb4_unicode_ci NULL     DEFAULT NULL COMMENT 'жҸҸиҝ°',
    `creator`            varchar(64) CHARACTER SET utf8mb4 COLLATE utf8mb4_unicode_ci  NULL     DEFAULT '' COMMENT 'еҲӣе»әиҖ…',
    `create_time`        datetime                                                      NOT NULL DEFAULT CURRENT_TIMESTAMP COMMENT 'еҲӣе»әж—¶й—ҙ',
    `updater`            varchar(64) CHARACTER SET utf8mb4 COLLATE utf8mb4_unicode_ci  NULL     DEFAULT '' COMMENT 'жӣҙж–°иҖ…',
    `update_time`        datetime                                                      NOT NULL DEFAULT CURRENT_TIMESTAMP ON UPDATE CURRENT_TIMESTAMP COMMENT 'жӣҙж–°ж—¶й—ҙ',
    `deleted`            bit(1)                                                        NOT NULL DEFAULT b'0' COMMENT 'жҳҜеҗҰеҲ йҷӨ',
    PRIMARY KEY (`id`) USING BTREE,
    UNIQUE INDEX `uk_scene_case` (`scene_code` ASC, `case_code` ASC) USING BTREE,
    INDEX `idx_scene_case_status` (`scene_code` ASC, `status` ASC) USING BTREE
) ENGINE = InnoDB
  AUTO_INCREMENT = 10007
  CHARACTER SET = utf8mb4
  COLLATE = utf8mb4_unicode_ci COMMENT = 'д»ҝзңҹз”ЁдҫӢиЎЁ'
  ROW_FORMAT = Dynamic;

-- ----------------------------
-- Records of simulation_case
-- ----------------------------
INSERT INTO `simulation_case`
VALUES (10001, 'PROMOTION_RISK', 'PROMO_CASE_001', 'жӯЈеёёиҗҘй”ҖеҸ—зҗҶ', '{
  \"ip\": \"203.0.113.88\",
  \"bizNo\": \"PROMO_REQ_202603080101\",
  \"userId\": \"U20002\",
  \"channel\": \"APP\",
  \"eventId\": \"E_PROMO_1001\",
  \"traceId\": \"T_PROMO_1001\",
  \"deviceId\": \"DVC_PROMO_002\",
  \"eventTime\": \"2026-03-08T10:08:00\",
  \"eventType\": \"promotion_grant\",
  \"sceneCode\": \"PROMOTION_RISK\",
  \"activityId\": \"ACT_INVITE_202603\",
  \"rewardType\": \"COUPON\",
  \"grantStatus\": \"ACCEPTED\",
  \"rewardValue\": 20,
  \"promotionType\": \"COUPON_CLAIM\"
}',
        '{
          \"ip_promo_cnt_10m\": 2,
          \"ip_in_proxy_watch_list\": false,
          \"device_promo_user_cnt_1h\": 1
        }', 'PASS', '[]',
        1, 'иҗҘй”ҖеңәжҷҜжӯЈеёёж ·дҫӢ', 'admin', '2026-03-08 10:40:00', 'admin', '2026-03-08 10:40:00', b'0');
INSERT INTO `simulation_case`
VALUES (10002, 'PROMOTION_RISK', 'PROMO_CASE_002', 'д»ЈзҗҶIPй«ҳйў‘йўҶеҲё', '{
  \"ip\": \"203.0.113.10\",
  \"ext\": {
    \"campaignCode\": \"SPRING_GROWTH\",
    \"inviteUserId\": \"U16666\"
  },
  \"bizNo\": \"PROMO_REQ_202603080102\",
  \"userId\": \"U20077\",
  \"channel\": \"APP\",
  \"eventId\": \"E_PROMO_1002\",
  \"traceId\": \"T_PROMO_1002\",
  \"deviceId\": \"DVC_PROMO_CLUSTER_01\",
  \"eventTime\": \"2026-03-08T10:12:00\",
  \"eventType\": \"promotion_grant\",
  \"sceneCode\": \"PROMOTION_RISK\",
  \"activityId\": \"ACT_INVITE_202603\",
  \"rewardType\": \"COUPON\",
  \"grantStatus\": \"ACCEPTED\",
  \"rewardValue\": 50,
  \"promotionType\": \"INVITE_REWARD\"
}',
        '{
          \"ip_promo_cnt_10m\": 9,
          \"ip_in_proxy_watch_list\": true,
          \"device_promo_user_cnt_1h\": 4
        }', 'TAG_ONLY', '[
    \"PROMOTION_R001\"
  ]', 1, 'иҗҘй”ҖеңәжҷҜд»ЈзҗҶIPй«ҳйў‘ж ·дҫӢ', 'admin', '2026-03-08 10:40:00', 'admin', '2026-03-08 10:40:00',
        b'0');
INSERT INTO `simulation_case`
VALUES (10003, 'WITHDRAW_RISK', 'WITHDRAW_CASE_001', 'дҪҺйў‘жҸҗзҺ°ж”ҫиЎҢ', '{
  \"ip\": \"198.51.100.22\",
  \"bizNo\": \"WD_REQ_202603080101\",
  \"userId\": \"U30002\",
  \"channel\": \"APP\",
  \"eventId\": \"E_WD_1001\",
  \"traceId\": \"T_WD_1001\",
  \"bankCode\": \"CCB\",
  \"currency\": \"CNY\",
  \"deviceId\": \"DVC_WD_002\",
  \"eventTime\": \"2026-03-08T11:06:00\",
  \"eventType\": \"withdraw_apply\",
  \"sceneCode\": \"WITHDRAW_RISK\",
  \"withdrawNo\": \"WD202603080101\",
  \"accountType\": \"BANK_CARD\",
  \"withdrawAmount\": 500,
  \"withdrawStatus\": \"CREATED\",
  \"withdrawAccountId\": \"WACC_88002\"
}',
        '{
          \"user_withdraw_cnt_24h\": 1,
          \"device_withdraw_user_cnt_24h\": 1
        }', 'PASS', '[]', 1, 'жҸҗзҺ°еңәжҷҜжӯЈеёёж ·дҫӢ',
        'admin', '2026-03-08 11:40:00', 'admin', '2026-03-08 11:40:00', b'0');
INSERT INTO `simulation_case`
VALUES (10004, 'WITHDRAW_RISK', 'WITHDRAW_CASE_002', 'еӨ§йўқйҮҚеӨҚжҸҗзҺ°', '{
  \"ip\": \"198.51.100.23\",
  \"ext\": {
    \"city\": \"Hangzhou\",
    \"bankCardTail\": \"5521\"
  },
  \"bizNo\": \"WD_REQ_202603080102\",
  \"userId\": \"U30088\",
  \"channel\": \"APP\",
  \"eventId\": \"E_WD_1002\",
  \"traceId\": \"T_WD_1002\",
  \"bankCode\": \"CCB\",
  \"currency\": \"CNY\",
  \"deviceId\": \"DVC_WD_SHARED_01\",
  \"eventTime\": \"2026-03-08T11:18:00\",
  \"eventType\": \"withdraw_apply\",
  \"sceneCode\": \"WITHDRAW_RISK\",
  \"withdrawNo\": \"WD202603080102\",
  \"accountType\": \"BANK_CARD\",
  \"withdrawAmount\": 3800,
  \"withdrawStatus\": \"CREATED\",
  \"withdrawAccountId\": \"WACC_99002\"
}',
        '{
          \"user_withdraw_cnt_24h\": 3,
          \"device_withdraw_user_cnt_24h\": 2
        }', 'REVIEW', '[
    \"WITHDRAW_R001\"
  ]', 1, 'жҸҗзҺ°еңәжҷҜеӨ§йўқйҮҚеӨҚж ·дҫӢ', 'admin', '2026-03-08 11:40:00', 'admin', '2026-03-08 11:40:00',
        b'0');
INSERT INTO `simulation_case`
VALUES (10005, 'ORDER_RISK', 'ORDER_CASE_001', 'зҷҪеҗҚеҚ•з”ЁжҲ·и®ўеҚ•ж”ҫиЎҢ', '{
  \"ip\": \"192.0.2.28\",
  \"bizNo\": \"ORD202603080101\",
  \"userId\": \"U40088\",
  \"channel\": \"APP\",
  \"eventId\": \"E_ORDER_1001\",
  \"orderNo\": \"ORD202603080101\",
  \"traceId\": \"T_ORDER_1001\",
  \"currency\": \"CNY\",
  \"deviceId\": \"DVC_ORDER_BLACK_01\",
  \"eventTime\": \"2026-03-08T12:06:00\",
  \"eventType\": \"order_paid\",
  \"payAmount\": 699,
  \"sceneCode\": \"ORDER_RISK\",
  \"merchantId\": \"MCH_3001\",
  \"orderAmount\": 699,
  \"orderStatus\": \"PAID\",
  \"fulfillmentType\": \"EXPRESS\"
}',
        '{
          \"user_in_white_list\": true,
          \"device_in_blacklist\": true
        }', 'PASS', '[]', 1, 'и®ўеҚ•еңәжҷҜзҷҪеҗҚеҚ•дҝқжҠӨж ·дҫӢ',
        'admin', '2026-03-08 12:40:00', 'admin', '2026-03-08 12:40:00', b'0');
INSERT INTO `simulation_case`
VALUES (10006, 'ORDER_RISK', 'ORDER_CASE_002', 'й»‘еҗҚеҚ•и®ҫеӨҮи®ўеҚ•жӢ’з»қ', '{
  \"ip\": \"192.0.2.38\",
  \"ext\": {
    \"skuCount\": 1,
    \"receiverCity\": \"Nanjing\"
  },
  \"bizNo\": \"ORD202603080102\",
  \"userId\": \"U40099\",
  \"channel\": \"APP\",
  \"eventId\": \"E_ORDER_1002\",
  \"orderNo\": \"ORD202603080102\",
  \"traceId\": \"T_ORDER_1002\",
  \"currency\": \"CNY\",
  \"deviceId\": \"DVC_ORDER_BLACK_01\",
  \"eventTime\": \"2026-03-08T12:12:00\",
  \"eventType\": \"order_paid\",
  \"payAmount\": 899,
  \"sceneCode\": \"ORDER_RISK\",
  \"merchantId\": \"MCH_3001\",
  \"orderAmount\": 899,
  \"orderStatus\": \"PAID\",
  \"fulfillmentType\": \"EXPRESS\"
}',
        '{
          \"user_in_white_list\": false,
          \"device_in_blacklist\": true
        }', 'REJECT', '[
    \"ORDER_R001\"
  ]', 1, 'и®ўеҚ•еңәжҷҜй»‘еҗҚеҚ•и®ҫеӨҮж ·дҫӢ', 'admin', '2026-03-08 12:40:00', 'admin', '2026-03-08 12:40:00',
        b'0');

-- ----------------------------
-- Table structure for simulation_report
-- ----------------------------
DROP TABLE IF EXISTS `simulation_report`;
CREATE TABLE `simulation_report`
(
    `id`                    bigint                                                       NOT NULL AUTO_INCREMENT COMMENT 'дё»й”®',
    `case_id`               bigint                                                       NOT NULL COMMENT 'з”ЁдҫӢдё»й”®',
    `scene_code`            varchar(64) CHARACTER SET utf8mb4 COLLATE utf8mb4_unicode_ci NOT NULL COMMENT 'еңәжҷҜзј–з Ғ',
    `case_code`             varchar(64) CHARACTER SET utf8mb4 COLLATE utf8mb4_unicode_ci NOT NULL COMMENT 'з”ЁдҫӢзј–з Ғ',
    `release_id`            bigint                                                       NULL     DEFAULT NULL COMMENT 'еҸ‘еёғзүҲжң¬дё»й”®',
    `version_no`            int                                                          NOT NULL COMMENT 'жү§иЎҢзүҲжң¬',
    `actual_action`         varchar(32) CHARACTER SET utf8mb4 COLLATE utf8mb4_unicode_ci NULL     DEFAULT NULL COMMENT 'е®һйҷ…еҠЁдҪң',
    `actual_hit_rules`      json                                                         NULL COMMENT 'е®һйҷ…е‘Ҫдёӯи§„еҲҷ',
    `feature_snapshot_json` json                                                         NULL COMMENT 'зү№еҫҒеҝ«з…§',
    `result_json`           json                                                         NOT NULL COMMENT 'жү§иЎҢз»“жһң',
    `pass_flag`             tinyint                                                      NOT NULL COMMENT 'жҳҜеҗҰйҖҡиҝҮ',
    `duration_ms`           bigint                                                       NULL     DEFAULT NULL COMMENT 'иҖ—ж—¶жҜ«з§’',
    `run_by`                varchar(64) CHARACTER SET utf8mb4 COLLATE utf8mb4_unicode_ci NULL     DEFAULT NULL COMMENT 'жү§иЎҢдәә',
    `creator`               varchar(64) CHARACTER SET utf8mb4 COLLATE utf8mb4_unicode_ci NULL     DEFAULT '' COMMENT 'еҲӣе»әиҖ…',
    `create_time`           datetime                                                     NOT NULL DEFAULT CURRENT_TIMESTAMP COMMENT 'еҲӣе»әж—¶й—ҙ',
    `updater`               varchar(64) CHARACTER SET utf8mb4 COLLATE utf8mb4_unicode_ci NULL     DEFAULT '' COMMENT 'жӣҙж–°иҖ…',
    `update_time`           datetime                                                     NOT NULL DEFAULT CURRENT_TIMESTAMP ON UPDATE CURRENT_TIMESTAMP COMMENT 'жӣҙж–°ж—¶й—ҙ',
    `deleted`               bit(1)                                                       NOT NULL DEFAULT b'0' COMMENT 'жҳҜеҗҰеҲ йҷӨ',
    PRIMARY KEY (`id`) USING BTREE,
    INDEX `idx_case_version` (`case_id` ASC, `version_no` ASC) USING BTREE,
    INDEX `idx_scene_report_time` (`scene_code` ASC, `create_time` ASC) USING BTREE
) ENGINE = InnoDB
  AUTO_INCREMENT = 10107
  CHARACTER SET = utf8mb4
  COLLATE = utf8mb4_unicode_ci COMMENT = 'д»ҝзңҹжҠҘе‘ҠиЎЁ'
  ROW_FORMAT = Dynamic;

-- ----------------------------
-- Records of simulation_report
-- ----------------------------
INSERT INTO `simulation_report`
VALUES (10101, 10001, 'PROMOTION_RISK', 'PROMO_CASE_001', 8001, 1, 'PASS', '[]', '{
  \"ip_promo_cnt_10m\": 2,
  \"ip_in_proxy_watch_list\": false,
  \"device_promo_user_cnt_1h\": 1
}', '{
  \"hitRules\": [],
  \"latencyMs\": 9,
  \"finalAction\": \"PASS\"
}', 1, 9, 'admin', 'admin', '2026-03-08 10:41:00',
        'admin', '2026-03-08 10:41:00', b'0');
INSERT INTO `simulation_report`
VALUES (10102, 10002, 'PROMOTION_RISK', 'PROMO_CASE_002', 8001, 1, 'TAG_ONLY', '[
  \"PROMOTION_R001\"
]', '{
  \"ip_promo_cnt_10m\": 9,
  \"ip_in_proxy_watch_list\": true,
  \"promo_proxy_burst_flag\": true,
  \"device_promo_user_cnt_1h\": 4
}',
        '{
          \"hitRules\": [
            \"PROMOTION_R001\"
          ],
          \"latencyMs\": 13,
          \"finalAction\": \"TAG_ONLY\"
        }', 1, 13, 'admin',
        'admin', '2026-03-08 10:41:10', 'admin', '2026-03-08 10:41:10', b'0');
INSERT INTO `simulation_report`
VALUES (10103, 10003, 'WITHDRAW_RISK', 'WITHDRAW_CASE_001', 8003, 2, 'PASS', '[]', '{
  \"user_withdraw_cnt_24h\": 1,
  \"withdraw_high_amount_flag\": false,
  \"withdraw_multi_actor_flag\": false,
  \"device_withdraw_user_cnt_24h\": 1
}',
        '{
          \"hitRules\": [],
          \"latencyMs\": 11,
          \"finalAction\": \"PASS\"
        }', 1, 11, 'admin', 'admin',
        '2026-03-08 11:41:00', 'admin', '2026-03-08 11:41:00', b'0');
INSERT INTO `simulation_report`
VALUES (10104, 10004, 'WITHDRAW_RISK', 'WITHDRAW_CASE_002', 8003, 2, 'REVIEW', '[
  \"WITHDRAW_R001\"
]', '{
  \"user_withdraw_cnt_24h\": 3,
  \"withdraw_high_amount_flag\": true,
  \"withdraw_multi_actor_flag\": true,
  \"device_withdraw_user_cnt_24h\": 2
}',
        '{
          \"hitRules\": [
            \"WITHDRAW_R001\"
          ],
          \"latencyMs\": 16,
          \"finalAction\": \"REVIEW\"
        }', 1, 16, 'admin', 'admin',
        '2026-03-08 11:41:10', 'admin', '2026-03-08 11:41:10', b'0');
INSERT INTO `simulation_report`
VALUES (10105, 10005, 'ORDER_RISK', 'ORDER_CASE_001', 8004, 1, 'PASS', '[]', '{
  \"user_in_white_list\": true,
  \"device_in_blacklist\": true,
  \"order_device_block_flag\": false
}', '{
  \"hitRules\": [],
  \"latencyMs\": 10,
  \"finalAction\": \"PASS\"
}', 1, 10, 'admin', 'admin', '2026-03-08 12:41:00',
        'admin', '2026-03-08 12:41:00', b'0');
INSERT INTO `simulation_report`
VALUES (10106, 10006, 'ORDER_RISK', 'ORDER_CASE_002', 8004, 1, 'REJECT', '[
  \"ORDER_R001\"
]', '{
  \"user_in_white_list\": false,
  \"device_in_blacklist\": true,
  \"order_device_block_flag\": true
}', '{
  \"hitRules\": [
    \"ORDER_R001\"
  ],
  \"latencyMs\": 12,
  \"finalAction\": \"REJECT\"
}', 1, 12, 'admin', 'admin',
        '2026-03-08 12:41:10', 'admin', '2026-03-08 12:41:10', b'0');

-- ----------------------------
-- Table structure for system_dept
-- ----------------------------
DROP TABLE IF EXISTS `system_dept`;
CREATE TABLE `system_dept`
(
    `id`             bigint                                                       NOT NULL AUTO_INCREMENT COMMENT 'йғЁй—Ёid',
    `name`           varchar(30) CHARACTER SET utf8mb4 COLLATE utf8mb4_unicode_ci NOT NULL DEFAULT '' COMMENT 'йғЁй—ЁеҗҚз§°',
    `parent_id`      bigint                                                       NOT NULL DEFAULT 0 COMMENT 'зҲ¶йғЁй—Ёid',
    `sort`           int                                                          NOT NULL DEFAULT 0 COMMENT 'жҳҫзӨәйЎәеәҸ',
    `leader_user_id` bigint                                                       NULL     DEFAULT NULL COMMENT 'иҙҹиҙЈдәә',
    `phone`          varchar(11) CHARACTER SET utf8mb4 COLLATE utf8mb4_unicode_ci NULL     DEFAULT NULL COMMENT 'иҒ”зі»з”өиҜқ',
    `email`          varchar(50) CHARACTER SET utf8mb4 COLLATE utf8mb4_unicode_ci NULL     DEFAULT NULL COMMENT 'йӮ®з®ұ',
    `status`         tinyint                                                      NOT NULL COMMENT 'йғЁй—ЁзҠ¶жҖҒпјҲ0жӯЈеёё 1еҒңз”Ёпјү',
    `creator`        varchar(64) CHARACTER SET utf8mb4 COLLATE utf8mb4_unicode_ci NULL     DEFAULT '' COMMENT 'еҲӣе»әиҖ…',
    `create_time`    datetime                                                     NOT NULL DEFAULT CURRENT_TIMESTAMP COMMENT 'еҲӣе»әж—¶й—ҙ',
    `updater`        varchar(64) CHARACTER SET utf8mb4 COLLATE utf8mb4_unicode_ci NULL     DEFAULT '' COMMENT 'жӣҙж–°иҖ…',
    `update_time`    datetime                                                     NOT NULL DEFAULT CURRENT_TIMESTAMP ON UPDATE CURRENT_TIMESTAMP COMMENT 'жӣҙж–°ж—¶й—ҙ',
    `deleted`        bit(1)                                                       NOT NULL DEFAULT b'0' COMMENT 'жҳҜеҗҰеҲ йҷӨ',
    `tenant_id`      bigint                                                       NOT NULL DEFAULT 0 COMMENT 'з§ҹжҲ·зј–еҸ·',
    PRIMARY KEY (`id`) USING BTREE
) ENGINE = InnoDB
  AUTO_INCREMENT = 116
  CHARACTER SET = utf8mb4
  COLLATE = utf8mb4_unicode_ci COMMENT = 'йғЁй—ЁиЎЁ'
  ROW_FORMAT = Dynamic;

-- ----------------------------
-- Records of system_dept
-- ----------------------------
INSERT INTO `system_dept`
VALUES (100, 'иҠӢйҒ“жәҗз Ғ', 0, 0, 1, '15888888888', 'ry@qq.com', 0, 'admin', '2021-01-05 17:03:47', '1',
        '2025-03-29 15:47:53', b'0', 1);
INSERT INTO `system_dept`
VALUES (101, 'ж·ұеңіжҖ»е…¬еҸё', 100, 1, 104, '15888888888', 'ry@qq.com', 0, 'admin', '2021-01-05 17:03:47', '1',
        '2025-03-29 15:49:55', b'0', 1);
INSERT INTO `system_dept`
VALUES (102, 'й•ҝжІҷеҲҶе…¬еҸё', 100, 2, NULL, '15888888888', 'ry@qq.com', 0, 'admin', '2021-01-05 17:03:47', '',
        '2021-12-15 05:01:40', b'0', 1);
INSERT INTO `system_dept`
VALUES (103, 'з ”еҸ‘йғЁй—Ё', 101, 1, 1, '15888888888', 'ry@qq.com', 0, 'admin', '2021-01-05 17:03:47', '1',
        '2024-10-02 10:22:03', b'0', 1);
INSERT INTO `system_dept`
VALUES (104, 'еёӮеңәйғЁй—Ё', 101, 2, NULL, '15888888888', 'ry@qq.com', 0, 'admin', '2021-01-05 17:03:47', '',
        '2021-12-15 05:01:38', b'0', 1);
INSERT INTO `system_dept`
VALUES (105, 'жөӢиҜ•йғЁй—Ё', 101, 3, NULL, '15888888888', 'ry@qq.com', 0, 'admin', '2021-01-05 17:03:47', '1',
        '2022-05-16 20:25:15', b'0', 1);
INSERT INTO `system_dept`
VALUES (106, 'иҙўеҠЎйғЁй—Ё', 101, 4, 103, '15888888888', 'ry@qq.com', 0, 'admin', '2021-01-05 17:03:47', '103',
        '2022-01-15 21:32:22', b'0', 1);
INSERT INTO `system_dept`
VALUES (107, 'иҝҗз»ҙйғЁй—Ё', 101, 5, 1, '15888888888', 'ry@qq.com', 0, 'admin', '2021-01-05 17:03:47', '1',
        '2023-12-02 09:28:22', b'0', 1);
INSERT INTO `system_dept`
VALUES (108, 'еёӮеңәйғЁй—Ё', 102, 1, NULL, '15888888888', 'ry@qq.com', 0, 'admin', '2021-01-05 17:03:47', '1',
        '2022-02-16 08:35:45', b'0', 1);
INSERT INTO `system_dept`
VALUES (109, 'иҙўеҠЎйғЁй—Ё', 102, 2, NULL, '15888888888', 'ry@qq.com', 0, 'admin', '2021-01-05 17:03:47', '',
        '2021-12-15 05:01:29', b'0', 1);
INSERT INTO `system_dept`
VALUES (110, 'ж–°йғЁй—Ё', 0, 1, NULL, NULL, NULL, 0, '110', '2022-02-23 20:46:30', '110', '2022-02-23 20:46:30', b'0',
        121);
INSERT INTO `system_dept`
VALUES (111, 'йЎ¶зә§йғЁй—Ё', 0, 1, NULL, NULL, NULL, 0, '113', '2022-03-07 21:44:50', '113', '2022-03-07 21:44:50', b'0',
        122);
INSERT INTO `system_dept`
VALUES (112, 'дә§е“ҒйғЁй—Ё', 101, 100, 1, NULL, NULL, 1, '1', '2023-12-02 09:45:13', '1', '2023-12-02 09:45:31', b'0', 1);
INSERT INTO `system_dept`
VALUES (113, 'ж”ҜжҢҒйғЁй—Ё', 102, 3, 104, NULL, NULL, 1, '1', '2023-12-02 09:47:38', '1', '2025-03-29 15:00:56', b'0', 1);

-- ----------------------------
-- Table structure for system_dict_data
-- ----------------------------
DROP TABLE IF EXISTS `system_dict_data`;
CREATE TABLE `system_dict_data`
(
    `id`          bigint                                                        NOT NULL AUTO_INCREMENT COMMENT 'еӯ—е…ёзј–з Ғ',
    `sort`        int                                                           NOT NULL DEFAULT 0 COMMENT 'еӯ—е…ёжҺ’еәҸ',
    `label`       varchar(100) CHARACTER SET utf8mb4 COLLATE utf8mb4_unicode_ci NOT NULL DEFAULT '' COMMENT 'еӯ—е…ёж Үзӯҫ',
    `value`       varchar(100) CHARACTER SET utf8mb4 COLLATE utf8mb4_unicode_ci NOT NULL DEFAULT '' COMMENT 'еӯ—е…ёй”®еҖј',
    `dict_type`   varchar(100) CHARACTER SET utf8mb4 COLLATE utf8mb4_unicode_ci NOT NULL DEFAULT '' COMMENT 'еӯ—е…ёзұ»еһӢ',
    `status`      tinyint                                                       NOT NULL DEFAULT 0 COMMENT 'зҠ¶жҖҒпјҲ0жӯЈеёё 1еҒңз”Ёпјү',
    `color_type`  varchar(100) CHARACTER SET utf8mb4 COLLATE utf8mb4_unicode_ci NULL     DEFAULT '' COMMENT 'йўңиүІзұ»еһӢ',
    `css_class`   varchar(100) CHARACTER SET utf8mb4 COLLATE utf8mb4_unicode_ci NULL     DEFAULT '' COMMENT 'css ж ·ејҸ',
    `remark`      varchar(500) CHARACTER SET utf8mb4 COLLATE utf8mb4_unicode_ci NULL     DEFAULT NULL COMMENT 'еӨҮжіЁ',
    `creator`     varchar(64) CHARACTER SET utf8mb4 COLLATE utf8mb4_unicode_ci  NULL     DEFAULT '' COMMENT 'еҲӣе»әиҖ…',
    `create_time` datetime                                                      NOT NULL DEFAULT CURRENT_TIMESTAMP COMMENT 'еҲӣе»әж—¶й—ҙ',
    `updater`     varchar(64) CHARACTER SET utf8mb4 COLLATE utf8mb4_unicode_ci  NULL     DEFAULT '' COMMENT 'жӣҙж–°иҖ…',
    `update_time` datetime                                                      NOT NULL DEFAULT CURRENT_TIMESTAMP ON UPDATE CURRENT_TIMESTAMP COMMENT 'жӣҙж–°ж—¶й—ҙ',
    `deleted`     bit(1)                                                        NOT NULL DEFAULT b'0' COMMENT 'жҳҜеҗҰеҲ йҷӨ',
    PRIMARY KEY (`id`) USING BTREE
) ENGINE = InnoDB
  AUTO_INCREMENT = 3036
  CHARACTER SET = utf8mb4
  COLLATE = utf8mb4_unicode_ci COMMENT = 'еӯ—е…ёж•°жҚ®иЎЁ'
  ROW_FORMAT = Dynamic;

-- ----------------------------
-- Records of system_dict_data
-- ----------------------------
INSERT INTO `system_dict_data`
VALUES (1, 1, 'з”·', '1', 'system_user_sex', 0, 'default', 'A', 'жҖ§еҲ«з”·', 'admin', '2021-01-05 17:03:48', '1',
        '2022-03-29 00:14:39', b'0');
INSERT INTO `system_dict_data`
VALUES (2, 2, 'еҘі', '2', 'system_user_sex', 0, 'success', '', 'жҖ§еҲ«еҘі', 'admin', '2021-01-05 17:03:48', '1',
        '2023-11-15 23:30:37', b'0');
INSERT INTO `system_dict_data`
VALUES (8, 1, 'жӯЈеёё', '1', 'infra_job_status', 0, 'success', '', 'жӯЈеёёзҠ¶жҖҒ', 'admin', '2021-01-05 17:03:48', '1',
        '2022-02-16 19:33:38', b'0');
INSERT INTO `system_dict_data`
VALUES (9, 2, 'жҡӮеҒң', '2', 'infra_job_status', 0, 'danger', '', 'еҒңз”ЁзҠ¶жҖҒ', 'admin', '2021-01-05 17:03:48', '1',
        '2022-02-16 19:33:45', b'0');
INSERT INTO `system_dict_data`
VALUES (12, 1, 'зі»з»ҹеҶ…зҪ®', '1', 'infra_config_type', 0, 'danger', '', 'еҸӮж•°зұ»еһӢ - зі»з»ҹеҶ…зҪ®', 'admin',
        '2021-01-05 17:03:48', '1', '2022-02-16 19:06:02', b'0');
INSERT INTO `system_dict_data`
VALUES (13, 2, 'иҮӘе®ҡд№ү', '2', 'infra_config_type', 0, 'primary', '', 'еҸӮж•°зұ»еһӢ - иҮӘе®ҡд№ү', 'admin',
        '2021-01-05 17:03:48', '1', '2022-02-16 19:06:07', b'0');
INSERT INTO `system_dict_data`
VALUES (14, 1, 'йҖҡзҹҘ', '1', 'system_notice_type', 0, 'success', '', 'йҖҡзҹҘ', 'admin', '2021-01-05 17:03:48', '1',
        '2022-02-16 13:05:57', b'0');
INSERT INTO `system_dict_data`
VALUES (15, 2, 'е…¬е‘Ҡ', '2', 'system_notice_type', 0, 'info', '', 'е…¬е‘Ҡ', 'admin', '2021-01-05 17:03:48', '1',
        '2022-02-16 13:06:01', b'0');
INSERT INTO `system_dict_data`
VALUES (16, 0, 'е…¶е®ғ', '0', 'infra_operate_type', 0, 'default', '', 'е…¶е®ғж“ҚдҪң', 'admin', '2021-01-05 17:03:48', '1',
        '2024-03-14 12:44:19', b'0');
INSERT INTO `system_dict_data`
VALUES (17, 1, 'жҹҘиҜў', '1', 'infra_operate_type', 0, 'info', '', 'жҹҘиҜўж“ҚдҪң', 'admin', '2021-01-05 17:03:48', '1',
        '2024-03-14 12:44:20', b'0');
INSERT INTO `system_dict_data`
VALUES (18, 2, 'ж–°еўһ', '2', 'infra_operate_type', 0, 'primary', '', 'ж–°еўһж“ҚдҪң', 'admin', '2021-01-05 17:03:48', '1',
        '2024-03-14 12:44:21', b'0');
INSERT INTO `system_dict_data`
VALUES (19, 3, 'дҝ®ж”№', '3', 'infra_operate_type', 0, 'warning', '', 'дҝ®ж”№ж“ҚдҪң', 'admin', '2021-01-05 17:03:48', '1',
        '2024-03-14 12:44:22', b'0');
INSERT INTO `system_dict_data`
VALUES (20, 4, 'еҲ йҷӨ', '4', 'infra_operate_type', 0, 'danger', '', 'еҲ йҷӨж“ҚдҪң', 'admin', '2021-01-05 17:03:48', '1',
        '2024-03-14 12:44:23', b'0');
INSERT INTO `system_dict_data`
VALUES (22, 5, 'еҜјеҮә', '5', 'infra_operate_type', 0, 'default', '', 'еҜјеҮәж“ҚдҪң', 'admin', '2021-01-05 17:03:48', '1',
        '2024-03-14 12:44:24', b'0');
INSERT INTO `system_dict_data`
VALUES (23, 6, 'еҜје…Ҙ', '6', 'infra_operate_type', 0, 'default', '', 'еҜје…Ҙж“ҚдҪң', 'admin', '2021-01-05 17:03:48', '1',
        '2024-03-14 12:44:25', b'0');
INSERT INTO `system_dict_data`
VALUES (27, 1, 'ејҖеҗҜ', '0', 'common_status', 0, 'primary', '', 'ејҖеҗҜзҠ¶жҖҒ', 'admin', '2021-01-05 17:03:48', '1',
        '2022-02-16 08:00:39', b'0');
INSERT INTO `system_dict_data`
VALUES (28, 2, 'е…ій—ӯ', '1', 'common_status', 0, 'info', '', 'е…ій—ӯзҠ¶жҖҒ', 'admin', '2021-01-05 17:03:48', '1',
        '2022-02-16 08:00:44', b'0');
INSERT INTO `system_dict_data`
VALUES (29, 1, 'зӣ®еҪ•', '1', 'system_menu_type', 0, '', '', 'зӣ®еҪ•', 'admin', '2021-01-05 17:03:48', '',
        '2022-02-01 16:43:45', b'0');
INSERT INTO `system_dict_data`
VALUES (30, 2, 'иҸңеҚ•', '2', 'system_menu_type', 0, '', '', 'иҸңеҚ•', 'admin', '2021-01-05 17:03:48', '',
        '2022-02-01 16:43:41', b'0');
INSERT INTO `system_dict_data`
VALUES (31, 3, 'жҢүй’®', '3', 'system_menu_type', 0, '', '', 'жҢүй’®', 'admin', '2021-01-05 17:03:48', '',
        '2022-02-01 16:43:39', b'0');
INSERT INTO `system_dict_data`
VALUES (32, 1, 'еҶ…зҪ®', '1', 'system_role_type', 0, 'danger', '', 'еҶ…зҪ®и§’иүІ', 'admin', '2021-01-05 17:03:48', '1',
        '2022-02-16 13:02:08', b'0');
INSERT INTO `system_dict_data`
VALUES (33, 2, 'иҮӘе®ҡд№ү', '2', 'system_role_type', 0, 'primary', '', 'иҮӘе®ҡд№үи§’иүІ', 'admin', '2021-01-05 17:03:48', '1',
        '2022-02-16 13:02:12', b'0');
INSERT INTO `system_dict_data`
VALUES (34, 1, 'е…ЁйғЁж•°жҚ®жқғйҷҗ', '1', 'system_data_scope', 0, '', '', 'е…ЁйғЁж•°жҚ®жқғйҷҗ', 'admin', '2021-01-05 17:03:48', '',
        '2022-02-01 16:47:17', b'0');
INSERT INTO `system_dict_data`
VALUES (35, 2, 'жҢҮе®ҡйғЁй—Ёж•°жҚ®жқғйҷҗ', '2', 'system_data_scope', 0, '', '', 'жҢҮе®ҡйғЁй—Ёж•°жҚ®жқғйҷҗ', 'admin',
        '2021-01-05 17:03:48', '', '2022-02-01 16:47:18', b'0');
INSERT INTO `system_dict_data`
VALUES (36, 3, 'жң¬йғЁй—Ёж•°жҚ®жқғйҷҗ', '3', 'system_data_scope', 0, '', '', 'жң¬йғЁй—Ёж•°жҚ®жқғйҷҗ', 'admin', '2021-01-05 17:03:48',
        '', '2022-02-01 16:47:16', b'0');
INSERT INTO `system_dict_data`
VALUES (37, 4, 'жң¬йғЁй—ЁеҸҠд»ҘдёӢж•°жҚ®жқғйҷҗ', '4', 'system_data_scope', 0, '', '', 'жң¬йғЁй—ЁеҸҠд»ҘдёӢж•°жҚ®жқғйҷҗ', 'admin',
        '2021-01-05 17:03:48', '', '2022-02-01 16:47:21', b'0');
INSERT INTO `system_dict_data`
VALUES (38, 5, 'д»…жң¬дәәж•°жҚ®жқғйҷҗ', '5', 'system_data_scope', 0, '', '', 'д»…жң¬дәәж•°жҚ®жқғйҷҗ', 'admin', '2021-01-05 17:03:48',
        '', '2022-02-01 16:47:23', b'0');
INSERT INTO `system_dict_data`
VALUES (39, 0, 'жҲҗеҠҹ', '0', 'system_login_result', 0, 'success', '', 'зҷ»йҷҶз»“жһң - жҲҗеҠҹ', '', '2021-01-18 06:17:36', '1',
        '2022-02-16 13:23:49', b'0');
INSERT INTO `system_dict_data`
VALUES (40, 10, 'иҙҰеҸ·жҲ–еҜҶз ҒдёҚжӯЈзЎ®', '10', 'system_login_result', 0, 'primary', '', 'зҷ»йҷҶз»“жһң - иҙҰеҸ·жҲ–еҜҶз ҒдёҚжӯЈзЎ®', '',
        '2021-01-18 06:17:54', '1', '2022-02-16 13:24:27', b'0');
INSERT INTO `system_dict_data`
VALUES (41, 20, 'з”ЁжҲ·иў«зҰҒз”Ё', '20', 'system_login_result', 0, 'warning', '', 'зҷ»йҷҶз»“жһң - з”ЁжҲ·иў«зҰҒз”Ё', '',
        '2021-01-18 06:17:54', '1', '2022-02-16 13:23:57', b'0');
INSERT INTO `system_dict_data`
VALUES (42, 30, 'йӘҢиҜҒз ҒдёҚеӯҳеңЁ', '30', 'system_login_result', 0, 'info', '', 'зҷ»йҷҶз»“жһң - йӘҢиҜҒз ҒдёҚеӯҳеңЁ', '',
        '2021-01-18 06:17:54', '1', '2022-02-16 13:24:07', b'0');
INSERT INTO `system_dict_data`
VALUES (43, 31, 'йӘҢиҜҒз ҒдёҚжӯЈзЎ®', '31', 'system_login_result', 0, 'info', '', 'зҷ»йҷҶз»“жһң - йӘҢиҜҒз ҒдёҚжӯЈзЎ®', '',
        '2021-01-18 06:17:54', '1', '2022-02-16 13:24:11', b'0');
INSERT INTO `system_dict_data`
VALUES (44, 100, 'жңӘзҹҘејӮеёё', '100', 'system_login_result', 0, 'danger', '', 'зҷ»йҷҶз»“жһң - жңӘзҹҘејӮеёё', '',
        '2021-01-18 06:17:54', '1', '2022-02-16 13:24:23', b'0');
INSERT INTO `system_dict_data`
VALUES (45, 1, 'жҳҜ', 'true', 'infra_boolean_string', 0, 'danger', '', 'Boolean жҳҜеҗҰзұ»еһӢ - жҳҜ', '',
        '2021-01-19 03:20:55', '1', '2022-03-15 23:01:45', b'0');
INSERT INTO `system_dict_data`
VALUES (46, 1, 'еҗҰ', 'false', 'infra_boolean_string', 0, 'info', '', 'Boolean жҳҜеҗҰзұ»еһӢ - еҗҰ', '', '2021-01-19 03:20:55',
        '1', '2022-03-15 23:09:45', b'0');
INSERT INTO `system_dict_data`
VALUES (50, 1, 'еҚ•иЎЁпјҲеўһеҲ ж”№жҹҘпјү', '1', 'infra_codegen_template_type', 0, '', '', NULL, '', '2021-02-05 07:09:06', '',
        '2022-03-10 16:33:15', b'0');
INSERT INTO `system_dict_data`
VALUES (51, 2, 'ж ‘иЎЁпјҲеўһеҲ ж”№жҹҘпјү', '2', 'infra_codegen_template_type', 0, '', '', NULL, '', '2021-02-05 07:14:46', '',
        '2022-03-10 16:33:19', b'0');
INSERT INTO `system_dict_data`
VALUES (53, 0, 'еҲқе§ӢеҢ–дёӯ', '0', 'infra_job_status', 0, 'primary', '', NULL, '', '2021-02-07 07:46:49', '1',
        '2022-02-16 19:33:29', b'0');
INSERT INTO `system_dict_data`
VALUES (57, 0, 'иҝҗиЎҢдёӯ', '0', 'infra_job_log_status', 0, 'primary', '', 'RUNNING', '', '2021-02-08 10:04:24', '1',
        '2022-02-16 19:07:48', b'0');
INSERT INTO `system_dict_data`
VALUES (58, 1, 'жҲҗеҠҹ', '1', 'infra_job_log_status', 0, 'success', '', NULL, '', '2021-02-08 10:06:57', '1',
        '2022-02-16 19:07:52', b'0');
INSERT INTO `system_dict_data`
VALUES (59, 2, 'еӨұиҙҘ', '2', 'infra_job_log_status', 0, 'warning', '', 'еӨұиҙҘ', '', '2021-02-08 10:07:38', '1',
        '2022-02-16 19:07:56', b'0');
INSERT INTO `system_dict_data`
VALUES (60, 1, 'дјҡе‘ҳ', '1', 'user_type', 0, 'primary', '', NULL, '', '2021-02-26 00:16:27', '1', '2022-02-16 10:22:19',
        b'0');
INSERT INTO `system_dict_data`
VALUES (61, 2, 'з®ЎзҗҶе‘ҳ', '2', 'user_type', 0, 'success', '', NULL, '', '2021-02-26 00:16:34', '1',
        '2025-04-06 18:37:43', b'0');
INSERT INTO `system_dict_data`
VALUES (62, 0, 'жңӘеӨ„зҗҶ', '0', 'infra_api_error_log_process_status', 0, 'primary', '', NULL, '', '2021-02-26 07:07:19',
        '1', '2022-02-16 20:14:17', b'0');
INSERT INTO `system_dict_data`
VALUES (63, 1, 'е·ІеӨ„зҗҶ', '1', 'infra_api_error_log_process_status', 0, 'success', '', NULL, '', '2021-02-26 07:07:26',
        '1', '2022-02-16 20:14:08', b'0');
INSERT INTO `system_dict_data`
VALUES (64, 2, 'е·ІеҝҪз•Ҙ', '2', 'infra_api_error_log_process_status', 0, 'danger', '', NULL, '', '2021-02-26 07:07:34',
        '1', '2022-02-16 20:14:14', b'0');
INSERT INTO `system_dict_data`
VALUES (66, 1, 'йҳҝйҮҢдә‘', 'ALIYUN', 'system_sms_channel_code', 0, 'primary', '', NULL, '1', '2021-04-05 01:05:26', '1',
        '2024-07-22 22:23:25', b'0');
INSERT INTO `system_dict_data`
VALUES (67, 1, 'йӘҢиҜҒз Ғ', '1', 'system_sms_template_type', 0, 'warning', '', NULL, '1', '2021-04-05 21:50:57', '1',
        '2022-02-16 12:48:30', b'0');
INSERT INTO `system_dict_data`
VALUES (68, 2, 'йҖҡзҹҘ', '2', 'system_sms_template_type', 0, 'primary', '', NULL, '1', '2021-04-05 21:51:08', '1',
        '2022-02-16 12:48:27', b'0');
INSERT INTO `system_dict_data`
VALUES (69, 0, 'иҗҘй”Җ', '3', 'system_sms_template_type', 0, 'danger', '', NULL, '1', '2021-04-05 21:51:15', '1',
        '2022-02-16 12:48:22', b'0');
INSERT INTO `system_dict_data`
VALUES (70, 0, 'еҲқе§ӢеҢ–', '0', 'system_sms_send_status', 0, 'primary', '', NULL, '1', '2021-04-11 20:18:33', '1',
        '2022-02-16 10:26:07', b'0');
INSERT INTO `system_dict_data`
VALUES (71, 1, 'еҸ‘йҖҒжҲҗеҠҹ', '10', 'system_sms_send_status', 0, 'success', '', NULL, '1', '2021-04-11 20:18:43', '1',
        '2022-02-16 10:25:56', b'0');
INSERT INTO `system_dict_data`
VALUES (72, 2, 'еҸ‘йҖҒеӨұиҙҘ', '20', 'system_sms_send_status', 0, 'danger', '', NULL, '1', '2021-04-11 20:18:49', '1',
        '2022-02-16 10:26:03', b'0');
INSERT INTO `system_dict_data`
VALUES (73, 3, 'дёҚеҸ‘йҖҒ', '30', 'system_sms_send_status', 0, 'info', '', NULL, '1', '2021-04-11 20:19:44', '1',
        '2022-02-16 10:26:10', b'0');
INSERT INTO `system_dict_data`
VALUES (74, 0, 'зӯүеҫ…з»“жһң', '0', 'system_sms_receive_status', 0, 'primary', '', NULL, '1', '2021-04-11 20:27:43', '1',
        '2022-02-16 10:28:24', b'0');
INSERT INTO `system_dict_data`
VALUES (75, 1, 'жҺҘж”¶жҲҗеҠҹ', '10', 'system_sms_receive_status', 0, 'success', '', NULL, '1', '2021-04-11 20:29:25', '1',
        '2022-02-16 10:28:28', b'0');
INSERT INTO `system_dict_data`
VALUES (76, 2, 'жҺҘж”¶еӨұиҙҘ', '20', 'system_sms_receive_status', 0, 'danger', '', NULL, '1', '2021-04-11 20:29:31', '1',
        '2022-02-16 10:28:32', b'0');
INSERT INTO `system_dict_data`
VALUES (77, 0, 'и°ғиҜ•(й’үй’ү)', 'DEBUG_DING_TALK', 'system_sms_channel_code', 0, 'info', '', NULL, '1',
        '2021-04-13 00:20:37', '1', '2022-02-16 10:10:00', b'0');
INSERT INTO `system_dict_data`
VALUES (80, 100, 'иҙҰеҸ·зҷ»еҪ•', '100', 'system_login_type', 0, 'primary', '', 'иҙҰеҸ·зҷ»еҪ•', '1', '2021-10-06 00:52:02', '1',
        '2022-02-16 13:11:34', b'0');
INSERT INTO `system_dict_data`
VALUES (81, 101, 'зӨҫдәӨзҷ»еҪ•', '101', 'system_login_type', 0, 'info', '', 'зӨҫдәӨзҷ»еҪ•', '1', '2021-10-06 00:52:17', '1',
        '2022-02-16 13:11:40', b'0');
INSERT INTO `system_dict_data`
VALUES (83, 200, 'дё»еҠЁзҷ»еҮә', '200', 'system_login_type', 0, 'primary', '', 'дё»еҠЁзҷ»еҮә', '1', '2021-10-06 00:52:58', '1',
        '2022-02-16 13:11:49', b'0');
INSERT INTO `system_dict_data`
VALUES (85, 202, 'ејәеҲ¶зҷ»еҮә', '202', 'system_login_type', 0, 'danger', '', 'ејәеҲ¶йҖҖеҮә', '1', '2021-10-06 00:53:41', '1',
        '2022-02-16 13:11:57', b'0');
INSERT INTO `system_dict_data`
VALUES (86, 0, 'з—…еҒҮ', '1', 'bpm_oa_leave_type', 0, 'primary', '', NULL, '1', '2021-09-21 22:35:28', '1',
        '2022-02-16 10:00:41', b'0');
INSERT INTO `system_dict_data`
VALUES (87, 1, 'дәӢеҒҮ', '2', 'bpm_oa_leave_type', 0, 'info', '', NULL, '1', '2021-09-21 22:36:11', '1',
        '2022-02-16 10:00:49', b'0');
INSERT INTO `system_dict_data`
VALUES (88, 2, 'е©ҡеҒҮ', '3', 'bpm_oa_leave_type', 0, 'warning', '', NULL, '1', '2021-09-21 22:36:38', '1',
        '2022-02-16 10:00:53', b'0');
INSERT INTO `system_dict_data`
VALUES (112, 0, 'еҫ®дҝЎ Wap зҪ‘з«ҷж”Ҝд»ҳ', 'wx_wap', 'pay_channel_code', 0, 'success', '', 'еҫ®дҝЎ Wap зҪ‘з«ҷж”Ҝд»ҳ', '1',
        '2023-07-19 20:08:06', '1', '2023-07-19 20:09:08', b'0');
INSERT INTO `system_dict_data`
VALUES (113, 1, 'еҫ®дҝЎе…¬дј—еҸ·ж”Ҝд»ҳ', 'wx_pub', 'pay_channel_code', 0, 'success', '', 'еҫ®дҝЎе…¬дј—еҸ·ж”Ҝд»ҳ', '1',
        '2021-12-03 10:40:24', '1', '2023-07-19 20:08:47', b'0');
INSERT INTO `system_dict_data`
VALUES (114, 2, 'еҫ®дҝЎе°ҸзЁӢеәҸж”Ҝд»ҳ', 'wx_lite', 'pay_channel_code', 0, 'success', '', 'еҫ®дҝЎе°ҸзЁӢеәҸж”Ҝд»ҳ', '1',
        '2021-12-03 10:41:06', '1', '2023-07-19 20:08:50', b'0');
INSERT INTO `system_dict_data`
VALUES (115, 3, 'еҫ®дҝЎ App ж”Ҝд»ҳ', 'wx_app', 'pay_channel_code', 0, 'success', '', 'еҫ®дҝЎ App ж”Ҝд»ҳ', '1',
        '2021-12-03 10:41:20', '1', '2023-07-19 20:08:56', b'0');
INSERT INTO `system_dict_data`
VALUES (116, 10, 'ж”Ҝд»ҳе®қ PC зҪ‘з«ҷж”Ҝд»ҳ', 'alipay_pc', 'pay_channel_code', 0, 'primary', '', 'ж”Ҝд»ҳе®қ PC зҪ‘з«ҷж”Ҝд»ҳ', '1',
        '2021-12-03 10:42:09', '1', '2023-07-19 20:09:12', b'0');
INSERT INTO `system_dict_data`
VALUES (117, 11, 'ж”Ҝд»ҳе®қ Wap зҪ‘з«ҷж”Ҝд»ҳ', 'alipay_wap', 'pay_channel_code', 0, 'primary', '', 'ж”Ҝд»ҳе®қ Wap зҪ‘з«ҷж”Ҝд»ҳ', '1',
        '2021-12-03 10:42:26', '1', '2023-07-19 20:09:16', b'0');
INSERT INTO `system_dict_data`
VALUES (118, 12, 'ж”Ҝд»ҳе®қ App ж”Ҝд»ҳ', 'alipay_app', 'pay_channel_code', 0, 'primary', '', 'ж”Ҝд»ҳе®қ App ж”Ҝд»ҳ', '1',
        '2021-12-03 10:42:55', '1', '2023-07-19 20:09:20', b'0');
INSERT INTO `system_dict_data`
VALUES (119, 14, 'ж”Ҝд»ҳе®қжү«з Ғж”Ҝд»ҳ', 'alipay_qr', 'pay_channel_code', 0, 'primary', '', 'ж”Ҝд»ҳе®қжү«з Ғж”Ҝд»ҳ', '1',
        '2021-12-03 10:43:10', '1', '2023-07-19 20:09:28', b'0');
INSERT INTO `system_dict_data`
VALUES (120, 10, 'йҖҡзҹҘжҲҗеҠҹ', '10', 'pay_notify_status', 0, 'success', '', 'йҖҡзҹҘжҲҗеҠҹ', '1', '2021-12-03 11:02:41', '1',
        '2023-07-19 10:08:19', b'0');
INSERT INTO `system_dict_data`
VALUES (121, 20, 'йҖҡзҹҘеӨұиҙҘ', '20', 'pay_notify_status', 0, 'danger', '', 'йҖҡзҹҘеӨұиҙҘ', '1', '2021-12-03 11:02:59', '1',
        '2023-07-19 10:08:21', b'0');
INSERT INTO `system_dict_data`
VALUES (122, 0, 'зӯүеҫ…йҖҡзҹҘ', '0', 'pay_notify_status', 0, 'info', '', 'жңӘйҖҡзҹҘ', '1', '2021-12-03 11:03:10', '1',
        '2023-07-19 10:08:24', b'0');
INSERT INTO `system_dict_data`
VALUES (123, 10, 'ж”Ҝд»ҳжҲҗеҠҹ', '10', 'pay_order_status', 0, 'success', '', 'ж”Ҝд»ҳжҲҗеҠҹ', '1', '2021-12-03 11:18:29', '1',
        '2023-07-19 18:04:28', b'0');
INSERT INTO `system_dict_data`
VALUES (124, 30, 'ж”Ҝд»ҳе…ій—ӯ', '30', 'pay_order_status', 0, 'info', '', 'ж”Ҝд»ҳе…ій—ӯ', '1', '2021-12-03 11:18:42', '1',
        '2023-07-19 18:05:07', b'0');
INSERT INTO `system_dict_data`
VALUES (125, 0, 'зӯүеҫ…ж”Ҝд»ҳ', '0', 'pay_order_status', 0, 'info', '', 'жңӘж”Ҝд»ҳ', '1', '2021-12-03 11:18:18', '1',
        '2023-07-19 18:04:15', b'0');
INSERT INTO `system_dict_data`
VALUES (600, 5, 'йҰ–йЎө', '1', 'promotion_banner_position', 0, 'warning', '', '', '1', '2023-10-11 07:45:24', '1',
        '2023-10-11 07:45:38', b'0');
INSERT INTO `system_dict_data`
VALUES (601, 4, 'з§’жқҖжҙ»еҠЁйЎө', '2', 'promotion_banner_position', 0, 'warning', '', '', '1', '2023-10-11 07:45:24', '1',
        '2023-10-11 07:45:38', b'0');
INSERT INTO `system_dict_data`
VALUES (602, 3, 'з Қд»·жҙ»еҠЁйЎө', '3', 'promotion_banner_position', 0, 'warning', '', '', '1', '2023-10-11 07:45:24', '1',
        '2023-10-11 07:45:38', b'0');
INSERT INTO `system_dict_data`
VALUES (603, 2, 'йҷҗж—¶жҠҳжүЈйЎө', '4', 'promotion_banner_position', 0, 'warning', '', '', '1', '2023-10-11 07:45:24', '1',
        '2023-10-11 07:45:38', b'0');
INSERT INTO `system_dict_data`
VALUES (604, 1, 'ж»ЎеҮҸйҖҒйЎө', '5', 'promotion_banner_position', 0, 'warning', '', '', '1', '2023-10-11 07:45:24', '1',
        '2023-10-11 07:45:38', b'0');
INSERT INTO `system_dict_data`
VALUES (1118, 0, 'зӯүеҫ…йҖҖж¬ҫ', '0', 'pay_refund_status', 0, 'info', '', 'зӯүеҫ…йҖҖж¬ҫ', '1', '2021-12-10 16:44:59', '1',
        '2023-07-19 10:14:39', b'0');
INSERT INTO `system_dict_data`
VALUES (1119, 20, 'йҖҖж¬ҫеӨұиҙҘ', '20', 'pay_refund_status', 0, 'danger', '', 'йҖҖж¬ҫеӨұиҙҘ', '1', '2021-12-10 16:45:10', '1',
        '2023-07-19 10:15:10', b'0');
INSERT INTO `system_dict_data`
VALUES (1124, 10, 'йҖҖж¬ҫжҲҗеҠҹ', '10', 'pay_refund_status', 0, 'success', '', 'йҖҖж¬ҫжҲҗеҠҹ', '1', '2021-12-10 16:46:26', '1',
        '2023-07-19 10:15:00', b'0');
INSERT INTO `system_dict_data`
VALUES (1127, 1, 'е®Ўжү№дёӯ', '1', 'bpm_process_instance_status', 0, 'default', '', 'жөҒзЁӢе®һдҫӢзҡ„зҠ¶жҖҒ - иҝӣиЎҢдёӯ', '1',
        '2022-01-07 23:47:22', '1', '2024-03-16 16:11:45', b'0');
INSERT INTO `system_dict_data`
VALUES (1128, 2, 'е®Ўжү№йҖҡиҝҮ', '2', 'bpm_process_instance_status', 0, 'success', '', 'жөҒзЁӢе®һдҫӢзҡ„зҠ¶жҖҒ - е·Іе®ҢжҲҗ', '1',
        '2022-01-07 23:47:49', '1', '2024-03-16 16:11:54', b'0');
INSERT INTO `system_dict_data`
VALUES (1129, 1, 'е®Ўжү№дёӯ', '1', 'bpm_task_status', 0, 'primary', '', 'жөҒзЁӢе®һдҫӢзҡ„з»“жһң - еӨ„зҗҶдёӯ', '1',
        '2022-01-07 23:48:32', '1', '2024-03-08 22:41:37', b'0');
INSERT INTO `system_dict_data`
VALUES (1130, 2, 'е®Ўжү№йҖҡиҝҮ', '2', 'bpm_task_status', 0, 'success', '', 'жөҒзЁӢе®һдҫӢзҡ„з»“жһң - йҖҡиҝҮ', '1',
        '2022-01-07 23:48:45', '1', '2024-03-08 22:41:38', b'0');
INSERT INTO `system_dict_data`
VALUES (1131, 3, 'е®Ўжү№дёҚйҖҡиҝҮ', '3', 'bpm_task_status', 0, 'danger', '', 'жөҒзЁӢе®һдҫӢзҡ„з»“жһң - дёҚйҖҡиҝҮ', '1',
        '2022-01-07 23:48:55', '1', '2024-03-08 22:41:38', b'0');
INSERT INTO `system_dict_data`
VALUES (1132, 4, 'е·ІеҸ–ж¶Ҳ', '4', 'bpm_task_status', 0, 'info', '', 'жөҒзЁӢе®һдҫӢзҡ„з»“жһң - ж’Өй”Җ', '1', '2022-01-07 23:49:06',
        '1', '2024-03-08 22:41:39', b'0');
INSERT INTO `system_dict_data`
VALUES (1133, 10, 'жөҒзЁӢиЎЁеҚ•', '10', 'bpm_model_form_type', 0, '', '', 'жөҒзЁӢзҡ„иЎЁеҚ•зұ»еһӢ - жөҒзЁӢиЎЁеҚ•', '103',
        '2022-01-11 23:51:30', '103', '2022-01-11 23:51:30', b'0');
INSERT INTO `system_dict_data`
VALUES (1134, 20, 'дёҡеҠЎиЎЁеҚ•', '20', 'bpm_model_form_type', 0, '', '', 'жөҒзЁӢзҡ„иЎЁеҚ•зұ»еһӢ - дёҡеҠЎиЎЁеҚ•', '103',
        '2022-01-11 23:51:47', '103', '2022-01-11 23:51:47', b'0');
INSERT INTO `system_dict_data`
VALUES (1135, 10, 'и§’иүІ', '10', 'bpm_task_candidate_strategy', 0, 'info', '', 'д»»еҠЎеҲҶй…Қи§„еҲҷзҡ„зұ»еһӢ - и§’иүІ', '103',
        '2022-01-12 23:21:22', '1', '2024-03-06 02:53:16', b'0');
INSERT INTO `system_dict_data`
VALUES (1136, 20, 'йғЁй—Ёзҡ„жҲҗе‘ҳ', '20', 'bpm_task_candidate_strategy', 0, 'primary', '',
        'д»»еҠЎеҲҶй…Қи§„еҲҷзҡ„зұ»еһӢ - йғЁй—Ёзҡ„жҲҗе‘ҳ', '103', '2022-01-12 23:21:47', '1', '2024-03-06 02:53:17', b'0');
INSERT INTO `system_dict_data`
VALUES (1137, 21, 'йғЁй—Ёзҡ„иҙҹиҙЈдәә', '21', 'bpm_task_candidate_strategy', 0, 'primary', '',
        'д»»еҠЎеҲҶй…Қи§„еҲҷзҡ„зұ»еһӢ - йғЁй—Ёзҡ„иҙҹиҙЈдәә', '103', '2022-01-12 23:33:36', '1', '2024-03-06 02:53:18', b'0');
INSERT INTO `system_dict_data`
VALUES (1138, 30, 'з”ЁжҲ·', '30', 'bpm_task_candidate_strategy', 0, 'info', '', 'д»»еҠЎеҲҶй…Қи§„еҲҷзҡ„зұ»еһӢ - з”ЁжҲ·', '103',
        '2022-01-12 23:34:02', '1', '2024-03-06 02:53:19', b'0');
INSERT INTO `system_dict_data`
VALUES (1139, 40, 'з”ЁжҲ·з»„', '40', 'bpm_task_candidate_strategy', 0, 'warning', '', 'д»»еҠЎеҲҶй…Қи§„еҲҷзҡ„зұ»еһӢ - з”ЁжҲ·з»„', '103',
        '2022-01-12 23:34:21', '1', '2024-03-06 02:53:20', b'0');
INSERT INTO `system_dict_data`
VALUES (1140, 60, 'жөҒзЁӢиЎЁиҫҫејҸ', '60', 'bpm_task_candidate_strategy', 0, 'danger', '', 'д»»еҠЎеҲҶй…Қи§„еҲҷзҡ„зұ»еһӢ - жөҒзЁӢиЎЁиҫҫејҸ',
        '103', '2022-01-12 23:34:43', '1', '2024-03-06 02:53:20', b'0');
INSERT INTO `system_dict_data`
VALUES (1141, 22, 'еІ—дҪҚ', '22', 'bpm_task_candidate_strategy', 0, 'success', '', 'д»»еҠЎеҲҶй…Қи§„еҲҷзҡ„зұ»еһӢ - еІ—дҪҚ', '103',
        '2022-01-14 18:41:55', '1', '2024-03-06 02:53:21', b'0');
INSERT INTO `system_dict_data`
VALUES (1145, 1, 'з®ЎзҗҶеҗҺеҸ°', '1', 'infra_codegen_scene', 0, '', '', 'д»Јз Ғз”ҹжҲҗзҡ„еңәжҷҜжһҡдёҫ - з®ЎзҗҶеҗҺеҸ°', '1',
        '2022-02-02 13:15:06', '1', '2022-03-10 16:32:59', b'0');
INSERT INTO `system_dict_data`
VALUES (1146, 2, 'з”ЁжҲ· APP', '2', 'infra_codegen_scene', 0, '', '', 'д»Јз Ғз”ҹжҲҗзҡ„еңәжҷҜжһҡдёҫ - з”ЁжҲ· APP', '1',
        '2022-02-02 13:15:19', '1', '2022-03-10 16:33:03', b'0');
INSERT INTO `system_dict_data`
VALUES (1150, 1, 'ж•°жҚ®еә“', '1', 'infra_file_storage', 0, 'default', '', NULL, '1', '2022-03-15 00:25:28', '1',
        '2022-03-15 00:25:28', b'0');
INSERT INTO `system_dict_data`
VALUES (1151, 10, 'жң¬ең°зЈҒзӣҳ', '10', 'infra_file_storage', 0, 'default', '', NULL, '1', '2022-03-15 00:25:41', '1',
        '2022-03-15 00:25:56', b'0');
INSERT INTO `system_dict_data`
VALUES (1152, 11, 'FTP жңҚеҠЎеҷЁ', '11', 'infra_file_storage', 0, 'default', '', NULL, '1', '2022-03-15 00:26:06', '1',
        '2022-03-15 00:26:10', b'0');
INSERT INTO `system_dict_data`
VALUES (1153, 12, 'SFTP жңҚеҠЎеҷЁ', '12', 'infra_file_storage', 0, 'default', '', NULL, '1', '2022-03-15 00:26:22', '1',
        '2022-03-15 00:26:22', b'0');
INSERT INTO `system_dict_data`
VALUES (1154, 20, 'S3 еҜ№иұЎеӯҳеӮЁ', '20', 'infra_file_storage', 0, 'default', '', NULL, '1', '2022-03-15 00:26:31', '1',
        '2022-03-15 00:26:45', b'0');
INSERT INTO `system_dict_data`
VALUES (1155, 103, 'зҹӯдҝЎзҷ»еҪ•', '103', 'system_login_type', 0, 'default', '', NULL, '1', '2022-05-09 23:57:58', '1',
        '2022-05-09 23:58:09', b'0');
INSERT INTO `system_dict_data`
VALUES (1156, 1, 'password', 'password', 'system_oauth2_grant_type', 0, 'default', '', 'еҜҶз ҒжЁЎејҸ', '1',
        '2022-05-12 00:22:05', '1', '2022-05-11 16:26:01', b'0');
INSERT INTO `system_dict_data`
VALUES (1157, 2, 'authorization_code', 'authorization_code', 'system_oauth2_grant_type', 0, 'primary', '', 'жҺҲжқғз ҒжЁЎејҸ',
        '1', '2022-05-12 00:22:59', '1', '2022-05-11 16:26:02', b'0');
INSERT INTO `system_dict_data`
VALUES (1158, 3, 'implicit', 'implicit', 'system_oauth2_grant_type', 0, 'success', '', 'з®ҖеҢ–жЁЎејҸ', '1',
        '2022-05-12 00:23:40', '1', '2022-05-11 16:26:05', b'0');
INSERT INTO `system_dict_data`
VALUES (1159, 4, 'client_credentials', 'client_credentials', 'system_oauth2_grant_type', 0, 'default', '', 'е®ўжҲ·з«ҜжЁЎејҸ',
        '1', '2022-05-12 00:23:51', '1', '2022-05-11 16:26:08', b'0');
INSERT INTO `system_dict_data`
VALUES (1160, 5, 'refresh_token', 'refresh_token', 'system_oauth2_grant_type', 0, 'info', '', 'еҲ·ж–°жЁЎејҸ', '1',
        '2022-05-12 00:24:02', '1', '2022-05-11 16:26:11', b'0');
INSERT INTO `system_dict_data`
VALUES (1162, 1, 'й”Җе”®дёӯ', '1', 'product_spu_status', 0, 'success', '', 'е•Ҷе“Ғ SPU зҠ¶жҖҒ - й”Җе”®дёӯ', '1',
        '2022-10-24 21:19:47', '1', '2022-10-24 21:20:38', b'0');
INSERT INTO `system_dict_data`
VALUES (1163, 0, 'д»“еә“дёӯ', '0', 'product_spu_status', 0, 'info', '', 'е•Ҷе“Ғ SPU зҠ¶жҖҒ - д»“еә“дёӯ', '1',
        '2022-10-24 21:20:54', '1', '2022-10-24 21:21:22', b'0');
INSERT INTO `system_dict_data`
VALUES (1164, 0, 'еӣһж”¶з«ҷ', '-1', 'product_spu_status', 0, 'default', '', 'е•Ҷе“Ғ SPU зҠ¶жҖҒ - еӣһж”¶з«ҷ', '1',
        '2022-10-24 21:21:11', '1', '2022-10-24 21:21:11', b'0');
INSERT INTO `system_dict_data`
VALUES (1165, 1, 'ж»ЎеҮҸ', '1', 'promotion_discount_type', 0, 'success', '', 'дјҳжғ зұ»еһӢ - ж»ЎеҮҸ', '1',
        '2022-11-01 12:46:41', '1', '2022-11-01 12:50:11', b'0');
INSERT INTO `system_dict_data`
VALUES (1166, 2, 'жҠҳжүЈ', '2', 'promotion_discount_type', 0, 'primary', '', 'дјҳжғ зұ»еһӢ - жҠҳжүЈ', '1',
        '2022-11-01 12:46:51', '1', '2022-11-01 12:50:08', b'0');
INSERT INTO `system_dict_data`
VALUES (1167, 1, 'еӣәе®ҡж—Ҙжңҹ', '1', 'promotion_coupon_template_validity_type', 0, 'default', '',
        'дјҳжғ еҠөжЁЎжқҝзҡ„жңүйҷҗжңҹзұ»еһӢ - еӣәе®ҡж—Ҙжңҹ', '1', '2022-11-02 00:07:34', '1', '2022-11-04 00:07:49', b'0');
INSERT INTO `system_dict_data`
VALUES (1168, 2, 'йўҶеҸ–д№ӢеҗҺ', '2', 'promotion_coupon_template_validity_type', 0, 'default', '',
        'дјҳжғ еҠөжЁЎжқҝзҡ„жңүйҷҗжңҹзұ»еһӢ - йўҶеҸ–д№ӢеҗҺ', '1', '2022-11-02 00:07:54', '1', '2022-11-04 00:07:52', b'0');
INSERT INTO `system_dict_data`
VALUES (1169, 1, 'йҖҡз”ЁеҠө', '1', 'promotion_product_scope', 0, 'default', '', 'иҗҘй”Җзҡ„е•Ҷе“ҒиҢғеӣҙ - е…ЁйғЁе•Ҷе“ҒеҸӮдёҺ', '1',
        '2022-11-02 00:28:22', '1', '2023-09-28 00:27:42', b'0');
INSERT INTO `system_dict_data`
VALUES (1170, 2, 'е•Ҷе“ҒеҠө', '2', 'promotion_product_scope', 0, 'default', '', 'иҗҘй”Җзҡ„е•Ҷе“ҒиҢғеӣҙ - жҢҮе®ҡе•Ҷе“ҒеҸӮдёҺ', '1',
        '2022-11-02 00:28:34', '1', '2023-09-28 00:27:44', b'0');
INSERT INTO `system_dict_data`
VALUES (1171, 1, 'жңӘдҪҝз”Ё', '1', 'promotion_coupon_status', 0, 'primary', '', 'дјҳжғ еҠөзҡ„зҠ¶жҖҒ - е·ІйўҶеҸ–', '1',
        '2022-11-04 00:15:08', '1', '2023-10-03 12:54:38', b'0');
INSERT INTO `system_dict_data`
VALUES (1172, 2, 'е·ІдҪҝз”Ё', '2', 'promotion_coupon_status', 0, 'success', '', 'дјҳжғ еҠөзҡ„зҠ¶жҖҒ - е·ІдҪҝз”Ё', '1',
        '2022-11-04 00:15:21', '1', '2022-11-04 19:16:08', b'0');
INSERT INTO `system_dict_data`
VALUES (1173, 3, 'е·ІиҝҮжңҹ', '3', 'promotion_coupon_status', 0, 'info', '', 'дјҳжғ еҠөзҡ„зҠ¶жҖҒ - е·ІиҝҮжңҹ', '1',
        '2022-11-04 00:15:43', '1', '2022-11-04 19:16:12', b'0');
INSERT INTO `system_dict_data`
VALUES (1174, 1, 'зӣҙжҺҘйўҶеҸ–', '1', 'promotion_coupon_take_type', 0, 'primary', '', 'дјҳжғ еҠөзҡ„йўҶеҸ–ж–№ејҸ - зӣҙжҺҘйўҶеҸ–', '1',
        '2022-11-04 19:13:00', '1', '2022-11-04 19:13:25', b'0');
INSERT INTO `system_dict_data`
VALUES (1175, 2, 'жҢҮе®ҡеҸ‘ж”ҫ', '2', 'promotion_coupon_take_type', 0, 'success', '', 'дјҳжғ еҠөзҡ„йўҶеҸ–ж–№ејҸ - жҢҮе®ҡеҸ‘ж”ҫ', '1',
        '2022-11-04 19:13:13', '1', '2022-11-04 19:14:48', b'0');
INSERT INTO `system_dict_data`
VALUES (1176, 10, 'жңӘејҖе§Ӣ', '10', 'promotion_activity_status', 0, 'primary', '', 'дҝғй”Җжҙ»еҠЁзҡ„зҠ¶жҖҒжһҡдёҫ - жңӘејҖе§Ӣ', '1',
        '2022-11-04 22:54:49', '1', '2022-11-04 22:55:53', b'0');
INSERT INTO `system_dict_data`
VALUES (1177, 20, 'иҝӣиЎҢдёӯ', '20', 'promotion_activity_status', 0, 'success', '', 'дҝғй”Җжҙ»еҠЁзҡ„зҠ¶жҖҒжһҡдёҫ - иҝӣиЎҢдёӯ', '1',
        '2022-11-04 22:55:06', '1', '2022-11-04 22:55:20', b'0');
INSERT INTO `system_dict_data`
VALUES (1178, 30, 'е·Із»“жқҹ', '30', 'promotion_activity_status', 0, 'info', '', 'дҝғй”Җжҙ»еҠЁзҡ„зҠ¶жҖҒжһҡдёҫ - е·Із»“жқҹ', '1',
        '2022-11-04 22:55:41', '1', '2022-11-04 22:55:41', b'0');
INSERT INTO `system_dict_data`
VALUES (1179, 40, 'е·Іе…ій—ӯ', '40', 'promotion_activity_status', 0, 'warning', '', 'дҝғй”Җжҙ»еҠЁзҡ„зҠ¶жҖҒжһҡдёҫ - е·Іе…ій—ӯ', '1',
        '2022-11-04 22:56:10', '1', '2022-11-04 22:56:18', b'0');
INSERT INTO `system_dict_data`
VALUES (1180, 10, 'ж»Ў N е…ғ', '10', 'promotion_condition_type', 0, 'primary', '', 'иҗҘй”Җзҡ„жқЎд»¶зұ»еһӢ - ж»Ў N е…ғ', '1',
        '2022-11-04 22:59:45', '1', '2022-11-04 22:59:45', b'0');
INSERT INTO `system_dict_data`
VALUES (1181, 20, 'ж»Ў N д»¶', '20', 'promotion_condition_type', 0, 'success', '', 'иҗҘй”Җзҡ„жқЎд»¶зұ»еһӢ - ж»Ў N д»¶', '1',
        '2022-11-04 23:00:02', '1', '2022-11-04 23:00:02', b'0');
INSERT INTO `system_dict_data`
VALUES (1182, 10, 'з”іиҜ·е”®еҗҺ', '10', 'trade_after_sale_status', 0, 'primary', '', 'дәӨжҳ“е”®еҗҺзҠ¶жҖҒ - з”іиҜ·е”®еҗҺ', '1',
        '2022-11-19 20:53:33', '1', '2022-11-19 20:54:42', b'0');
INSERT INTO `system_dict_data`
VALUES (1183, 20, 'е•Ҷе“Ғеҫ…йҖҖиҙ§', '20', 'trade_after_sale_status', 0, 'primary', '', 'дәӨжҳ“е”®еҗҺзҠ¶жҖҒ - е•Ҷе“Ғеҫ…йҖҖиҙ§', '1',
        '2022-11-19 20:54:36', '1', '2022-11-19 20:58:58', b'0');
INSERT INTO `system_dict_data`
VALUES (1184, 30, 'е•Ҷе®¶еҫ…ж”¶иҙ§', '30', 'trade_after_sale_status', 0, 'primary', '', 'дәӨжҳ“е”®еҗҺзҠ¶жҖҒ - е•Ҷе®¶еҫ…ж”¶иҙ§', '1',
        '2022-11-19 20:56:56', '1', '2022-11-19 20:59:20', b'0');
INSERT INTO `system_dict_data`
VALUES (1185, 40, 'зӯүеҫ…йҖҖж¬ҫ', '40', 'trade_after_sale_status', 0, 'primary', '', 'дәӨжҳ“е”®еҗҺзҠ¶жҖҒ - зӯүеҫ…йҖҖж¬ҫ', '1',
        '2022-11-19 20:59:54', '1', '2022-11-19 21:00:01', b'0');
INSERT INTO `system_dict_data`
VALUES (1186, 50, 'йҖҖж¬ҫжҲҗеҠҹ', '50', 'trade_after_sale_status', 0, 'default', '', 'дәӨжҳ“е”®еҗҺзҠ¶жҖҒ - йҖҖж¬ҫжҲҗеҠҹ', '1',
        '2022-11-19 21:00:33', '1', '2022-11-19 21:00:33', b'0');
INSERT INTO `system_dict_data`
VALUES (1187, 61, 'д№°е®¶еҸ–ж¶Ҳ', '61', 'trade_after_sale_status', 0, 'info', '', 'дәӨжҳ“е”®еҗҺзҠ¶жҖҒ - д№°е®¶еҸ–ж¶Ҳ', '1',
        '2022-11-19 21:01:29', '1', '2022-11-19 21:01:29', b'0');
INSERT INTO `system_dict_data`
VALUES (1188, 62, 'е•Ҷе®¶жӢ’з»қ', '62', 'trade_after_sale_status', 0, 'info', '', 'дәӨжҳ“е”®еҗҺзҠ¶жҖҒ - е•Ҷе®¶жӢ’з»қ', '1',
        '2022-11-19 21:02:17', '1', '2022-11-19 21:02:17', b'0');
INSERT INTO `system_dict_data`
VALUES (1189, 63, 'е•Ҷе®¶жӢ’ж”¶иҙ§', '63', 'trade_after_sale_status', 0, 'info', '', 'дәӨжҳ“е”®еҗҺзҠ¶жҖҒ - е•Ҷе®¶жӢ’ж”¶иҙ§', '1',
        '2022-11-19 21:02:37', '1', '2022-11-19 21:03:07', b'0');
INSERT INTO `system_dict_data`
VALUES (1190, 10, 'е”®дёӯйҖҖж¬ҫ', '10', 'trade_after_sale_type', 0, 'success', '', 'дәӨжҳ“е”®еҗҺзҡ„зұ»еһӢ - е”®дёӯйҖҖж¬ҫ', '1',
        '2022-11-19 21:05:05', '1', '2022-11-19 21:38:23', b'0');
INSERT INTO `system_dict_data`
VALUES (1191, 20, 'е”®еҗҺйҖҖж¬ҫ', '20', 'trade_after_sale_type', 0, 'primary', '', 'дәӨжҳ“е”®еҗҺзҡ„зұ»еһӢ - е”®еҗҺйҖҖж¬ҫ', '1',
        '2022-11-19 21:05:32', '1', '2022-11-19 21:38:32', b'0');
INSERT INTO `system_dict_data`
VALUES (1192, 10, 'д»…йҖҖж¬ҫ', '10', 'trade_after_sale_way', 0, 'primary', '', 'дәӨжҳ“е”®еҗҺзҡ„ж–№ејҸ - д»…йҖҖж¬ҫ', '1',
        '2022-11-19 21:39:19', '1', '2022-11-19 21:39:19', b'0');
INSERT INTO `system_dict_data`
VALUES (1193, 20, 'йҖҖиҙ§йҖҖж¬ҫ', '20', 'trade_after_sale_way', 0, 'success', '', 'дәӨжҳ“е”®еҗҺзҡ„ж–№ејҸ - йҖҖиҙ§йҖҖж¬ҫ', '1',
        '2022-11-19 21:39:38', '1', '2022-11-19 21:39:49', b'0');
INSERT INTO `system_dict_data`
VALUES (1194, 10, 'еҫ®дҝЎе°ҸзЁӢеәҸ', '10', 'terminal', 0, 'default', '', 'з»Ҳз«Ҝ - еҫ®дҝЎе°ҸзЁӢеәҸ', '1', '2022-12-10 10:51:11',
        '1', '2022-12-10 10:51:57', b'0');
INSERT INTO `system_dict_data`
VALUES (1195, 20, 'H5 зҪ‘йЎө', '20', 'terminal', 0, 'default', '', 'з»Ҳз«Ҝ - H5 зҪ‘йЎө', '1', '2022-12-10 10:51:30', '1',
        '2022-12-10 10:51:59', b'0');
INSERT INTO `system_dict_data`
VALUES (1196, 11, 'еҫ®дҝЎе…¬дј—еҸ·', '11', 'terminal', 0, 'default', '', 'з»Ҳз«Ҝ - еҫ®дҝЎе…¬дј—еҸ·', '1', '2022-12-10 10:54:16',
        '1', '2022-12-10 10:52:01', b'0');
INSERT INTO `system_dict_data`
VALUES (1197, 31, 'иӢ№жһң App', '31', 'terminal', 0, 'default', '', 'з»Ҳз«Ҝ - иӢ№жһң App', '1', '2022-12-10 10:54:42', '1',
        '2022-12-10 10:52:18', b'0');
INSERT INTO `system_dict_data`
VALUES (1198, 32, 'е®үеҚ“ App', '32', 'terminal', 0, 'default', '', 'з»Ҳз«Ҝ - е®үеҚ“ App', '1', '2022-12-10 10:55:02', '1',
        '2022-12-10 10:59:17', b'0');
INSERT INTO `system_dict_data`
VALUES (1199, 0, 'жҷ®йҖҡи®ўеҚ•', '0', 'trade_order_type', 0, 'default', '', 'дәӨжҳ“и®ўеҚ•зҡ„зұ»еһӢ - жҷ®йҖҡи®ўеҚ•', '1',
        '2022-12-10 16:34:14', '1', '2022-12-10 16:34:14', b'0');
INSERT INTO `system_dict_data`
VALUES (1200, 1, 'з§’жқҖи®ўеҚ•', '1', 'trade_order_type', 0, 'default', '', 'дәӨжҳ“и®ўеҚ•зҡ„зұ»еһӢ - з§’жқҖи®ўеҚ•', '1',
        '2022-12-10 16:34:26', '1', '2022-12-10 16:34:26', b'0');
INSERT INTO `system_dict_data`
VALUES (1201, 2, 'з Қд»·и®ўеҚ•', '2', 'trade_order_type', 0, 'default', '', 'дәӨжҳ“и®ўеҚ•зҡ„зұ»еһӢ - жӢјеӣўи®ўеҚ•', '1',
        '2022-12-10 16:34:36', '1', '2024-09-07 14:18:39', b'0');
INSERT INTO `system_dict_data`
VALUES (1202, 3, 'жӢјеӣўи®ўеҚ•', '3', 'trade_order_type', 0, 'default', '', 'дәӨжҳ“и®ўеҚ•зҡ„зұ»еһӢ - з Қд»·и®ўеҚ•', '1',
        '2022-12-10 16:34:48', '1', '2024-09-07 14:18:32', b'0');
INSERT INTO `system_dict_data`
VALUES (1203, 0, 'еҫ…ж”Ҝд»ҳ', '0', 'trade_order_status', 0, 'default', '', 'дәӨжҳ“и®ўеҚ•зҠ¶жҖҒ - еҫ…ж”Ҝд»ҳ', '1',
        '2022-12-10 16:49:29', '1', '2022-12-10 16:49:29', b'0');
INSERT INTO `system_dict_data`
VALUES (1204, 10, 'еҫ…еҸ‘иҙ§', '10', 'trade_order_status', 0, 'primary', '', 'дәӨжҳ“и®ўеҚ•зҠ¶жҖҒ - еҫ…еҸ‘иҙ§', '1',
        '2022-12-10 16:49:53', '1', '2022-12-10 16:51:17', b'0');
INSERT INTO `system_dict_data`
VALUES (1205, 20, 'е·ІеҸ‘иҙ§', '20', 'trade_order_status', 0, 'primary', '', 'дәӨжҳ“и®ўеҚ•зҠ¶жҖҒ - е·ІеҸ‘иҙ§', '1',
        '2022-12-10 16:50:13', '1', '2022-12-10 16:51:31', b'0');
INSERT INTO `system_dict_data`
VALUES (1206, 30, 'е·Іе®ҢжҲҗ', '30', 'trade_order_status', 0, 'success', '', 'дәӨжҳ“и®ўеҚ•зҠ¶жҖҒ - е·Іе®ҢжҲҗ', '1',
        '2022-12-10 16:50:30', '1', '2022-12-10 16:51:06', b'0');
INSERT INTO `system_dict_data`
VALUES (1207, 40, 'е·ІеҸ–ж¶Ҳ', '40', 'trade_order_status', 0, 'danger', '', 'дәӨжҳ“и®ўеҚ•зҠ¶жҖҒ - е·ІеҸ–ж¶Ҳ', '1',
        '2022-12-10 16:50:50', '1', '2022-12-10 16:51:00', b'0');
INSERT INTO `system_dict_data`
VALUES (1208, 0, 'жңӘе”®еҗҺ', '0', 'trade_order_item_after_sale_status', 0, 'info', '', 'дәӨжҳ“и®ўеҚ•йЎ№зҡ„е”®еҗҺзҠ¶жҖҒ - жңӘе”®еҗҺ',
        '1', '2022-12-10 20:58:42', '1', '2022-12-10 20:59:29', b'0');
INSERT INTO `system_dict_data`
VALUES (1209, 10, 'е”®еҗҺдёӯ', '10', 'trade_order_item_after_sale_status', 0, 'primary', '',
        'дәӨжҳ“и®ўеҚ•йЎ№зҡ„е”®еҗҺзҠ¶жҖҒ - е”®еҗҺдёӯ', '1', '2022-12-10 20:59:21', '1', '2024-07-21 17:01:24', b'0');
INSERT INTO `system_dict_data`
VALUES (1210, 20, 'е·ІйҖҖж¬ҫ', '20', 'trade_order_item_after_sale_status', 0, 'success', '',
        'дәӨжҳ“и®ўеҚ•йЎ№зҡ„е”®еҗҺзҠ¶жҖҒ - е·ІйҖҖж¬ҫ', '1', '2022-12-10 20:59:46', '1', '2024-07-21 17:01:35', b'0');
INSERT INTO `system_dict_data`
VALUES (1211, 1, 'е®Ңе…ЁеҢ№й…Қ', '1', 'mp_auto_reply_request_match', 0, 'primary', '',
        'е…¬дј—еҸ·иҮӘеҠЁеӣһеӨҚзҡ„иҜ·жұӮе…ій”®еӯ—еҢ№й…ҚжЁЎејҸ - е®Ңе…ЁеҢ№й…Қ', '1', '2023-01-16 23:30:39', '1', '2023-01-16 23:31:00', b'0');
INSERT INTO `system_dict_data`
VALUES (1212, 2, 'еҚҠеҢ№й…Қ', '2', 'mp_auto_reply_request_match', 0, 'success', '',
        'е…¬дј—еҸ·иҮӘеҠЁеӣһеӨҚзҡ„иҜ·жұӮе…ій”®еӯ—еҢ№й…ҚжЁЎејҸ - еҚҠеҢ№й…Қ', '1', '2023-01-16 23:30:55', '1', '2023-01-16 23:31:10', b'0');
INSERT INTO `system_dict_data`
VALUES (1213, 1, 'ж–Үжң¬', 'text', 'mp_message_type', 0, 'default', '', 'е…¬дј—еҸ·зҡ„ж¶ҲжҒҜзұ»еһӢ - ж–Үжң¬', '1',
        '2023-01-17 22:17:32', '1', '2023-01-17 22:17:39', b'0');
INSERT INTO `system_dict_data`
VALUES (1214, 2, 'еӣҫзүҮ', 'image', 'mp_message_type', 0, 'default', '', 'е…¬дј—еҸ·зҡ„ж¶ҲжҒҜзұ»еһӢ - еӣҫзүҮ', '1',
        '2023-01-17 22:17:32', '1', '2023-01-17 14:19:47', b'0');
INSERT INTO `system_dict_data`
VALUES (1215, 3, 'иҜӯйҹі', 'voice', 'mp_message_type', 0, 'default', '', 'е…¬дј—еҸ·зҡ„ж¶ҲжҒҜзұ»еһӢ - иҜӯйҹі', '1',
        '2023-01-17 22:17:32', '1', '2023-01-17 14:20:08', b'0');
INSERT INTO `system_dict_data`
VALUES (1216, 4, 'и§Ҷйў‘', 'video', 'mp_message_type', 0, 'default', '', 'е…¬дј—еҸ·зҡ„ж¶ҲжҒҜзұ»еһӢ - и§Ҷйў‘', '1',
        '2023-01-17 22:17:32', '1', '2023-01-17 14:21:08', b'0');
INSERT INTO `system_dict_data`
VALUES (1217, 5, 'е°Ҹи§Ҷйў‘', 'shortvideo', 'mp_message_type', 0, 'default', '', 'е…¬дј—еҸ·зҡ„ж¶ҲжҒҜзұ»еһӢ - е°Ҹи§Ҷйў‘', '1',
        '2023-01-17 22:17:32', '1', '2023-01-17 14:19:59', b'0');
INSERT INTO `system_dict_data`
VALUES (1218, 6, 'еӣҫж–Ү', 'news', 'mp_message_type', 0, 'default', '', 'е…¬дј—еҸ·зҡ„ж¶ҲжҒҜзұ»еһӢ - еӣҫж–Ү', '1',
        '2023-01-17 22:17:32', '1', '2023-01-17 14:22:54', b'0');
INSERT INTO `system_dict_data`
VALUES (1219, 7, 'йҹід№җ', 'music', 'mp_message_type', 0, 'default', '', 'е…¬дј—еҸ·зҡ„ж¶ҲжҒҜзұ»еһӢ - йҹід№җ', '1',
        '2023-01-17 22:17:32', '1', '2023-01-17 14:22:54', b'0');
INSERT INTO `system_dict_data`
VALUES (1220, 8, 'ең°зҗҶдҪҚзҪ®', 'location', 'mp_message_type', 0, 'default', '', 'е…¬дј—еҸ·зҡ„ж¶ҲжҒҜзұ»еһӢ - ең°зҗҶдҪҚзҪ®', '1',
        '2023-01-17 22:17:32', '1', '2023-01-17 14:23:51', b'0');
INSERT INTO `system_dict_data`
VALUES (1221, 9, 'й“ҫжҺҘ', 'link', 'mp_message_type', 0, 'default', '', 'е…¬дј—еҸ·зҡ„ж¶ҲжҒҜзұ»еһӢ - й“ҫжҺҘ', '1',
        '2023-01-17 22:17:32', '1', '2023-01-17 14:24:49', b'0');
INSERT INTO `system_dict_data`
VALUES (1222, 10, 'дәӢд»¶', 'event', 'mp_message_type', 0, 'default', '', 'е…¬дј—еҸ·зҡ„ж¶ҲжҒҜзұ»еһӢ - дәӢд»¶', '1',
        '2023-01-17 22:17:32', '1', '2023-01-17 14:24:49', b'0');
INSERT INTO `system_dict_data`
VALUES (1223, 0, 'еҲқе§ӢеҢ–', '0', 'system_mail_send_status', 0, 'primary', '', 'йӮ®д»¶еҸ‘йҖҒзҠ¶жҖҒ - еҲқе§ӢеҢ–\n', '1',
        '2023-01-26 09:53:49', '1', '2023-01-26 16:36:14', b'0');
INSERT INTO `system_dict_data`
VALUES (1224, 10, 'еҸ‘йҖҒжҲҗеҠҹ', '10', 'system_mail_send_status', 0, 'success', '', 'йӮ®д»¶еҸ‘йҖҒзҠ¶жҖҒ - еҸ‘йҖҒжҲҗеҠҹ', '1',
        '2023-01-26 09:54:28', '1', '2023-01-26 16:36:22', b'0');
INSERT INTO `system_dict_data`
VALUES (1225, 20, 'еҸ‘йҖҒеӨұиҙҘ', '20', 'system_mail_send_status', 0, 'danger', '', 'йӮ®д»¶еҸ‘йҖҒзҠ¶жҖҒ - еҸ‘йҖҒеӨұиҙҘ', '1',
        '2023-01-26 09:54:50', '1', '2023-01-26 16:36:26', b'0');
INSERT INTO `system_dict_data`
VALUES (1226, 30, 'дёҚеҸ‘йҖҒ', '30', 'system_mail_send_status', 0, 'info', '', 'йӮ®д»¶еҸ‘йҖҒзҠ¶жҖҒ -  дёҚеҸ‘йҖҒ', '1',
        '2023-01-26 09:55:06', '1', '2023-01-26 16:36:36', b'0');
INSERT INTO `system_dict_data`
VALUES (1227, 1, 'йҖҡзҹҘе…¬е‘Ҡ', '1', 'system_notify_template_type', 0, 'primary', '', 'з«ҷеҶ…дҝЎжЁЎзүҲзҡ„зұ»еһӢ - йҖҡзҹҘе…¬е‘Ҡ', '1',
        '2023-01-28 10:35:59', '1', '2023-01-28 10:35:59', b'0');
INSERT INTO `system_dict_data`
VALUES (1228, 2, 'зі»з»ҹж¶ҲжҒҜ', '2', 'system_notify_template_type', 0, 'success', '', 'з«ҷеҶ…дҝЎжЁЎзүҲзҡ„зұ»еһӢ - зі»з»ҹж¶ҲжҒҜ', '1',
        '2023-01-28 10:36:20', '1', '2023-01-28 10:36:25', b'0');
INSERT INTO `system_dict_data`
VALUES (1230, 13, 'ж”Ҝд»ҳе®қжқЎз Ғж”Ҝд»ҳ', 'alipay_bar', 'pay_channel_code', 0, 'primary', '', 'ж”Ҝд»ҳе®қжқЎз Ғж”Ҝд»ҳ', '1',
        '2023-02-18 23:32:24', '1', '2023-07-19 20:09:23', b'0');
INSERT INTO `system_dict_data`
VALUES (1231, 10, 'Vue2 Element UI ж ҮеҮҶжЁЎзүҲ', '10', 'infra_codegen_front_type', 0, '', '', '', '1',
        '2023-04-13 00:03:55', '1', '2023-04-13 00:03:55', b'0');
INSERT INTO `system_dict_data`
VALUES (1232, 20, 'Vue3 Element Plus ж ҮеҮҶжЁЎзүҲ', '20', 'infra_codegen_front_type', 0, '', '', '', '1',
        '2023-04-13 00:04:08', '1', '2023-04-13 00:04:08', b'0');
INSERT INTO `system_dict_data`
VALUES (1234, 30, 'Vben2.0 Ant Design Schema жЁЎзүҲ', '30', 'infra_codegen_front_type', 1, '', '', '', '1',
        '2023-04-13 00:04:26', '1', '2025-07-27 10:55:14', b'0');
INSERT INTO `system_dict_data`
VALUES (1244, 0, 'жҢүд»¶', '1', 'trade_delivery_express_charge_mode', 0, '', '', '', '1', '2023-05-21 22:46:40', '1',
        '2023-05-21 22:46:40', b'0');
INSERT INTO `system_dict_data`
VALUES (1245, 1, 'жҢүйҮҚйҮҸ', '2', 'trade_delivery_express_charge_mode', 0, '', '', '', '1', '2023-05-21 22:46:58', '1',
        '2023-05-21 22:46:58', b'0');
INSERT INTO `system_dict_data`
VALUES (1246, 2, 'жҢүдҪ“з§Ҝ', '3', 'trade_delivery_express_charge_mode', 0, '', '', '', '1', '2023-05-21 22:47:18', '1',
        '2023-05-21 22:47:18', b'0');
INSERT INTO `system_dict_data`
VALUES (1335, 11, 'и®ўеҚ•з§ҜеҲҶжҠөжүЈ', '11', 'member_point_biz_type', 0, '', '', '', '1', '2023-06-10 12:15:27', '1',
        '2023-10-11 07:41:43', b'0');
INSERT INTO `system_dict_data`
VALUES (1336, 1, 'зӯҫеҲ°', '1', 'member_point_biz_type', 0, '', '', '', '1', '2023-06-10 12:15:48', '1',
        '2023-08-20 11:59:53', b'0');
INSERT INTO `system_dict_data`
VALUES (1341, 20, 'е·ІйҖҖж¬ҫ', '20', 'pay_order_status', 0, 'danger', '', 'е·ІйҖҖж¬ҫ', '1', '2023-07-19 18:05:37', '1',
        '2023-07-19 18:05:37', b'0');
INSERT INTO `system_dict_data`
VALUES (1342, 21, 'иҜ·жұӮжҲҗеҠҹпјҢдҪҶжҳҜз»“жһңеӨұиҙҘ', '21', 'pay_notify_status', 0, 'warning', '', 'иҜ·жұӮжҲҗеҠҹпјҢдҪҶжҳҜз»“жһңеӨұиҙҘ', '1',
        '2023-07-19 18:10:47', '1', '2023-07-19 18:11:38', b'0');
INSERT INTO `system_dict_data`
VALUES (1343, 22, 'иҜ·жұӮеӨұиҙҘ', '22', 'pay_notify_status', 0, 'warning', '', NULL, '1', '2023-07-19 18:11:05', '1',
        '2023-07-19 18:11:27', b'0');
INSERT INTO `system_dict_data`
VALUES (1344, 4, 'еҫ®дҝЎжү«з Ғж”Ҝд»ҳ', 'wx_native', 'pay_channel_code', 0, 'success', '', 'еҫ®дҝЎжү«з Ғж”Ҝд»ҳ', '1',
        '2023-07-19 20:07:47', '1', '2023-07-19 20:09:03', b'0');
INSERT INTO `system_dict_data`
VALUES (1345, 5, 'еҫ®дҝЎжқЎз Ғж”Ҝд»ҳ', 'wx_bar', 'pay_channel_code', 0, 'success', '', 'еҫ®дҝЎжқЎз Ғж”Ҝд»ҳ\n', '1',
        '2023-07-19 20:08:06', '1', '2023-07-19 20:09:08', b'0');
INSERT INTO `system_dict_data`
VALUES (1346, 1, 'ж”Ҝд»ҳеҚ•', '1', 'pay_notify_type', 0, 'primary', '', 'ж”Ҝд»ҳеҚ•', '1', '2023-07-20 12:23:17', '1',
        '2023-07-20 12:23:17', b'0');
INSERT INTO `system_dict_data`
VALUES (1347, 2, 'йҖҖж¬ҫеҚ•', '2', 'pay_notify_type', 0, 'danger', '', NULL, '1', '2023-07-20 12:23:26', '1',
        '2023-07-20 12:23:26', b'0');
INSERT INTO `system_dict_data`
VALUES (1348, 20, 'жЁЎжӢҹж”Ҝд»ҳ', 'mock', 'pay_channel_code', 0, 'default', '', 'жЁЎжӢҹж”Ҝд»ҳ', '1', '2023-07-29 11:10:51', '1',
        '2023-07-29 03:14:10', b'0');
INSERT INTO `system_dict_data`
VALUES (1349, 12, 'и®ўеҚ•з§ҜеҲҶжҠөжүЈпјҲж•ҙеҚ•еҸ–ж¶Ҳпјү', '12', 'member_point_biz_type', 0, '', '', '', '1', '2023-08-20 12:00:03',
        '1', '2023-10-11 07:42:01', b'0');
INSERT INTO `system_dict_data`
VALUES (1350, 0, 'з®ЎзҗҶе‘ҳи°ғж•ҙ', '0', 'member_experience_biz_type', 0, '', '', NULL, '', '2023-08-22 12:41:01', '',
        '2023-08-22 12:41:01', b'0');
INSERT INTO `system_dict_data`
VALUES (1351, 1, 'йӮҖж–°еҘ–еҠұ', '1', 'member_experience_biz_type', 0, '', '', NULL, '', '2023-08-22 12:41:01', '',
        '2023-08-22 12:41:01', b'0');
INSERT INTO `system_dict_data`
VALUES (1352, 11, 'дёӢеҚ•еҘ–еҠұ', '11', 'member_experience_biz_type', 0, 'success', '', NULL, '', '2023-08-22 12:41:01',
        '1', '2023-10-11 07:45:09', b'0');
INSERT INTO `system_dict_data`
VALUES (1353, 12, 'дёӢеҚ•еҘ–еҠұпјҲж•ҙеҚ•еҸ–ж¶Ҳпјү', '12', 'member_experience_biz_type', 0, 'warning', '', NULL, '',
        '2023-08-22 12:41:01', '1', '2023-10-11 07:45:01', b'0');
INSERT INTO `system_dict_data`
VALUES (1354, 4, 'зӯҫеҲ°еҘ–еҠұ', '4', 'member_experience_biz_type', 0, '', '', NULL, '', '2023-08-22 12:41:01', '',
        '2023-08-22 12:41:01', b'0');
INSERT INTO `system_dict_data`
VALUES (1355, 5, 'жҠҪеҘ–еҘ–еҠұ', '5', 'member_experience_biz_type', 0, '', '', NULL, '', '2023-08-22 12:41:01', '',
        '2023-08-22 12:41:01', b'0');
INSERT INTO `system_dict_data`
VALUES (1356, 1, 'еҝ«йҖ’еҸ‘иҙ§', '1', 'trade_delivery_type', 0, '', '', '', '1', '2023-08-23 00:04:55', '1',
        '2023-08-23 00:04:55', b'0');
INSERT INTO `system_dict_data`
VALUES (1357, 2, 'з”ЁжҲ·иҮӘжҸҗ', '2', 'trade_delivery_type', 0, '', '', '', '1', '2023-08-23 00:05:05', '1',
        '2023-08-23 00:05:05', b'0');
INSERT INTO `system_dict_data`
VALUES (1358, 3, 'е“Ғзұ»еҠө', '3', 'promotion_product_scope', 0, 'default', '', '', '1', '2023-09-01 23:43:07', '1',
        '2023-09-28 00:27:47', b'0');
INSERT INTO `system_dict_data`
VALUES (1359, 1, 'дәәдәәеҲҶй”Җ', '1', 'brokerage_enabled_condition', 0, '', '', 'жүҖжңүз”ЁжҲ·йғҪеҸҜд»ҘеҲҶй”Җ', '',
        '2023-09-28 02:46:05', '', '2023-09-28 02:46:05', b'0');
INSERT INTO `system_dict_data`
VALUES (1360, 2, 'жҢҮе®ҡеҲҶй”Җ', '2', 'brokerage_enabled_condition', 0, '', '', 'д»…еҸҜеҗҺеҸ°жүӢеҠЁи®ҫзҪ®жҺЁе№ҝе‘ҳ', '',
        '2023-09-28 02:46:05', '', '2023-09-28 02:46:05', b'0');
INSERT INTO `system_dict_data`
VALUES (1361, 1, 'йҰ–ж¬Ўз»‘е®ҡ', '1', 'brokerage_bind_mode', 0, '', '', 'еҸӘиҰҒз”ЁжҲ·жІЎжңүжҺЁе№ҝдәәпјҢйҡҸж—¶йғҪеҸҜд»Ҙз»‘е®ҡжҺЁе№ҝе…ізі»', '',
        '2023-09-28 02:46:05', '', '2023-09-28 02:46:05', b'0');
INSERT INTO `system_dict_data`
VALUES (1362, 2, 'жіЁеҶҢз»‘е®ҡ', '2', 'brokerage_bind_mode', 0, '', '', 'д»…ж–°з”ЁжҲ·жіЁеҶҢж—¶жүҚиғҪз»‘е®ҡжҺЁе№ҝе…ізі»', '',
        '2023-09-28 02:46:05', '', '2023-09-28 02:46:05', b'0');
INSERT INTO `system_dict_data`
VALUES (1363, 3, 'иҰҶзӣ–з»‘е®ҡ', '3', 'brokerage_bind_mode', 0, '', '', 'еҰӮжһңз”ЁжҲ·е·Із»ҸжңүжҺЁе№ҝдәәпјҢжҺЁе№ҝдәәдјҡиў«еҸҳжӣҙ', '',
        '2023-09-28 02:46:05', '', '2023-09-28 02:46:05', b'0');
INSERT INTO `system_dict_data`
VALUES (1364, 1, 'й’ұеҢ…', '1', 'brokerage_withdraw_type', 0, '', '', NULL, '', '2023-09-28 02:46:05', '',
        '2023-09-28 02:46:05', b'0');
INSERT INTO `system_dict_data`
VALUES (1365, 2, 'й“¶иЎҢеҚЎ', '2', 'brokerage_withdraw_type', 0, '', '', NULL, '', '2023-09-28 02:46:05', '',
        '2023-09-28 02:46:05', b'0');
INSERT INTO `system_dict_data`
VALUES (1366, 3, 'еҫ®дҝЎж”¶ж¬ҫз Ғ', '3', 'brokerage_withdraw_type', 0, '', '', 'жүӢеҠЁжү“ж¬ҫ', '', '2023-09-28 02:46:05', '1',
        '2025-05-10 08:24:25', b'0');
INSERT INTO `system_dict_data`
VALUES (1367, 4, 'ж”Ҝд»ҳе®қж”¶ж¬ҫз Ғ', '4', 'brokerage_withdraw_type', 0, '', '', 'жүӢеҠЁжү“ж¬ҫ', '', '2023-09-28 02:46:05', '1',
        '2025-05-10 08:24:37', b'0');
INSERT INTO `system_dict_data`
VALUES (1368, 1, 'и®ўеҚ•иҝ”дҪЈ', '1', 'brokerage_record_biz_type', 0, '', '', NULL, '', '2023-09-28 02:46:05', '',
        '2023-09-28 02:46:05', b'0');
INSERT INTO `system_dict_data`
VALUES (1369, 2, 'з”іиҜ·жҸҗзҺ°', '2', 'brokerage_record_biz_type', 0, '', '', NULL, '', '2023-09-28 02:46:05', '',
        '2023-09-28 02:46:05', b'0');
INSERT INTO `system_dict_data`
VALUES (1370, 3, 'з”іиҜ·жҸҗзҺ°й©іеӣһ', '3', 'brokerage_record_biz_type', 0, '', '', NULL, '', '2023-09-28 02:46:05', '',
        '2023-09-28 02:46:05', b'0');
INSERT INTO `system_dict_data`
VALUES (1371, 0, 'еҫ…з»“з®—', '0', 'brokerage_record_status', 0, '', '', NULL, '', '2023-09-28 02:46:05', '',
        '2023-09-28 02:46:05', b'0');
INSERT INTO `system_dict_data`
VALUES (1372, 1, 'е·Із»“з®—', '1', 'brokerage_record_status', 0, '', '', NULL, '', '2023-09-28 02:46:05', '',
        '2023-09-28 02:46:05', b'0');
INSERT INTO `system_dict_data`
VALUES (1373, 2, 'е·ІеҸ–ж¶Ҳ', '2', 'brokerage_record_status', 0, '', '', NULL, '', '2023-09-28 02:46:05', '',
        '2023-09-28 02:46:05', b'0');
INSERT INTO `system_dict_data`
VALUES (1374, 0, 'е®Ўж ёдёӯ', '0', 'brokerage_withdraw_status', 0, '', '', NULL, '', '2023-09-28 02:46:05', '',
        '2023-09-28 02:46:05', b'0');
INSERT INTO `system_dict_data`
VALUES (1375, 10, 'е®Ўж ёйҖҡиҝҮ', '10', 'brokerage_withdraw_status', 0, 'success', '', NULL, '', '2023-09-28 02:46:05', '',
        '2023-09-28 02:46:05', b'0');
INSERT INTO `system_dict_data`
VALUES (1376, 11, 'жҸҗзҺ°жҲҗеҠҹ', '11', 'brokerage_withdraw_status', 0, 'success', '', NULL, '', '2023-09-28 02:46:05', '',
        '2023-09-28 02:46:05', b'0');
INSERT INTO `system_dict_data`
VALUES (1377, 20, 'е®Ўж ёдёҚйҖҡиҝҮ', '20', 'brokerage_withdraw_status', 0, 'danger', '', NULL, '', '2023-09-28 02:46:05', '',
        '2023-09-28 02:46:05', b'0');
INSERT INTO `system_dict_data`
VALUES (1378, 21, 'жҸҗзҺ°еӨұиҙҘ', '21', 'brokerage_withdraw_status', 0, 'danger', '', NULL, '', '2023-09-28 02:46:05', '',
        '2023-09-28 02:46:05', b'0');
INSERT INTO `system_dict_data`
VALUES (1379, 0, 'е·Ҙе•Ҷй“¶иЎҢ', '0', 'brokerage_bank_name', 0, '', '', NULL, '', '2023-09-28 02:46:05', '',
        '2023-09-28 02:46:05', b'0');
INSERT INTO `system_dict_data`
VALUES (1380, 1, 'е»әи®ҫй“¶иЎҢ', '1', 'brokerage_bank_name', 0, '', '', NULL, '', '2023-09-28 02:46:05', '',
        '2023-09-28 02:46:05', b'0');
INSERT INTO `system_dict_data`
VALUES (1381, 2, 'еҶңдёҡй“¶иЎҢ', '2', 'brokerage_bank_name', 0, '', '', NULL, '', '2023-09-28 02:46:05', '',
        '2023-09-28 02:46:05', b'0');
INSERT INTO `system_dict_data`
VALUES (1382, 3, 'дёӯеӣҪй“¶иЎҢ', '3', 'brokerage_bank_name', 0, '', '', NULL, '', '2023-09-28 02:46:05', '',
        '2023-09-28 02:46:05', b'0');
INSERT INTO `system_dict_data`
VALUES (1383, 4, 'дәӨйҖҡй“¶иЎҢ', '4', 'brokerage_bank_name', 0, '', '', NULL, '', '2023-09-28 02:46:05', '',
        '2023-09-28 02:46:05', b'0');
INSERT INTO `system_dict_data`
VALUES (1384, 5, 'жӢӣе•Ҷй“¶иЎҢ', '5', 'brokerage_bank_name', 0, '', '', NULL, '', '2023-09-28 02:46:05', '',
        '2023-09-28 02:46:05', b'0');
INSERT INTO `system_dict_data`
VALUES (1385, 21, 'й’ұеҢ…', 'wallet', 'pay_channel_code', 0, 'primary', '', '', '1', '2023-10-01 21:46:19', '1',
        '2023-10-01 21:48:01', b'0');
INSERT INTO `system_dict_data`
VALUES (1386, 1, 'з Қд»·дёӯ', '1', 'promotion_bargain_record_status', 0, 'default', '', '', '1', '2023-10-05 10:41:26',
        '1', '2023-10-05 10:41:26', b'0');
INSERT INTO `system_dict_data`
VALUES (1387, 2, 'з Қд»·жҲҗеҠҹ', '2', 'promotion_bargain_record_status', 0, 'success', '', '', '1', '2023-10-05 10:41:39',
        '1', '2023-10-05 10:41:39', b'0');
INSERT INTO `system_dict_data`
VALUES (1388, 3, 'з Қд»·еӨұиҙҘ', '3', 'promotion_bargain_record_status', 0, 'warning', '', '', '1', '2023-10-05 10:41:57',
        '1', '2023-10-05 10:41:57', b'0');
INSERT INTO `system_dict_data`
VALUES (1389, 0, 'жӢјеӣўдёӯ', '0', 'promotion_combination_record_status', 0, '', '', '', '1', '2023-10-08 07:24:44', '1',
        '2024-10-13 10:08:17', b'0');
INSERT INTO `system_dict_data`
VALUES (1390, 1, 'жӢјеӣўжҲҗеҠҹ', '1', 'promotion_combination_record_status', 0, 'success', '', '', '1',
        '2023-10-08 07:24:56', '1', '2024-10-13 10:08:20', b'0');
INSERT INTO `system_dict_data`
VALUES (1391, 2, 'жӢјеӣўеӨұиҙҘ', '2', 'promotion_combination_record_status', 0, 'warning', '', '', '1',
        '2023-10-08 07:25:11', '1', '2024-10-13 10:08:24', b'0');
INSERT INTO `system_dict_data`
VALUES (1392, 2, 'з®ЎзҗҶе‘ҳдҝ®ж”№', '2', 'member_point_biz_type', 0, 'default', '', '', '1', '2023-10-11 07:41:34', '1',
        '2023-10-11 07:41:34', b'0');
INSERT INTO `system_dict_data`
VALUES (1393, 13, 'и®ўеҚ•з§ҜеҲҶжҠөжүЈпјҲеҚ•дёӘйҖҖж¬ҫпјү', '13', 'member_point_biz_type', 0, '', '', '', '1', '2023-10-11 07:42:29',
        '1', '2023-10-11 07:42:29', b'0');
INSERT INTO `system_dict_data`
VALUES (1394, 21, 'и®ўеҚ•з§ҜеҲҶеҘ–еҠұ', '21', 'member_point_biz_type', 0, 'default', '', '', '1', '2023-10-11 07:42:44', '1',
        '2023-10-11 07:42:44', b'0');
INSERT INTO `system_dict_data`
VALUES (1395, 22, 'и®ўеҚ•з§ҜеҲҶеҘ–еҠұпјҲж•ҙеҚ•еҸ–ж¶Ҳпјү', '22', 'member_point_biz_type', 0, 'default', '', '', '1',
        '2023-10-11 07:42:55', '1', '2023-10-11 07:43:01', b'0');
INSERT INTO `system_dict_data`
VALUES (1396, 23, 'и®ўеҚ•з§ҜеҲҶеҘ–еҠұпјҲеҚ•дёӘйҖҖж¬ҫпјү', '23', 'member_point_biz_type', 0, 'default', '', '', '1',
        '2023-10-11 07:43:16', '1', '2023-10-11 07:43:16', b'0');
INSERT INTO `system_dict_data`
VALUES (1397, 13, 'дёӢеҚ•еҘ–еҠұпјҲеҚ•дёӘйҖҖж¬ҫпјү', '13', 'member_experience_biz_type', 0, 'warning', '', '', '1',
        '2023-10-11 07:45:24', '1', '2023-10-11 07:45:38', b'0');
INSERT INTO `system_dict_data`
VALUES (1398, 5, 'зҪ‘дёҠиҪ¬иҙҰ', '5', 'crm_receivable_return_type', 0, 'default', '', '', '1', '2023-10-18 21:55:24', '1',
        '2023-10-18 21:55:24', b'0');
INSERT INTO `system_dict_data`
VALUES (1399, 6, 'ж”Ҝд»ҳе®қ', '6', 'crm_receivable_return_type', 0, 'default', '', '', '1', '2023-10-18 21:55:38', '1',
        '2023-10-18 21:55:38', b'0');
INSERT INTO `system_dict_data`
VALUES (1400, 7, 'еҫ®дҝЎж”Ҝд»ҳ', '7', 'crm_receivable_return_type', 0, 'default', '', '', '1', '2023-10-18 21:55:53', '1',
        '2023-10-18 21:55:53', b'0');
INSERT INTO `system_dict_data`
VALUES (1401, 8, 'е…¶д»–', '8', 'crm_receivable_return_type', 0, 'default', '', '', '1', '2023-10-18 21:56:06', '1',
        '2023-10-18 21:56:06', b'0');
INSERT INTO `system_dict_data`
VALUES (1402, 1, 'IT', '1', 'crm_customer_industry', 0, 'default', '', '', '1', '2023-10-28 23:02:15', '1',
        '2024-02-18 23:30:38', b'0');
INSERT INTO `system_dict_data`
VALUES (1403, 2, 'йҮ‘иһҚдёҡ', '2', 'crm_customer_industry', 0, 'default', '', '', '1', '2023-10-28 23:02:29', '1',
        '2024-02-18 23:30:43', b'0');
INSERT INTO `system_dict_data`
VALUES (1404, 3, 'жҲҝең°дә§', '3', 'crm_customer_industry', 0, 'default', '', '', '1', '2023-10-28 23:02:41', '1',
        '2024-02-18 23:30:48', b'0');
INSERT INTO `system_dict_data`
VALUES (1405, 4, 'е•ҶдёҡжңҚеҠЎ', '4', 'crm_customer_industry', 0, 'default', '', '', '1', '2023-10-28 23:02:54', '1',
        '2024-02-18 23:30:54', b'0');
INSERT INTO `system_dict_data`
VALUES (1406, 5, 'иҝҗиҫ“/зү©жөҒ', '5', 'crm_customer_industry', 0, 'default', '', '', '1', '2023-10-28 23:03:03', '1',
        '2024-02-18 23:31:00', b'0');
INSERT INTO `system_dict_data`
VALUES (1407, 6, 'з”ҹдә§', '6', 'crm_customer_industry', 0, 'default', '', '', '1', '2023-10-28 23:03:13', '1',
        '2024-02-18 23:31:08', b'0');
INSERT INTO `system_dict_data`
VALUES (1408, 7, 'ж”ҝеәң', '7', 'crm_customer_industry', 0, 'default', '', '', '1', '2023-10-28 23:03:27', '1',
        '2024-02-18 23:31:13', b'0');
INSERT INTO `system_dict_data`
VALUES (1409, 8, 'ж–ҮеҢ–дј еӘ’', '8', 'crm_customer_industry', 0, 'default', '', '', '1', '2023-10-28 23:03:37', '1',
        '2024-02-18 23:31:20', b'0');
INSERT INTO `system_dict_data`
VALUES (1422, 1, 'A пјҲйҮҚзӮ№е®ўжҲ·пјү', '1', 'crm_customer_level', 0, 'primary', '', '', '1', '2023-10-28 23:07:13', '1',
        '2023-10-28 23:07:13', b'0');
INSERT INTO `system_dict_data`
VALUES (1423, 2, 'B пјҲжҷ®йҖҡе®ўжҲ·пјү', '2', 'crm_customer_level', 0, 'info', '', '', '1', '2023-10-28 23:07:35', '1',
        '2023-10-28 23:07:35', b'0');
INSERT INTO `system_dict_data`
VALUES (1424, 3, 'C пјҲйқһдјҳе…Ҳе®ўжҲ·пјү', '3', 'crm_customer_level', 0, 'default', '', '', '1', '2023-10-28 23:07:53', '1',
        '2023-10-28 23:07:53', b'0');
INSERT INTO `system_dict_data`
VALUES (1425, 1, 'дҝғй”Җ', '1', 'crm_customer_source', 0, 'default', '', '', '1', '2023-10-28 23:08:29', '1',
        '2023-10-28 23:08:29', b'0');
INSERT INTO `system_dict_data`
VALUES (1426, 2, 'жҗңзҙўеј•ж“Һ', '2', 'crm_customer_source', 0, 'default', '', '', '1', '2023-10-28 23:08:39', '1',
        '2023-10-28 23:08:39', b'0');
INSERT INTO `system_dict_data`
VALUES (1427, 3, 'е№ҝе‘Ҡ', '3', 'crm_customer_source', 0, 'default', '', '', '1', '2023-10-28 23:08:47', '1',
        '2023-10-28 23:08:47', b'0');
INSERT INTO `system_dict_data`
VALUES (1428, 4, 'иҪ¬д»Ӣз»Қ', '4', 'crm_customer_source', 0, 'default', '', '', '1', '2023-10-28 23:08:58', '1',
        '2023-10-28 23:08:58', b'0');
INSERT INTO `system_dict_data`
VALUES (1429, 5, 'зәҝдёҠжіЁеҶҢ', '5', 'crm_customer_source', 0, 'default', '', '', '1', '2023-10-28 23:09:12', '1',
        '2023-10-28 23:09:12', b'0');
INSERT INTO `system_dict_data`
VALUES (1430, 6, 'зәҝдёҠе’ЁиҜў', '6', 'crm_customer_source', 0, 'default', '', '', '1', '2023-10-28 23:09:22', '1',
        '2023-10-28 23:09:22', b'0');
INSERT INTO `system_dict_data`
VALUES (1431, 7, 'йў„зәҰдёҠй—Ё', '7', 'crm_customer_source', 0, 'default', '', '', '1', '2023-10-28 23:09:39', '1',
        '2023-10-28 23:09:39', b'0');
INSERT INTO `system_dict_data`
VALUES (1432, 8, 'йҷҢжӢң', '8', 'crm_customer_source', 0, 'default', '', '', '1', '2023-10-28 23:10:04', '1',
        '2023-10-28 23:10:04', b'0');
INSERT INTO `system_dict_data`
VALUES (1433, 9, 'з”өиҜқе’ЁиҜў', '9', 'crm_customer_source', 0, 'default', '', '', '1', '2023-10-28 23:10:18', '1',
        '2023-10-28 23:10:18', b'0');
INSERT INTO `system_dict_data`
VALUES (1434, 10, 'йӮ®д»¶е’ЁиҜў', '10', 'crm_customer_source', 0, 'default', '', '', '1', '2023-10-28 23:10:33', '1',
        '2023-10-28 23:10:33', b'0');
INSERT INTO `system_dict_data`
VALUES (1435, 10, 'Gitee', '10', 'system_social_type', 0, '', '', '', '1', '2023-11-04 13:04:42', '1',
        '2023-11-04 13:04:42', b'0');
INSERT INTO `system_dict_data`
VALUES (1436, 20, 'й’үй’ү', '20', 'system_social_type', 0, '', '', '', '1', '2023-11-04 13:04:54', '1',
        '2023-11-04 13:04:54', b'0');
INSERT INTO `system_dict_data`
VALUES (1437, 30, 'дјҒдёҡеҫ®дҝЎ', '30', 'system_social_type', 0, '', '', '', '1', '2023-11-04 13:05:09', '1',
        '2023-11-04 13:05:09', b'0');
INSERT INTO `system_dict_data`
VALUES (1438, 31, 'еҫ®дҝЎе…¬дј—е№іеҸ°', '31', 'system_social_type', 0, '', '', '', '1', '2023-11-04 13:05:18', '1',
        '2023-11-04 13:05:18', b'0');
INSERT INTO `system_dict_data`
VALUES (1439, 32, 'еҫ®дҝЎејҖж”ҫе№іеҸ°', '32', 'system_social_type', 0, '', '', '', '1', '2023-11-04 13:05:30', '1',
        '2023-11-04 13:05:30', b'0');
INSERT INTO `system_dict_data`
VALUES (1440, 34, 'еҫ®дҝЎе°ҸзЁӢеәҸ', '34', 'system_social_type', 0, '', '', '', '1', '2023-11-04 13:05:38', '1',
        '2023-11-04 13:07:16', b'0');
INSERT INTO `system_dict_data`
VALUES (1441, 1, 'дёҠжһ¶', '1', 'crm_product_status', 0, 'success', '', '', '1', '2023-10-30 21:49:34', '1',
        '2023-10-30 21:49:34', b'0');
INSERT INTO `system_dict_data`
VALUES (1442, 0, 'дёӢжһ¶', '0', 'crm_product_status', 0, 'success', '', '', '1', '2023-10-30 21:49:13', '1',
        '2023-10-30 21:49:13', b'0');
INSERT INTO `system_dict_data`
VALUES (1443, 15, 'еӯҗиЎЁ', '15', 'infra_codegen_template_type', 0, 'default', '', '', '1', '2023-11-13 23:06:16', '1',
        '2023-11-13 23:06:16', b'0');
INSERT INTO `system_dict_data`
VALUES (1444, 10, 'дё»иЎЁпјҲж ҮеҮҶжЁЎејҸпјү', '10', 'infra_codegen_template_type', 0, 'default', '', '', '1',
        '2023-11-14 12:32:49', '1', '2023-11-14 12:32:49', b'0');
INSERT INTO `system_dict_data`
VALUES (1445, 11, 'дё»иЎЁпјҲERP жЁЎејҸпјү', '11', 'infra_codegen_template_type', 0, 'default', '', '', '1',
        '2023-11-14 12:33:05', '1', '2023-11-14 12:33:05', b'0');
INSERT INTO `system_dict_data`
VALUES (1446, 12, 'дё»иЎЁпјҲеҶ…еөҢжЁЎејҸпјү', '12', 'infra_codegen_template_type', 0, '', '', '', '1', '2023-11-14 12:33:31', '1',
        '2023-11-14 12:33:31', b'0');
INSERT INTO `system_dict_data`
VALUES (1447, 1, 'иҙҹиҙЈдәә', '1', 'crm_permission_level', 0, 'default', '', '', '1', '2023-11-30 09:53:12', '1',
        '2023-11-30 09:53:12', b'0');
INSERT INTO `system_dict_data`
VALUES (1448, 2, 'еҸӘиҜ»', '2', 'crm_permission_level', 0, '', '', '', '1', '2023-11-30 09:53:29', '1',
        '2023-11-30 09:53:29', b'0');
INSERT INTO `system_dict_data`
VALUES (1449, 3, 'иҜ»еҶҷ', '3', 'crm_permission_level', 0, '', '', '', '1', '2023-11-30 09:53:36', '1',
        '2023-11-30 09:53:36', b'0');
INSERT INTO `system_dict_data`
VALUES (1450, 0, 'жңӘжҸҗдәӨ', '0', 'crm_audit_status', 0, '', '', '', '1', '2023-11-30 18:56:59', '1',
        '2023-11-30 18:56:59', b'0');
INSERT INTO `system_dict_data`
VALUES (1451, 10, 'е®Ўжү№дёӯ', '10', 'crm_audit_status', 0, '', '', '', '1', '2023-11-30 18:57:10', '1',
        '2023-11-30 18:57:10', b'0');
INSERT INTO `system_dict_data`
VALUES (1452, 20, 'е®Ўж ёйҖҡиҝҮ', '20', 'crm_audit_status', 0, '', '', '', '1', '2023-11-30 18:57:24', '1',
        '2023-11-30 18:57:24', b'0');
INSERT INTO `system_dict_data`
VALUES (1453, 30, 'е®Ўж ёдёҚйҖҡиҝҮ', '30', 'crm_audit_status', 0, '', '', '', '1', '2023-11-30 18:57:32', '1',
        '2023-11-30 18:57:32', b'0');
INSERT INTO `system_dict_data`
VALUES (1454, 40, 'е·ІеҸ–ж¶Ҳ', '40', 'crm_audit_status', 0, '', '', '', '1', '2023-11-30 18:57:42', '1',
        '2023-11-30 18:57:42', b'0');
INSERT INTO `system_dict_data`
VALUES (1456, 1, 'ж”ҜзҘЁ', '1', 'crm_receivable_return_type', 0, 'default', '', '', '1', '2023-10-18 21:54:29', '1',
        '2023-10-18 21:54:29', b'0');
INSERT INTO `system_dict_data`
VALUES (1457, 2, 'зҺ°йҮ‘', '2', 'crm_receivable_return_type', 0, 'default', '', '', '1', '2023-10-18 21:54:41', '1',
        '2023-10-18 21:54:41', b'0');
INSERT INTO `system_dict_data`
VALUES (1458, 3, 'йӮ®ж”ҝжұҮж¬ҫ', '3', 'crm_receivable_return_type', 0, 'default', '', '', '1', '2023-10-18 21:54:53', '1',
        '2023-10-18 21:54:53', b'0');
INSERT INTO `system_dict_data`
VALUES (1459, 4, 'з”өжұҮ', '4', 'crm_receivable_return_type', 0, 'default', '', '', '1', '2023-10-18 21:55:07', '1',
        '2023-10-18 21:55:07', b'0');
INSERT INTO `system_dict_data`
VALUES (1461, 1, 'дёӘ', '1', 'crm_product_unit', 0, '', '', '', '1', '2023-12-05 23:02:26', '1', '2023-12-05 23:02:26',
        b'0');
INSERT INTO `system_dict_data`
VALUES (1462, 2, 'еқ—', '2', 'crm_product_unit', 0, '', '', '', '1', '2023-12-05 23:02:34', '1', '2023-12-05 23:02:34',
        b'0');
INSERT INTO `system_dict_data`
VALUES (1463, 3, 'еҸӘ', '3', 'crm_product_unit', 0, '', '', '', '1', '2023-12-05 23:02:57', '1', '2023-12-05 23:02:57',
        b'0');
INSERT INTO `system_dict_data`
VALUES (1464, 4, 'жҠҠ', '4', 'crm_product_unit', 0, '', '', '', '1', '2023-12-05 23:03:05', '1', '2023-12-05 23:03:05',
        b'0');
INSERT INTO `system_dict_data`
VALUES (1465, 5, 'жһҡ', '5', 'crm_product_unit', 0, '', '', '', '1', '2023-12-05 23:03:14', '1', '2023-12-05 23:03:14',
        b'0');
INSERT INTO `system_dict_data`
VALUES (1466, 6, 'з“¶', '6', 'crm_product_unit', 0, '', '', '', '1', '2023-12-05 23:03:20', '1', '2023-12-05 23:03:20',
        b'0');
INSERT INTO `system_dict_data`
VALUES (1467, 7, 'зӣ’', '7', 'crm_product_unit', 0, '', '', '', '1', '2023-12-05 23:03:30', '1', '2023-12-05 23:03:30',
        b'0');
INSERT INTO `system_dict_data`
VALUES (1468, 8, 'еҸ°', '8', 'crm_product_unit', 0, '', '', '', '1', '2023-12-05 23:03:41', '1', '2023-12-05 23:03:41',
        b'0');
INSERT INTO `system_dict_data`
VALUES (1469, 9, 'еҗЁ', '9', 'crm_product_unit', 0, '', '', '', '1', '2023-12-05 23:03:48', '1', '2023-12-05 23:03:48',
        b'0');
INSERT INTO `system_dict_data`
VALUES (1470, 10, 'еҚғе…Ӣ', '10', 'crm_product_unit', 0, '', '', '', '1', '2023-12-05 23:04:03', '1',
        '2023-12-05 23:04:03', b'0');
INSERT INTO `system_dict_data`
VALUES (1471, 11, 'зұі', '11', 'crm_product_unit', 0, '', '', '', '1', '2023-12-05 23:04:12', '1', '2023-12-05 23:04:12',
        b'0');
INSERT INTO `system_dict_data`
VALUES (1472, 12, 'з®ұ', '12', 'crm_product_unit', 0, '', '', '', '1', '2023-12-05 23:04:25', '1', '2023-12-05 23:04:25',
        b'0');
INSERT INTO `system_dict_data`
VALUES (1473, 13, 'еҘ—', '13', 'crm_product_unit', 0, '', '', '', '1', '2023-12-05 23:04:34', '1', '2023-12-05 23:04:34',
        b'0');
INSERT INTO `system_dict_data`
VALUES (1474, 1, 'жү“з”өиҜқ', '1', 'crm_follow_up_type', 0, '', '', '', '1', '2024-01-15 20:48:20', '1',
        '2024-01-15 20:48:20', b'0');
INSERT INTO `system_dict_data`
VALUES (1475, 2, 'еҸ‘зҹӯдҝЎ', '2', 'crm_follow_up_type', 0, '', '', '', '1', '2024-01-15 20:48:31', '1',
        '2024-01-15 20:48:31', b'0');
INSERT INTO `system_dict_data`
VALUES (1476, 3, 'дёҠй—ЁжӢңи®ҝ', '3', 'crm_follow_up_type', 0, '', '', '', '1', '2024-01-15 20:49:07', '1',
        '2024-01-15 20:49:07', b'0');
INSERT INTO `system_dict_data`
VALUES (1477, 4, 'еҫ®дҝЎжІҹйҖҡ', '4', 'crm_follow_up_type', 0, '', '', '', '1', '2024-01-15 20:49:15', '1',
        '2024-01-15 20:49:15', b'0');
INSERT INTO `system_dict_data`
VALUES (1482, 4, 'иҪ¬иҙҰеӨұиҙҘ', '20', 'pay_transfer_status', 0, 'warning', '', '', '1', '2023-10-28 16:24:16', '1',
        '2025-05-08 12:59:01', b'0');
INSERT INTO `system_dict_data`
VALUES (1483, 3, 'иҪ¬иҙҰжҲҗеҠҹ', '10', 'pay_transfer_status', 0, 'success', '', '', '1', '2023-10-28 16:23:50', '1',
        '2025-05-08 12:58:58', b'0');
INSERT INTO `system_dict_data`
VALUES (1484, 2, 'иҪ¬иҙҰиҝӣиЎҢдёӯ', '5', 'pay_transfer_status', 0, 'info', '', '', '1', '2023-10-28 16:23:12', '1',
        '2025-05-08 12:58:54', b'0');
INSERT INTO `system_dict_data`
VALUES (1485, 1, 'зӯүеҫ…иҪ¬иҙҰ', '0', 'pay_transfer_status', 0, 'default', '', '', '1', '2023-10-28 16:21:43', '1',
        '2023-10-28 16:23:22', b'0');
INSERT INTO `system_dict_data`
VALUES (1486, 10, 'е…¶е®ғе…Ҙеә“', '10', 'erp_stock_record_biz_type', 0, '', '', '', '1', '2024-02-05 18:07:25', '1',
        '2024-02-05 18:07:43', b'0');
INSERT INTO `system_dict_data`
VALUES (1487, 11, 'е…¶е®ғе…Ҙеә“пјҲдҪңеәҹпјү', '11', 'erp_stock_record_biz_type', 0, 'danger', '', '', '1', '2024-02-05 18:08:07',
        '1', '2024-02-05 19:20:16', b'0');
INSERT INTO `system_dict_data`
VALUES (1488, 20, 'е…¶е®ғеҮәеә“', '20', 'erp_stock_record_biz_type', 0, '', '', '', '1', '2024-02-05 18:08:51', '1',
        '2024-02-05 18:08:51', b'0');
INSERT INTO `system_dict_data`
VALUES (1489, 21, 'е…¶е®ғеҮәеә“пјҲдҪңеәҹпјү', '21', 'erp_stock_record_biz_type', 0, 'danger', '', '', '1', '2024-02-05 18:09:00',
        '1', '2024-02-05 19:20:10', b'0');
INSERT INTO `system_dict_data`
VALUES (1490, 10, 'жңӘе®Ўж ё', '10', 'erp_audit_status', 0, 'default', '', '', '1', '2024-02-06 00:00:21', '1',
        '2024-02-06 00:00:21', b'0');
INSERT INTO `system_dict_data`
VALUES (1491, 20, 'е·Іе®Ўж ё', '20', 'erp_audit_status', 0, 'success', '', '', '1', '2024-02-06 00:00:35', '1',
        '2024-02-06 00:00:35', b'0');
INSERT INTO `system_dict_data`
VALUES (1492, 30, 'и°ғжӢЁе…Ҙеә“', '30', 'erp_stock_record_biz_type', 0, '', '', '', '1', '2024-02-07 20:34:19', '1',
        '2024-02-07 12:36:31', b'0');
INSERT INTO `system_dict_data`
VALUES (1493, 31, 'и°ғжӢЁе…Ҙеә“пјҲдҪңеәҹпјү', '31', 'erp_stock_record_biz_type', 0, 'danger', '', '', '1', '2024-02-07 20:34:29',
        '1', '2024-02-07 20:37:11', b'0');
INSERT INTO `system_dict_data`
VALUES (1494, 32, 'и°ғжӢЁеҮәеә“', '32', 'erp_stock_record_biz_type', 0, '', '', '', '1', '2024-02-07 20:34:38', '1',
        '2024-02-07 12:36:33', b'0');
INSERT INTO `system_dict_data`
VALUES (1495, 33, 'и°ғжӢЁеҮәеә“пјҲдҪңеәҹпјү', '33', 'erp_stock_record_biz_type', 0, 'danger', '', '', '1', '2024-02-07 20:34:49',
        '1', '2024-02-07 20:37:06', b'0');
INSERT INTO `system_dict_data`
VALUES (1496, 40, 'зӣҳзӣҲе…Ҙеә“', '40', 'erp_stock_record_biz_type', 0, '', '', '', '1', '2024-02-08 08:53:00', '1',
        '2024-02-08 08:53:09', b'0');
INSERT INTO `system_dict_data`
VALUES (1497, 41, 'зӣҳзӣҲе…Ҙеә“пјҲдҪңеәҹпјү', '41', 'erp_stock_record_biz_type', 0, 'danger', '', '', '1', '2024-02-08 08:53:39',
        '1', '2024-02-16 19:40:54', b'0');
INSERT INTO `system_dict_data`
VALUES (1498, 42, 'зӣҳдәҸеҮәеә“', '42', 'erp_stock_record_biz_type', 0, '', '', '', '1', '2024-02-08 08:54:16', '1',
        '2024-02-08 08:54:16', b'0');
INSERT INTO `system_dict_data`
VALUES (1499, 43, 'зӣҳдәҸеҮәеә“пјҲдҪңеәҹпјү', '43', 'erp_stock_record_biz_type', 0, 'danger', '', '', '1', '2024-02-08 08:54:31',
        '1', '2024-02-16 19:40:46', b'0');
INSERT INTO `system_dict_data`
VALUES (1500, 50, 'й”Җе”®еҮәеә“', '50', 'erp_stock_record_biz_type', 0, '', '', '', '1', '2024-02-11 21:47:25', '1',
        '2024-02-11 21:50:40', b'0');
INSERT INTO `system_dict_data`
VALUES (1501, 51, 'й”Җе”®еҮәеә“пјҲдҪңеәҹпјү', '51', 'erp_stock_record_biz_type', 0, 'danger', '', '', '1', '2024-02-11 21:47:37',
        '1', '2024-02-11 21:51:12', b'0');
INSERT INTO `system_dict_data`
VALUES (1502, 60, 'й”Җе”®йҖҖиҙ§е…Ҙеә“', '60', 'erp_stock_record_biz_type', 0, '', '', '', '1', '2024-02-12 06:51:05', '1',
        '2024-02-12 06:51:05', b'0');
INSERT INTO `system_dict_data`
VALUES (1503, 61, 'й”Җе”®йҖҖиҙ§е…Ҙеә“пјҲдҪңеәҹпјү', '61', 'erp_stock_record_biz_type', 0, 'danger', '', '', '1',
        '2024-02-12 06:51:18', '1', '2024-02-12 06:51:18', b'0');
INSERT INTO `system_dict_data`
VALUES (1504, 70, 'йҮҮиҙӯе…Ҙеә“', '70', 'erp_stock_record_biz_type', 0, '', '', '', '1', '2024-02-16 13:10:02', '1',
        '2024-02-16 13:10:02', b'0');
INSERT INTO `system_dict_data`
VALUES (1505, 71, 'йҮҮиҙӯе…Ҙеә“пјҲдҪңеәҹпјү', '71', 'erp_stock_record_biz_type', 0, 'danger', '', '', '1', '2024-02-16 13:10:10',
        '1', '2024-02-16 19:40:40', b'0');
INSERT INTO `system_dict_data`
VALUES (1506, 80, 'йҮҮиҙӯйҖҖиҙ§еҮәеә“', '80', 'erp_stock_record_biz_type', 0, '', '', '', '1', '2024-02-16 13:10:17', '1',
        '2024-02-16 13:10:17', b'0');
INSERT INTO `system_dict_data`
VALUES (1507, 81, 'йҮҮиҙӯйҖҖиҙ§еҮәеә“пјҲдҪңеәҹпјү', '81', 'erp_stock_record_biz_type', 0, 'danger', '', '', '1',
        '2024-02-16 13:10:26', '1', '2024-02-16 19:40:33', b'0');
INSERT INTO `system_dict_data`
VALUES (1509, 3, 'е®Ўжү№дёҚйҖҡиҝҮ', '3', 'bpm_process_instance_status', 0, 'danger', '', '', '1', '2024-03-16 16:12:06', '1',
        '2024-03-16 16:12:06', b'0');
INSERT INTO `system_dict_data`
VALUES (1510, 4, 'е·ІеҸ–ж¶Ҳ', '4', 'bpm_process_instance_status', 0, 'warning', '', '', '1', '2024-03-16 16:12:22', '1',
        '2024-03-16 16:12:22', b'0');
INSERT INTO `system_dict_data`
VALUES (1511, 5, 'е·ІйҖҖеӣһ', '5', 'bpm_task_status', 0, 'warning', '', '', '1', '2024-03-16 19:10:46', '1',
        '2024-03-08 22:41:40', b'0');
INSERT INTO `system_dict_data`
VALUES (1512, 6, 'е§”жҙҫдёӯ', '6', 'bpm_task_status', 0, 'primary', '', '', '1', '2024-03-17 10:06:22', '1',
        '2024-03-08 22:41:40', b'0');
INSERT INTO `system_dict_data`
VALUES (1513, 7, 'е®Ўжү№йҖҡиҝҮдёӯ', '7', 'bpm_task_status', 0, 'success', '', '', '1', '2024-03-17 10:06:47', '1',
        '2024-03-08 22:41:41', b'0');
INSERT INTO `system_dict_data`
VALUES (1514, 0, 'еҫ…е®Ўжү№', '0', 'bpm_task_status', 0, 'info', '', '', '1', '2024-03-17 10:07:11', '1',
        '2024-03-08 22:41:42', b'0');
INSERT INTO `system_dict_data`
VALUES (1515, 35, 'еҸ‘иө·дәәиҮӘйҖү', '35', 'bpm_task_candidate_strategy', 0, '', '', '', '1', '2024-03-22 19:45:16', '1',
        '2024-03-22 19:45:16', b'0');
INSERT INTO `system_dict_data`
VALUES (1516, 1, 'жү§иЎҢзӣ‘еҗ¬еҷЁ', 'execution', 'bpm_process_listener_type', 0, 'primary', '', '', '1',
        '2024-03-23 12:54:03', '1', '2024-03-23 19:14:19', b'0');
INSERT INTO `system_dict_data`
VALUES (1517, 1, 'д»»еҠЎзӣ‘еҗ¬еҷЁ', 'task', 'bpm_process_listener_type', 0, 'success', '', '', '1', '2024-03-23 12:54:13',
        '1', '2024-03-23 19:14:24', b'0');
INSERT INTO `system_dict_data`
VALUES (1526, 1, 'Java зұ»', 'class', 'bpm_process_listener_value_type', 0, 'primary', '', '', '1',
        '2024-03-23 15:08:45', '1', '2024-03-23 19:14:32', b'0');
INSERT INTO `system_dict_data`
VALUES (1527, 2, 'иЎЁиҫҫејҸ', 'expression', 'bpm_process_listener_value_type', 0, 'success', '', '', '1',
        '2024-03-23 15:09:06', '1', '2024-03-23 19:14:38', b'0');
INSERT INTO `system_dict_data`
VALUES (1528, 3, 'д»ЈзҗҶиЎЁиҫҫејҸ', 'delegateExpression', 'bpm_process_listener_value_type', 0, 'info', '', '', '1',
        '2024-03-23 15:11:23', '1', '2024-03-23 19:14:41', b'0');
INSERT INTO `system_dict_data`
VALUES (1529, 1, 'еӨ©', '1', 'date_interval', 0, '', '', '', '1', '2024-03-29 22:50:26', '1', '2024-03-29 22:50:26',
        b'0');
INSERT INTO `system_dict_data`
VALUES (1530, 2, 'е‘Ё', '2', 'date_interval', 0, '', '', '', '1', '2024-03-29 22:50:36', '1', '2024-03-29 22:50:36',
        b'0');
INSERT INTO `system_dict_data`
VALUES (1531, 3, 'жңҲ', '3', 'date_interval', 0, '', '', '', '1', '2024-03-29 22:50:46', '1', '2024-03-29 22:50:54',
        b'0');
INSERT INTO `system_dict_data`
VALUES (1532, 4, 'еӯЈеәҰ', '4', 'date_interval', 0, '', '', '', '1', '2024-03-29 22:51:01', '1', '2024-03-29 22:51:01',
        b'0');
INSERT INTO `system_dict_data`
VALUES (1533, 5, 'е№ҙ', '5', 'date_interval', 0, '', '', '', '1', '2024-03-29 22:51:07', '1', '2024-03-29 22:51:07',
        b'0');
INSERT INTO `system_dict_data`
VALUES (1534, 1, 'иөўеҚ•', '1', 'crm_business_end_status_type', 0, 'success', '', '', '1', '2024-04-13 23:26:57', '1',
        '2024-04-13 23:26:57', b'0');
INSERT INTO `system_dict_data`
VALUES (1535, 2, 'иҫ“еҚ•', '2', 'crm_business_end_status_type', 0, 'primary', '', '', '1', '2024-04-13 23:27:31', '1',
        '2024-04-13 23:27:31', b'0');
INSERT INTO `system_dict_data`
VALUES (1536, 3, 'ж— ж•Ҳ', '3', 'crm_business_end_status_type', 0, 'info', '', '', '1', '2024-04-13 23:27:59', '1',
        '2024-04-13 23:27:59', b'0');
INSERT INTO `system_dict_data`
VALUES (1537, 1, 'OpenAI', 'OpenAI', 'ai_platform', 0, '', '', '', '1', '2024-05-09 22:33:47', '1',
        '2024-05-09 22:58:46', b'0');
INSERT INTO `system_dict_data`
VALUES (1538, 2, 'Ollama', 'Ollama', 'ai_platform', 0, '', '', '', '1', '2024-05-17 23:02:55', '1',
        '2024-05-17 23:02:55', b'0');
INSERT INTO `system_dict_data`
VALUES (1539, 3, 'ж–ҮеҝғдёҖиЁҖ', 'YiYan', 'ai_platform', 0, '', '', '', '1', '2024-05-18 09:24:20', '1',
        '2024-05-18 09:29:01', b'0');
INSERT INTO `system_dict_data`
VALUES (1540, 4, 'и®ҜйЈһжҳҹзҒ«', 'XingHuo', 'ai_platform', 0, '', '', '', '1', '2024-05-18 10:08:56', '1',
        '2024-05-18 10:08:56', b'0');
INSERT INTO `system_dict_data`
VALUES (1541, 5, 'йҖҡд№үеҚғй—®', 'TongYi', 'ai_platform', 0, '', '', '', '1', '2024-05-18 10:32:29', '1',
        '2024-07-06 15:42:29', b'0');
INSERT INTO `system_dict_data`
VALUES (1542, 6, 'StableDiffusion', 'StableDiffusion', 'ai_platform', 0, '', '', '', '1', '2024-06-01 15:09:31', '1',
        '2024-06-01 15:10:25', b'0');
INSERT INTO `system_dict_data`
VALUES (1543, 10, 'иҝӣиЎҢдёӯ', '10', 'ai_image_status', 0, 'primary', '', '', '1', '2024-06-26 20:51:41', '1',
        '2024-06-26 20:52:48', b'0');
INSERT INTO `system_dict_data`
VALUES (1544, 20, 'е·Іе®ҢжҲҗ', '20', 'ai_image_status', 0, 'success', '', '', '1', '2024-06-26 20:52:07', '1',
        '2024-06-26 20:52:41', b'0');
INSERT INTO `system_dict_data`
VALUES (1545, 30, 'е·ІеӨұиҙҘ', '30', 'ai_image_status', 0, 'warning', '', '', '1', '2024-06-26 20:52:25', '1',
        '2024-06-26 20:52:35', b'0');
INSERT INTO `system_dict_data`
VALUES (1546, 7, 'Midjourney', 'Midjourney', 'ai_platform', 0, '', '', '', '1', '2024-06-26 22:14:46', '1',
        '2024-06-26 22:14:46', b'0');
INSERT INTO `system_dict_data`
VALUES (1547, 10, 'иҝӣиЎҢдёӯ', '10', 'ai_music_status', 0, 'primary', '', '', '1', '2024-06-27 22:45:22', '1',
        '2024-06-28 00:56:17', b'0');
INSERT INTO `system_dict_data`
VALUES (1548, 20, 'е·Іе®ҢжҲҗ', '20', 'ai_music_status', 0, 'success', '', '', '1', '2024-06-27 22:45:33', '1',
        '2024-06-28 00:56:18', b'0');
INSERT INTO `system_dict_data`
VALUES (1549, 30, 'е·ІеӨұиҙҘ', '30', 'ai_music_status', 0, 'danger', '', '', '1', '2024-06-27 22:45:44', '1',
        '2024-06-28 00:56:19', b'0');
INSERT INTO `system_dict_data`
VALUES (1550, 1, 'жӯҢиҜҚжЁЎејҸ', '1', 'ai_generate_mode', 0, '', '', '', '1', '2024-06-27 22:46:31', '1',
        '2024-06-28 01:22:25', b'0');
INSERT INTO `system_dict_data`
VALUES (1551, 2, 'жҸҸиҝ°жЁЎејҸ', '2', 'ai_generate_mode', 0, '', '', '', '1', '2024-06-27 22:46:37', '1',
        '2024-06-28 01:22:24', b'0');
INSERT INTO `system_dict_data`
VALUES (1552, 8, 'Suno', 'Suno', 'ai_platform', 0, '', '', '', '1', '2024-06-29 09:13:36', '1', '2024-06-29 09:13:41',
        b'0');
INSERT INTO `system_dict_data`
VALUES (1553, 9, 'DeepSeek', 'DeepSeek', 'ai_platform', 0, '', '', '', '1', '2024-07-06 12:04:30', '1',
        '2024-07-06 12:05:20', b'0');
INSERT INTO `system_dict_data`
VALUES (1554, 13, 'жҷәи°ұ', 'ZhiPu', 'ai_platform', 0, '', '', '', '1', '2024-07-06 18:00:35', '1', '2025-02-24 20:18:41',
        b'0');
INSERT INTO `system_dict_data`
VALUES (1555, 4, 'й•ҝ', '4', 'ai_write_length', 0, '', '', '', '1', '2024-07-07 15:49:03', '1', '2024-07-07 15:49:03',
        b'0');
INSERT INTO `system_dict_data`
VALUES (1556, 5, 'ж®өиҗҪ', '5', 'ai_write_format', 0, '', '', '', '1', '2024-07-07 15:49:54', '1', '2024-07-07 15:49:54',
        b'0');
INSERT INTO `system_dict_data`
VALUES (1557, 6, 'ж–Үз« ', '6', 'ai_write_format', 0, '', '', '', '1', '2024-07-07 15:50:05', '1', '2024-07-07 15:50:05',
        b'0');
INSERT INTO `system_dict_data`
VALUES (1558, 7, 'еҚҡе®ўж–Үз« ', '7', 'ai_write_format', 0, '', '', '', '1', '2024-07-07 15:50:23', '1',
        '2024-07-07 15:50:23', b'0');
INSERT INTO `system_dict_data`
VALUES (1559, 8, 'жғіжі•', '8', 'ai_write_format', 0, '', '', '', '1', '2024-07-07 15:50:31', '1', '2024-07-07 15:50:31',
        b'0');
INSERT INTO `system_dict_data`
VALUES (1560, 9, 'еӨ§зәІ', '9', 'ai_write_format', 0, '', '', '', '1', '2024-07-07 15:50:37', '1', '2024-07-07 15:50:37',
        b'0');
INSERT INTO `system_dict_data`
VALUES (1561, 1, 'иҮӘеҠЁ', '1', 'ai_write_tone', 0, '', '', '', '1', '2024-07-07 15:51:06', '1', '2024-07-07 15:51:06',
        b'0');
INSERT INTO `system_dict_data`
VALUES (1562, 2, 'еҸӢе–„', '2', 'ai_write_tone', 0, '', '', '', '1', '2024-07-07 15:51:19', '1', '2024-07-07 15:51:19',
        b'0');
INSERT INTO `system_dict_data`
VALUES (1563, 3, 'йҡҸж„Ҹ', '3', 'ai_write_tone', 0, '', '', '', '1', '2024-07-07 15:51:27', '1', '2024-07-07 15:51:27',
        b'0');
INSERT INTO `system_dict_data`
VALUES (1564, 4, 'еҸӢеҘҪ', '4', 'ai_write_tone', 0, '', '', '', '1', '2024-07-07 15:51:37', '1', '2024-07-07 15:51:37',
        b'0');
INSERT INTO `system_dict_data`
VALUES (1565, 5, 'дё“дёҡ', '5', 'ai_write_tone', 0, '', '', '', '1', '2024-07-07 15:51:49', '1', '2024-07-07 15:52:02',
        b'0');
INSERT INTO `system_dict_data`
VALUES (1566, 6, 'иҜҷи°җ', '6', 'ai_write_tone', 0, '', '', '', '1', '2024-07-07 15:52:15', '1', '2024-07-07 15:52:15',
        b'0');
INSERT INTO `system_dict_data`
VALUES (1567, 7, 'жңүи¶Ј', '7', 'ai_write_tone', 0, '', '', '', '1', '2024-07-07 15:52:24', '1', '2024-07-07 15:52:24',
        b'0');
INSERT INTO `system_dict_data`
VALUES (1568, 8, 'жӯЈејҸ', '8', 'ai_write_tone', 0, '', '', '', '1', '2024-07-07 15:54:33', '1', '2024-07-07 15:54:33',
        b'0');
INSERT INTO `system_dict_data`
VALUES (1569, 5, 'ж®өиҗҪ', '5', 'ai_write_format', 0, '', '', '', '1', '2024-07-07 15:49:54', '1', '2024-07-07 15:49:54',
        b'0');
INSERT INTO `system_dict_data`
VALUES (1570, 1, 'иҮӘеҠЁ', '1', 'ai_write_format', 0, '', '', '', '1', '2024-07-07 15:19:34', '1', '2024-07-07 15:19:34',
        b'0');
INSERT INTO `system_dict_data`
VALUES (1571, 2, 'з”өеӯҗйӮ®д»¶', '2', 'ai_write_format', 0, '', '', '', '1', '2024-07-07 15:19:50', '1',
        '2024-07-07 15:49:30', b'0');
INSERT INTO `system_dict_data`
VALUES (1572, 3, 'ж¶ҲжҒҜ', '3', 'ai_write_format', 0, '', '', '', '1', '2024-07-07 15:20:01', '1', '2024-07-07 15:49:38',
        b'0');
INSERT INTO `system_dict_data`
VALUES (1573, 4, 'иҜ„и®ә', '4', 'ai_write_format', 0, '', '', '', '1', '2024-07-07 15:20:13', '1', '2024-07-07 15:49:45',
        b'0');
INSERT INTO `system_dict_data`
VALUES (1574, 1, 'иҮӘеҠЁ', '1', 'ai_write_language', 0, '', '', '', '1', '2024-07-07 15:44:18', '1',
        '2024-07-07 15:44:18', b'0');
INSERT INTO `system_dict_data`
VALUES (1575, 2, 'дёӯж–Ү', '2', 'ai_write_language', 0, '', '', '', '1', '2024-07-07 15:44:28', '1',
        '2024-07-07 15:44:28', b'0');
INSERT INTO `system_dict_data`
VALUES (1576, 3, 'иӢұж–Ү', '3', 'ai_write_language', 0, '', '', '', '1', '2024-07-07 15:44:37', '1',
        '2024-07-07 15:44:37', b'0');
INSERT INTO `system_dict_data`
VALUES (1577, 4, 'йҹ©иҜӯ', '4', 'ai_write_language', 0, '', '', '', '1', '2024-07-07 15:46:28', '1',
        '2024-07-07 15:46:28', b'0');
INSERT INTO `system_dict_data`
VALUES (1578, 5, 'ж—ҘиҜӯ', '5', 'ai_write_language', 0, '', '', '', '1', '2024-07-07 15:46:44', '1',
        '2024-07-07 15:46:44', b'0');
INSERT INTO `system_dict_data`
VALUES (1579, 1, 'иҮӘеҠЁ', '1', 'ai_write_length', 0, '', '', '', '1', '2024-07-07 15:48:34', '1', '2024-07-07 15:48:34',
        b'0');
INSERT INTO `system_dict_data`
VALUES (1580, 2, 'зҹӯ', '2', 'ai_write_length', 0, '', '', '', '1', '2024-07-07 15:48:44', '1', '2024-07-07 15:48:44',
        b'0');
INSERT INTO `system_dict_data`
VALUES (1581, 3, 'дёӯзӯү', '3', 'ai_write_length', 0, '', '', '', '1', '2024-07-07 15:48:52', '1', '2024-07-07 15:48:52',
        b'0');
INSERT INTO `system_dict_data`
VALUES (1582, 4, 'й•ҝ', '4', 'ai_write_length', 0, '', '', '', '1', '2024-07-07 15:49:03', '1', '2024-07-07 15:49:03',
        b'0');
INSERT INTO `system_dict_data`
VALUES (1584, 1, 'ж’°еҶҷ', '1', 'ai_write_type', 0, '', '', '', '1', '2024-07-10 21:26:00', '1', '2024-07-10 21:26:00',
        b'0');
INSERT INTO `system_dict_data`
VALUES (1585, 2, 'еӣһеӨҚ', '2', 'ai_write_type', 0, '', '', '', '1', '2024-07-10 21:26:06', '1', '2024-07-10 21:26:06',
        b'0');
INSERT INTO `system_dict_data`
VALUES (1586, 2, 'и…ҫи®Ҝдә‘', 'TENCENT', 'system_sms_channel_code', 0, '', '', '', '1', '2024-07-22 22:23:16', '1',
        '2024-07-22 22:23:16', b'0');
INSERT INTO `system_dict_data`
VALUES (1587, 3, 'еҚҺдёәдә‘', 'HUAWEI', 'system_sms_channel_code', 0, '', '', '', '1', '2024-07-22 22:23:46', '1',
        '2024-07-22 22:23:53', b'0');
INSERT INTO `system_dict_data`
VALUES (1588, 1, 'OpenAI еҫ®иҪҜ', 'AzureOpenAI', 'ai_platform', 0, '', '', '', '1', '2024-08-10 14:07:41', '1',
        '2024-08-10 14:07:41', b'0');
INSERT INTO `system_dict_data`
VALUES (1589, 10, 'BPMN и®ҫи®ЎеҷЁ', '10', 'bpm_model_type', 0, 'primary', '', '', '1', '2024-08-26 15:22:17', '1',
        '2024-08-26 16:46:02', b'0');
INSERT INTO `system_dict_data`
VALUES (1590, 20, 'SIMPLE и®ҫи®ЎеҷЁ', '20', 'bpm_model_type', 0, 'success', '', '', '1', '2024-08-26 15:22:27', '1',
        '2024-08-26 16:45:58', b'0');
INSERT INTO `system_dict_data`
VALUES (1591, 4, 'дёғзүӣдә‘', 'QINIU', 'system_sms_channel_code', 0, '', '', '', '1', '2024-08-31 08:45:03', '1',
        '2024-08-31 08:45:24', b'0');
INSERT INTO `system_dict_data`
VALUES (1592, 3, 'ж–°дәәеҲё', '3', 'promotion_coupon_take_type', 0, 'info', '', 'ж–°дәәжіЁеҶҢеҗҺпјҢиҮӘеҠЁеҸ‘ж”ҫ', '1',
        '2024-09-03 11:57:16', '1', '2024-09-03 11:57:28', b'0');
INSERT INTO `system_dict_data`
VALUES (1593, 5, 'еҫ®дҝЎйӣ¶й’ұ', '5', 'brokerage_withdraw_type', 0, '', '', 'API жү“ж¬ҫ', '1', '2024-10-13 11:06:48', '1',
        '2025-05-10 08:24:55', b'0');
INSERT INTO `system_dict_data`
VALUES (1683, 10, 'еӯ—иҠӮиұҶеҢ…', 'DouBao', 'ai_platform', 0, '', '', '', '1', '2025-02-23 19:51:40', '1',
        '2025-02-23 19:52:02', b'0');
INSERT INTO `system_dict_data`
VALUES (1684, 11, 'и…ҫи®Ҝж··е…ғ', 'HunYuan', 'ai_platform', 0, '', '', '', '1', '2025-02-23 20:58:04', '1',
        '2025-02-23 20:58:04', b'0');
INSERT INTO `system_dict_data`
VALUES (1685, 12, 'зЎ…еҹәжөҒеҠЁ', 'SiliconFlow', 'ai_platform', 0, '', '', '', '1', '2025-02-24 20:19:09', '1',
        '2025-02-24 20:19:09', b'0');
INSERT INTO `system_dict_data`
VALUES (1686, 1, 'иҒҠеӨ©', '1', 'ai_model_type', 0, '', '', '', '1', '2025-03-03 12:26:34', '1', '2025-03-03 12:26:34',
        b'0');
INSERT INTO `system_dict_data`
VALUES (1687, 2, 'еӣҫеғҸ', '2', 'ai_model_type', 0, '', '', '', '1', '2025-03-03 12:27:23', '1', '2025-03-03 12:27:23',
        b'0');
INSERT INTO `system_dict_data`
VALUES (1688, 3, 'йҹійў‘', '3', 'ai_model_type', 0, '', '', '', '1', '2025-03-03 12:27:51', '1', '2025-03-03 12:27:51',
        b'0');
INSERT INTO `system_dict_data`
VALUES (1689, 4, 'и§Ҷйў‘', '4', 'ai_model_type', 0, '', '', '', '1', '2025-03-03 12:28:03', '1', '2025-03-03 12:28:03',
        b'0');
INSERT INTO `system_dict_data`
VALUES (1690, 5, 'еҗ‘йҮҸ', '5', 'ai_model_type', 0, '', '', '', '1', '2025-03-03 12:28:15', '1', '2025-03-03 12:28:15',
        b'0');
INSERT INTO `system_dict_data`
VALUES (1691, 6, 'йҮҚжҺ’', '6', 'ai_model_type', 0, '', '', '', '1', '2025-03-03 12:28:26', '1', '2025-03-03 12:28:26',
        b'0');
INSERT INTO `system_dict_data`
VALUES (1692, 14, 'MiniMax', 'MiniMax', 'ai_platform', 0, '', '', '', '1', '2025-03-11 20:04:51', '1',
        '2025-03-11 20:04:51', b'0');
INSERT INTO `system_dict_data`
VALUES (1693, 15, 'жңҲд№Ӣжҡ—йқў', 'Moonshot', 'ai_platform', 0, '', '', '', '1', '2025-03-11 20:05:08', '1',
        '2025-11-24 07:17:39', b'0');
INSERT INTO `system_dict_data`
VALUES (2002, 0, 'зӣҙиҝһи®ҫеӨҮ', '0', 'iot_product_device_type', 0, 'default', '', '', '1', '2024-08-10 11:54:58', '1',
        '2025-03-17 09:28:22', b'0');
INSERT INTO `system_dict_data`
VALUES (2003, 2, 'зҪ‘е…іи®ҫеӨҮ', '2', 'iot_product_device_type', 0, 'default', '', '', '1', '2024-08-10 11:55:08', '1',
        '2025-03-17 09:28:28', b'0');
INSERT INTO `system_dict_data`
VALUES (2004, 1, 'зҪ‘е…іеӯҗи®ҫеӨҮ', '1', 'iot_product_device_type', 0, 'default', '', '', '1', '2024-08-10 11:55:20', '1',
        '2025-03-17 09:28:31', b'0');
INSERT INTO `system_dict_data`
VALUES (2005, 1, 'е·ІеҸ‘еёғ', '1', 'iot_product_status', 0, 'success', '', '', '1', '2024-08-10 12:10:33', '1',
        '2025-03-17 09:28:34', b'0');
INSERT INTO `system_dict_data`
VALUES (2006, 0, 'ејҖеҸ‘дёӯ', '0', 'iot_product_status', 0, 'default', '', '', '1', '2024-08-10 14:19:18', '1',
        '2025-03-17 09:28:39', b'0');
INSERT INTO `system_dict_data`
VALUES (2009, 0, 'Wi-Fi', '0', 'iot_net_type', 0, '', '', '', '1', '2024-09-06 22:04:47', '1', '2025-03-17 09:28:47',
        b'0');
INSERT INTO `system_dict_data`
VALUES (2010, 1, 'з§»еҠЁзҪ‘з»ң', '1', 'iot_net_type', 0, '', '', '', '1', '2024-09-06 22:05:14', '1', '2025-06-12 23:27:19',
        b'0');
INSERT INTO `system_dict_data`
VALUES (2011, 2, 'д»ҘеӨӘзҪ‘', '2', 'iot_net_type', 0, '', '', '', '1', '2024-09-06 22:05:35', '1', '2025-03-17 09:28:51',
        b'0');
INSERT INTO `system_dict_data`
VALUES (2012, 3, 'е…¶д»–', '3', 'iot_net_type', 0, '', '', '', '1', '2024-09-06 22:05:52', '1', '2025-03-17 09:28:54',
        b'0');
INSERT INTO `system_dict_data`
VALUES (2018, 0, 'жңӘжҝҖжҙ»', '0', 'iot_device_state', 0, '', '', '', '1', '2024-09-21 08:13:34', '1',
        '2025-03-17 09:29:09', b'0');
INSERT INTO `system_dict_data`
VALUES (2019, 1, 'еңЁзәҝ', '1', 'iot_device_state', 0, '', '', '', '1', '2024-09-21 08:13:48', '1', '2025-03-17 09:29:12',
        b'0');
INSERT INTO `system_dict_data`
VALUES (2020, 2, 'зҰ»зәҝ', '2', 'iot_device_state', 0, '', '', '', '1', '2024-09-21 08:13:59', '1', '2025-03-17 09:29:14',
        b'0');
INSERT INTO `system_dict_data`
VALUES (2021, 1, 'еұһжҖ§', '1', 'iot_thing_model_type', 0, '', '', '', '1', '2024-09-29 20:03:01', '1',
        '2025-03-17 09:29:24', b'0');
INSERT INTO `system_dict_data`
VALUES (2022, 2, 'жңҚеҠЎ', '2', 'iot_thing_model_type', 0, '', '', '', '1', '2024-09-29 20:03:11', '1',
        '2025-03-17 09:29:27', b'0');
INSERT INTO `system_dict_data`
VALUES (2023, 3, 'дәӢд»¶', '3', 'iot_thing_model_type', 0, '', '', '', '1', '2024-09-29 20:03:20', '1',
        '2025-03-17 09:29:29', b'0');
INSERT INTO `system_dict_data`
VALUES (2030, 1, 'еҚҮжҜҸеҲҶй’ҹ', 'L/min', 'iot_thing_model_unit', 0, '', '', '', '1', '2024-12-13 11:08:41', '1',
        '2025-03-17 09:34:24', b'0');
INSERT INTO `system_dict_data`
VALUES (2031, 2, 'жҜ«е…ӢжҜҸеҚғе…Ӣ', 'mg/kg', 'iot_thing_model_unit', 0, '', '', '', '1', '2024-12-13 11:08:41', '1',
        '2025-03-17 09:34:27', b'0');
INSERT INTO `system_dict_data`
VALUES (2032, 3, 'жөҠеәҰ', 'NTU', 'iot_thing_model_unit', 0, '', '', '', '1', '2024-12-13 11:08:41', '1',
        '2025-03-17 09:34:31', b'0');
INSERT INTO `system_dict_data`
VALUES (2033, 4, 'PHеҖј', 'pH', 'iot_thing_model_unit', 0, '', '', '', '1', '2024-12-13 11:08:41', '1',
        '2025-03-17 09:34:36', b'0');
INSERT INTO `system_dict_data`
VALUES (2034, 5, 'еңҹеЈӨECеҖј', 'dS/m', 'iot_thing_model_unit', 0, '', '', '', '1', '2024-12-13 11:08:41', '1',
        '2025-03-17 09:34:43', b'0');
INSERT INTO `system_dict_data`
VALUES (2035, 6, 'еӨӘйҳіжҖ»иҫҗе°„', 'W/гҺЎ', 'iot_thing_model_unit', 0, '', '', '', '1', '2024-12-13 11:08:41', '1',
        '2025-03-17 09:36:20', b'0');
INSERT INTO `system_dict_data`
VALUES (2036, 7, 'йҷҚйӣЁйҮҸ', 'mm/hour', 'iot_thing_model_unit', 0, '', '', '', '1', '2024-12-13 11:08:41', '1',
        '2025-03-17 09:36:24', b'0');
INSERT INTO `system_dict_data`
VALUES (2037, 8, 'д№Ҹ', 'var', 'iot_thing_model_unit', 0, '', '', '', '1', '2024-12-13 11:08:41', '1',
        '2025-03-17 09:36:27', b'0');
INSERT INTO `system_dict_data`
VALUES (2038, 9, 'еҺҳжіҠ', 'cP', 'iot_thing_model_unit', 0, '', '', '', '1', '2024-12-13 11:08:41', '1',
        '2025-03-17 09:36:33', b'0');
INSERT INTO `system_dict_data`
VALUES (2039, 10, 'йҘұе’ҢеәҰ', 'aw', 'iot_thing_model_unit', 0, '', '', '', '1', '2024-12-13 11:08:41', '1',
        '2025-03-17 09:37:11', b'0');
INSERT INTO `system_dict_data`
VALUES (2040, 11, 'дёӘ', 'pcs', 'iot_thing_model_unit', 0, '', '', '', '1', '2024-12-13 11:08:41', '1',
        '2025-03-17 09:37:19', b'0');
INSERT INTO `system_dict_data`
VALUES (2041, 12, 'еҺҳж–Ҝ', 'cst', 'iot_thing_model_unit', 0, '', '', '', '1', '2024-12-13 11:08:41', '1',
        '2025-03-17 09:37:22', b'0');
INSERT INTO `system_dict_data`
VALUES (2042, 13, 'е·ҙ', 'bar', 'iot_thing_model_unit', 0, '', '', '', '1', '2024-12-13 11:08:41', '1',
        '2025-03-17 09:37:24', b'0');
INSERT INTO `system_dict_data`
VALUES (2043, 14, 'зәіе…ӢжҜҸеҚҮ', 'ppt', 'iot_thing_model_unit', 0, '', '', '', '1', '2024-12-13 11:08:41', '1',
        '2025-03-17 09:37:27', b'0');
INSERT INTO `system_dict_data`
VALUES (2044, 15, 'еҫ®е…ӢжҜҸеҚҮ', 'ppb', 'iot_thing_model_unit', 0, '', '', '', '1', '2024-12-13 11:08:41', '1',
        '2025-03-17 09:37:31', b'0');
INSERT INTO `system_dict_data`
VALUES (2045, 16, 'еҫ®иҘҝжҜҸеҺҳзұі', 'uS/cm', 'iot_thing_model_unit', 0, '', '', '', '1', '2024-12-13 11:08:41', '1',
        '2025-03-17 09:37:34', b'0');
INSERT INTO `system_dict_data`
VALUES (2046, 17, 'зүӣйЎҝжҜҸеә“д»‘', 'N/C', 'iot_thing_model_unit', 0, '', '', '', '1', '2024-12-13 11:08:41', '1',
        '2025-03-17 09:37:38', b'0');
INSERT INTO `system_dict_data`
VALUES (2047, 18, 'дјҸзү№жҜҸзұі', 'V/m', 'iot_thing_model_unit', 0, '', '', '', '1', '2024-12-13 11:08:41', '1',
        '2025-03-17 09:37:43', b'0');
INSERT INTO `system_dict_data`
VALUES (2048, 19, 'ж»ҙйҖҹ', 'ml/min', 'iot_thing_model_unit', 0, '', '', '', '1', '2024-12-13 11:08:41', '1',
        '2025-03-17 09:37:46', b'0');
INSERT INTO `system_dict_data`
VALUES (2049, 20, 'жҜ«зұіжұһжҹұ', 'mmHg', 'iot_thing_model_unit', 0, '', '', '', '1', '2024-12-13 11:08:41', '1',
        '2025-03-17 09:37:48', b'0');
INSERT INTO `system_dict_data`
VALUES (2050, 21, 'иЎҖзі–', 'mmol/L', 'iot_thing_model_unit', 0, '', '', '', '1', '2024-12-13 11:08:41', '1',
        '2025-03-17 09:37:54', b'0');
INSERT INTO `system_dict_data`
VALUES (2051, 22, 'жҜ«зұіжҜҸз§’', 'mm/s', 'iot_thing_model_unit', 0, '', '', '', '1', '2024-12-13 11:08:41', '1',
        '2025-03-17 09:38:02', b'0');
INSERT INTO `system_dict_data`
VALUES (2052, 23, 'иҪ¬жҜҸеҲҶй’ҹ', 'turn/m', 'iot_thing_model_unit', 0, '', '', '', '1', '2024-12-13 11:08:41', '1',
        '2025-03-17 09:38:07', b'0');
INSERT INTO `system_dict_data`
VALUES (2053, 24, 'ж¬Ў', 'count', 'iot_thing_model_unit', 0, '', '', '', '1', '2024-12-13 11:08:41', '1',
        '2025-03-17 09:38:09', b'0');
INSERT INTO `system_dict_data`
VALUES (2054, 25, 'жЎЈ', 'gear', 'iot_thing_model_unit', 0, '', '', '', '1', '2024-12-13 11:08:41', '1',
        '2025-03-17 09:38:11', b'0');
INSERT INTO `system_dict_data`
VALUES (2055, 26, 'жӯҘ', 'stepCount', 'iot_thing_model_unit', 0, '', '', '', '1', '2024-12-13 11:08:41', '1',
        '2025-03-17 09:38:13', b'0');
INSERT INTO `system_dict_data`
VALUES (2056, 27, 'ж ҮеҮҶз«Ӣж–№зұіжҜҸе°Ҹж—¶', 'Nm3/h', 'iot_thing_model_unit', 0, '', '', '', '1', '2024-12-13 11:08:41', '1',
        '2025-03-17 09:38:15', b'0');
INSERT INTO `system_dict_data`
VALUES (2057, 28, 'еҚғдјҸ', 'kV', 'iot_thing_model_unit', 0, '', '', '', '1', '2024-12-13 11:08:41', '1',
        '2025-03-17 09:38:20', b'0');
INSERT INTO `system_dict_data`
VALUES (2058, 29, 'еҚғдјҸе®ү', 'kVA', 'iot_thing_model_unit', 0, '', '', '', '1', '2024-12-13 11:08:41', '1',
        '2025-03-17 09:38:24', b'0');
INSERT INTO `system_dict_data`
VALUES (2060, 30, 'еҚғд№Ҹ', 'kVar', 'iot_thing_model_unit', 0, '', '', '', '1', '2024-12-13 11:08:41', '1',
        '2025-03-17 09:40:46', b'0');
INSERT INTO `system_dict_data`
VALUES (2061, 31, 'еҫ®з“ҰжҜҸе№іж–№еҺҳзұі', 'uw/cm2', 'iot_thing_model_unit', 0, '', '', '', '1', '2024-12-13 11:08:41', '1',
        '2025-03-17 09:40:46', b'0');
INSERT INTO `system_dict_data`
VALUES (2062, 32, 'еҸӘ', 'еҸӘ', 'iot_thing_model_unit', 0, '', '', '', '1', '2024-12-13 11:08:41', '1',
        '2025-03-17 09:40:46', b'0');
INSERT INTO `system_dict_data`
VALUES (2063, 33, 'зӣёеҜ№ж№ҝеәҰ', '%RH', 'iot_thing_model_unit', 0, '', '', '', '1', '2024-12-13 11:08:41', '1',
        '2025-03-17 09:40:46', b'0');
INSERT INTO `system_dict_data`
VALUES (2064, 34, 'з«Ӣж–№зұіжҜҸз§’', 'mВі/s', 'iot_thing_model_unit', 0, '', '', '', '1', '2024-12-13 11:08:41', '1',
        '2025-03-17 09:40:46', b'0');
INSERT INTO `system_dict_data`
VALUES (2065, 35, 'е…¬ж–ӨжҜҸз§’', 'kg/s', 'iot_thing_model_unit', 0, '', '', '', '1', '2024-12-13 11:08:41', '1',
        '2025-03-17 09:40:46', b'0');
INSERT INTO `system_dict_data`
VALUES (2066, 36, 'иҪ¬жҜҸеҲҶй’ҹ', 'r/min', 'iot_thing_model_unit', 0, '', '', '', '1', '2024-12-13 11:08:41', '1',
        '2025-03-17 09:40:46', b'0');
INSERT INTO `system_dict_data`
VALUES (2067, 37, 'еҗЁжҜҸе°Ҹж—¶', 't/h', 'iot_thing_model_unit', 0, '', '', '', '1', '2024-12-13 11:08:41', '1',
        '2025-03-17 09:40:46', b'0');
INSERT INTO `system_dict_data`
VALUES (2068, 38, 'еҚғеҚЎжҜҸе°Ҹж—¶', 'KCL/h', 'iot_thing_model_unit', 0, '', '', '', '1', '2024-12-13 11:08:41', '1',
        '2025-03-17 09:40:46', b'0');
INSERT INTO `system_dict_data`
VALUES (2069, 39, 'еҚҮжҜҸз§’', 'L/s', 'iot_thing_model_unit', 0, '', '', '', '1', '2024-12-13 11:08:41', '1',
        '2025-03-17 09:40:46', b'0');
INSERT INTO `system_dict_data`
VALUES (2070, 40, 'е…Ҷеё•', 'Mpa', 'iot_thing_model_unit', 0, '', '', '', '1', '2024-12-13 11:08:41', '1',
        '2025-03-17 09:40:46', b'0');
INSERT INTO `system_dict_data`
VALUES (2071, 41, 'з«Ӣж–№зұіжҜҸе°Ҹж—¶', 'mВі/h', 'iot_thing_model_unit', 0, '', '', '', '1', '2024-12-13 11:08:41', '1',
        '2025-03-17 09:40:46', b'0');
INSERT INTO `system_dict_data`
VALUES (2072, 42, 'еҚғд№Ҹж—¶', 'kvarh', 'iot_thing_model_unit', 0, '', '', '', '1', '2024-12-13 11:08:41', '1',
        '2025-03-17 09:40:46', b'0');
INSERT INTO `system_dict_data`
VALUES (2073, 43, 'еҫ®е…ӢжҜҸеҚҮ', 'Ојg/L', 'iot_thing_model_unit', 0, '', '', '', '1', '2024-12-13 11:08:41', '1',
        '2025-03-17 09:40:46', b'0');
INSERT INTO `system_dict_data`
VALUES (2074, 44, 'еҚғеҚЎи·ҜйҮҢ', 'kcal', 'iot_thing_model_unit', 0, '', '', '', '1', '2024-12-13 11:08:41', '1',
        '2025-03-17 09:40:46', b'0');
INSERT INTO `system_dict_data`
VALUES (2075, 45, 'еҗүеӯ—иҠӮ', 'GB', 'iot_thing_model_unit', 0, '', '', '', '1', '2024-12-13 11:08:41', '1',
        '2025-03-17 09:40:46', b'0');
INSERT INTO `system_dict_data`
VALUES (2076, 46, 'е…Ҷеӯ—иҠӮ', 'MB', 'iot_thing_model_unit', 0, '', '', '', '1', '2024-12-13 11:08:41', '1',
        '2025-03-17 09:40:46', b'0');
INSERT INTO `system_dict_data`
VALUES (2077, 47, 'еҚғеӯ—иҠӮ', 'KB', 'iot_thing_model_unit', 0, '', '', '', '1', '2024-12-13 11:08:41', '1',
        '2025-03-17 09:40:46', b'0');
INSERT INTO `system_dict_data`
VALUES (2078, 48, 'еӯ—иҠӮ', 'B', 'iot_thing_model_unit', 0, '', '', '', '1', '2024-12-13 11:08:41', '1',
        '2025-03-17 09:40:46', b'0');
INSERT INTO `system_dict_data`
VALUES (2079, 49, 'еҫ®е…ӢжҜҸе№іж–№еҲҶзұіжҜҸеӨ©', 'Ојg/(dгҺЎВ·d)', 'iot_thing_model_unit', 0, '', '', '', '1', '2024-12-13 11:08:41',
        '1', '2025-03-17 09:40:46', b'0');
INSERT INTO `system_dict_data`
VALUES (2080, 50, 'ж— ', '', 'iot_thing_model_unit', 0, '', '', '', '1', '2024-12-13 11:08:41', '1',
        '2025-03-17 09:40:46', b'0');
INSERT INTO `system_dict_data`
VALUES (2081, 51, 'зҷҫдёҮеҲҶзҺҮ', 'ppm', 'iot_thing_model_unit', 0, '', '', '', '1', '2024-12-13 11:08:41', '1',
        '2025-03-17 09:40:46', b'0');
INSERT INTO `system_dict_data`
VALUES (2082, 52, 'еғҸзҙ ', 'pixel', 'iot_thing_model_unit', 0, '', '', '', '1', '2024-12-13 11:08:41', '1',
        '2025-03-17 09:40:46', b'0');
INSERT INTO `system_dict_data`
VALUES (2083, 53, 'з…§еәҰ', 'Lux', 'iot_thing_model_unit', 0, '', '', '', '1', '2024-12-13 11:08:41', '1',
        '2025-03-17 09:40:46', b'0');
INSERT INTO `system_dict_data`
VALUES (2084, 54, 'йҮҚеҠӣеҠ йҖҹеәҰ', 'grav', 'iot_thing_model_unit', 0, '', '', '', '1', '2024-12-13 11:08:41', '1',
        '2025-03-17 09:40:46', b'0');
INSERT INTO `system_dict_data`
VALUES (2085, 55, 'еҲҶиҙқ', 'dB', 'iot_thing_model_unit', 0, '', '', '', '1', '2024-12-13 11:08:41', '1',
        '2025-03-17 09:40:46', b'0');
INSERT INTO `system_dict_data`
VALUES (2086, 56, 'зҷҫеҲҶжҜ”', '%', 'iot_thing_model_unit', 0, '', '', '', '1', '2024-12-13 11:08:41', '1',
        '2025-03-17 09:40:46', b'0');
INSERT INTO `system_dict_data`
VALUES (2087, 57, 'жөҒжҳҺ', 'lm', 'iot_thing_model_unit', 0, '', '', '', '1', '2024-12-13 11:08:41', '1',
        '2025-03-17 09:40:46', b'0');
INSERT INTO `system_dict_data`
VALUES (2088, 58, 'жҜ”зү№', 'bit', 'iot_thing_model_unit', 0, '', '', '', '1', '2024-12-13 11:08:41', '1',
        '2025-03-17 09:40:46', b'0');
INSERT INTO `system_dict_data`
VALUES (2089, 59, 'е…ӢжҜҸжҜ«еҚҮ', 'g/mL', 'iot_thing_model_unit', 0, '', '', '', '1', '2024-12-13 11:08:41', '1',
        '2025-03-17 09:40:46', b'0');
INSERT INTO `system_dict_data`
VALUES (2090, 60, 'е…ӢжҜҸеҚҮ', 'g/L', 'iot_thing_model_unit', 0, '', '', '', '1', '2024-12-13 11:08:41', '1',
        '2025-03-17 09:40:46', b'0');
INSERT INTO `system_dict_data`
VALUES (2091, 61, 'жҜ«е…ӢжҜҸеҚҮ', 'mg/L', 'iot_thing_model_unit', 0, '', '', '', '1', '2024-12-13 11:08:41', '1',
        '2025-03-17 09:40:46', b'0');
INSERT INTO `system_dict_data`
VALUES (2092, 62, 'еҫ®е…ӢжҜҸз«Ӣж–№зұі', 'Ојg/mВі', 'iot_thing_model_unit', 0, '', '', '', '1', '2024-12-13 11:08:41', '1',
        '2025-03-17 09:40:46', b'0');
INSERT INTO `system_dict_data`
VALUES (2093, 63, 'жҜ«е…ӢжҜҸз«Ӣж–№зұі', 'mg/mВі', 'iot_thing_model_unit', 0, '', '', '', '1', '2024-12-13 11:08:41', '1',
        '2025-03-17 09:40:46', b'0');
INSERT INTO `system_dict_data`
VALUES (2094, 64, 'е…ӢжҜҸз«Ӣж–№зұі', 'g/mВі', 'iot_thing_model_unit', 0, '', '', '', '1', '2024-12-13 11:08:41', '1',
        '2025-03-17 09:40:46', b'0');
INSERT INTO `system_dict_data`
VALUES (2095, 65, 'еҚғе…ӢжҜҸз«Ӣж–№зұі', 'kg/mВі', 'iot_thing_model_unit', 0, '', '', '', '1', '2024-12-13 11:08:41', '1',
        '2025-03-17 09:40:46', b'0');
INSERT INTO `system_dict_data`
VALUES (2096, 66, 'зәіжі•', 'nF', 'iot_thing_model_unit', 0, '', '', '', '1', '2024-12-13 11:08:41', '1',
        '2025-03-17 09:40:46', b'0');
INSERT INTO `system_dict_data`
VALUES (2097, 67, 'зҡ®жі•', 'pF', 'iot_thing_model_unit', 0, '', '', '', '1', '2024-12-13 11:08:41', '1',
        '2025-03-17 09:40:46', b'0');
INSERT INTO `system_dict_data`
VALUES (2098, 68, 'еҫ®жі•', 'ОјF', 'iot_thing_model_unit', 0, '', '', '', '1', '2024-12-13 11:08:41', '1',
        '2025-03-17 09:40:46', b'0');
INSERT INTO `system_dict_data`
VALUES (2099, 69, 'жі•жӢү', 'F', 'iot_thing_model_unit', 0, '', '', '', '1', '2024-12-13 11:08:41', '1',
        '2025-03-17 09:40:46', b'0');
INSERT INTO `system_dict_data`
VALUES (2100, 70, 'ж¬§е§Ҷ', 'О©', 'iot_thing_model_unit', 0, '', '', '', '1', '2024-12-13 11:08:41', '1',
        '2025-03-17 09:40:46', b'0');
INSERT INTO `system_dict_data`
VALUES (2101, 71, 'еҫ®е®ү', 'ОјA', 'iot_thing_model_unit', 0, '', '', '', '1', '2024-12-13 11:08:41', '1',
        '2025-03-17 09:40:46', b'0');
INSERT INTO `system_dict_data`
VALUES (2102, 72, 'жҜ«е®ү', 'mA', 'iot_thing_model_unit', 0, '', '', '', '1', '2024-12-13 11:08:41', '1',
        '2025-03-17 09:40:46', b'0');
INSERT INTO `system_dict_data`
VALUES (2103, 73, 'еҚғе®ү', 'kA', 'iot_thing_model_unit', 0, '', '', '', '1', '2024-12-13 11:08:41', '1',
        '2025-03-17 09:40:46', b'0');
INSERT INTO `system_dict_data`
VALUES (2104, 74, 'е®үеҹ№', 'A', 'iot_thing_model_unit', 0, '', '', '', '1', '2024-12-13 11:08:41', '1',
        '2025-03-17 09:40:46', b'0');
INSERT INTO `system_dict_data`
VALUES (2105, 75, 'жҜ«дјҸ', 'mV', 'iot_thing_model_unit', 0, '', '', '', '1', '2024-12-13 11:08:41', '1',
        '2025-03-17 09:40:46', b'0');
INSERT INTO `system_dict_data`
VALUES (2106, 76, 'дјҸзү№', 'V', 'iot_thing_model_unit', 0, '', '', '', '1', '2024-12-13 11:08:41', '1',
        '2025-03-17 09:40:46', b'0');
INSERT INTO `system_dict_data`
VALUES (2107, 77, 'жҜ«з§’', 'ms', 'iot_thing_model_unit', 0, '', '', '', '1', '2024-12-13 11:08:41', '1',
        '2025-03-17 09:40:46', b'0');
INSERT INTO `system_dict_data`
VALUES (2108, 78, 'з§’', 's', 'iot_thing_model_unit', 0, '', '', '', '1', '2024-12-13 11:08:41', '1',
        '2025-03-17 09:40:46', b'0');
INSERT INTO `system_dict_data`
VALUES (2109, 79, 'еҲҶй’ҹ', 'min', 'iot_thing_model_unit', 0, '', '', '', '1', '2024-12-13 11:08:41', '1',
        '2025-03-17 09:40:46', b'0');
INSERT INTO `system_dict_data`
VALUES (2110, 80, 'е°Ҹж—¶', 'h', 'iot_thing_model_unit', 0, '', '', '', '1', '2024-12-13 11:08:41', '1',
        '2025-03-17 09:40:46', b'0');
INSERT INTO `system_dict_data`
VALUES (2111, 81, 'ж—Ҙ', 'day', 'iot_thing_model_unit', 0, '', '', '', '1', '2024-12-13 11:08:41', '1',
        '2025-03-17 09:40:46', b'0');
INSERT INTO `system_dict_data`
VALUES (2112, 82, 'е‘Ё', 'week', 'iot_thing_model_unit', 0, '', '', '', '1', '2024-12-13 11:08:41', '1',
        '2025-03-17 09:40:46', b'0');
INSERT INTO `system_dict_data`
VALUES (2113, 83, 'жңҲ', 'month', 'iot_thing_model_unit', 0, '', '', '', '1', '2024-12-13 11:08:41', '1',
        '2025-03-17 09:40:46', b'0');
INSERT INTO `system_dict_data`
VALUES (2114, 84, 'е№ҙ', 'year', 'iot_thing_model_unit', 0, '', '', '', '1', '2024-12-13 11:08:41', '1',
        '2025-03-17 09:40:46', b'0');
INSERT INTO `system_dict_data`
VALUES (2115, 85, 'иҠӮ', 'kn', 'iot_thing_model_unit', 0, '', '', '', '1', '2024-12-13 11:08:41', '1',
        '2025-03-17 09:40:46', b'0');
INSERT INTO `system_dict_data`
VALUES (2116, 86, 'еҚғзұіжҜҸе°Ҹж—¶', 'km/h', 'iot_thing_model_unit', 0, '', '', '', '1', '2024-12-13 11:08:41', '1',
        '2025-03-17 09:40:46', b'0');
INSERT INTO `system_dict_data`
VALUES (2117, 87, 'зұіжҜҸз§’', 'm/s', 'iot_thing_model_unit', 0, '', '', '', '1', '2024-12-13 11:08:41', '1',
        '2025-03-17 09:40:46', b'0');
INSERT INTO `system_dict_data`
VALUES (2118, 88, 'з§’', 'вҖі', 'iot_thing_model_unit', 0, '', '', '', '1', '2024-12-13 11:08:41', '1',
        '2025-03-17 09:40:46', b'0');
INSERT INTO `system_dict_data`
VALUES (2119, 89, 'еҲҶ', 'вҖІ', 'iot_thing_model_unit', 0, '', '', '', '1', '2024-12-13 11:08:41', '1',
        '2025-03-17 09:40:46', b'0');
INSERT INTO `system_dict_data`
VALUES (2120, 90, 'еәҰ', 'В°', 'iot_thing_model_unit', 0, '', '', '', '1', '2024-12-13 11:08:41', '1',
        '2025-03-17 09:40:46', b'0');
INSERT INTO `system_dict_data`
VALUES (2121, 91, 'еј§еәҰ', 'rad', 'iot_thing_model_unit', 0, '', '', '', '1', '2024-12-13 11:08:41', '1',
        '2025-03-17 09:40:46', b'0');
INSERT INTO `system_dict_data`
VALUES (2122, 92, 'иө«е…№', 'Hz', 'iot_thing_model_unit', 0, '', '', '', '1', '2024-12-13 11:08:41', '1',
        '2025-03-17 09:40:46', b'0');
INSERT INTO `system_dict_data`
VALUES (2123, 93, 'еҫ®з“Ұ', 'ОјW', 'iot_thing_model_unit', 0, '', '', '', '1', '2024-12-13 11:08:41', '1',
        '2025-03-17 09:40:46', b'0');
INSERT INTO `system_dict_data`
VALUES (2124, 94, 'жҜ«з“Ұ', 'mW', 'iot_thing_model_unit', 0, '', '', '', '1', '2024-12-13 11:08:41', '1',
        '2025-03-17 09:40:46', b'0');
INSERT INTO `system_dict_data`
VALUES (2125, 95, 'еҚғз“Ұзү№', 'kW', 'iot_thing_model_unit', 0, '', '', '', '1', '2024-12-13 11:08:41', '1',
        '2025-03-17 09:40:46', b'0');
INSERT INTO `system_dict_data`
VALUES (2126, 96, 'з“Ұзү№', 'W', 'iot_thing_model_unit', 0, '', '', '', '1', '2024-12-13 11:08:41', '1',
        '2025-03-17 09:40:46', b'0');
INSERT INTO `system_dict_data`
VALUES (2127, 97, 'еҚЎи·ҜйҮҢ', 'cal', 'iot_thing_model_unit', 0, '', '', '', '1', '2024-12-13 11:08:41', '1',
        '2025-03-17 09:40:46', b'0');
INSERT INTO `system_dict_data`
VALUES (2128, 98, 'еҚғз“Ұж—¶', 'kWВ·h', 'iot_thing_model_unit', 0, '', '', '', '1', '2024-12-13 11:08:41', '1',
        '2025-03-17 09:40:46', b'0');
INSERT INTO `system_dict_data`
VALUES (2129, 99, 'з“Ұж—¶', 'Wh', 'iot_thing_model_unit', 0, '', '', '', '1', '2024-12-13 11:08:41', '1',
        '2025-03-17 09:40:46', b'0');
INSERT INTO `system_dict_data`
VALUES (2130, 100, 'з”өеӯҗдјҸ', 'eV', 'iot_thing_model_unit', 0, '', '', '', '1', '2024-12-13 11:08:41', '1',
        '2025-03-17 09:40:46', b'0');
INSERT INTO `system_dict_data`
VALUES (2131, 101, 'еҚғз„Ұ', 'kJ', 'iot_thing_model_unit', 0, '', '', '', '1', '2024-12-13 11:08:41', '1',
        '2025-03-17 09:40:46', b'0');
INSERT INTO `system_dict_data`
VALUES (2132, 102, 'з„ҰиҖі', 'J', 'iot_thing_model_unit', 0, '', '', '', '1', '2024-12-13 11:08:41', '1',
        '2025-03-17 09:40:46', b'0');
INSERT INTO `system_dict_data`
VALUES (2133, 103, 'еҚҺж°ҸеәҰ', 'в„ү', 'iot_thing_model_unit', 0, '', '', '', '1', '2024-12-13 11:08:41', '1',
        '2025-03-17 09:40:46', b'0');
INSERT INTO `system_dict_data`
VALUES (2134, 104, 'ејҖе°”ж–Ү', 'K', 'iot_thing_model_unit', 0, '', '', '', '1', '2024-12-13 11:08:41', '1',
        '2025-03-17 09:40:46', b'0');
INSERT INTO `system_dict_data`
VALUES (2135, 105, 'еҗЁ', 't', 'iot_thing_model_unit', 0, '', '', '', '1', '2024-12-13 11:08:41', '1',
        '2025-03-17 09:40:46', b'0');
INSERT INTO `system_dict_data`
VALUES (2136, 106, 'ж‘„ж°ҸеәҰ', 'В°C', 'iot_thing_model_unit', 0, '', '', '', '1', '2024-12-13 11:08:41', '1',
        '2025-03-17 09:40:46', b'0');
INSERT INTO `system_dict_data`
VALUES (2137, 107, 'жҜ«её•', 'mPa', 'iot_thing_model_unit', 0, '', '', '', '1', '2024-12-13 11:08:41', '1',
        '2025-03-17 09:40:46', b'0');
INSERT INTO `system_dict_data`
VALUES (2138, 108, 'зҷҫеё•', 'hPa', 'iot_thing_model_unit', 0, '', '', '', '1', '2024-12-13 11:08:41', '1',
        '2025-03-17 09:40:46', b'0');
INSERT INTO `system_dict_data`
VALUES (2139, 109, 'еҚғеё•', 'kPa', 'iot_thing_model_unit', 0, '', '', '', '1', '2024-12-13 11:08:41', '1',
        '2025-03-17 09:40:46', b'0');
INSERT INTO `system_dict_data`
VALUES (2140, 110, 'её•ж–ҜеҚЎ', 'Pa', 'iot_thing_model_unit', 0, '', '', '', '1', '2024-12-13 11:08:41', '1',
        '2025-03-17 09:40:46', b'0');
INSERT INTO `system_dict_data`
VALUES (2141, 111, 'жҜ«е…Ӣ', 'mg', 'iot_thing_model_unit', 0, '', '', '', '1', '2024-12-13 11:08:41', '1',
        '2025-03-17 09:40:46', b'0');
INSERT INTO `system_dict_data`
VALUES (2142, 112, 'е…Ӣ', 'g', 'iot_thing_model_unit', 0, '', '', '', '1', '2024-12-13 11:08:41', '1',
        '2025-03-17 09:40:46', b'0');
INSERT INTO `system_dict_data`
VALUES (2143, 113, 'еҚғе…Ӣ', 'kg', 'iot_thing_model_unit', 0, '', '', '', '1', '2024-12-13 11:08:41', '1',
        '2025-03-17 09:40:46', b'0');
INSERT INTO `system_dict_data`
VALUES (2144, 114, 'зүӣ', 'N', 'iot_thing_model_unit', 0, '', '', '', '1', '2024-12-13 11:08:41', '1',
        '2025-03-17 09:40:46', b'0');
INSERT INTO `system_dict_data`
VALUES (2145, 115, 'жҜ«еҚҮ', 'mL', 'iot_thing_model_unit', 0, '', '', '', '1', '2024-12-13 11:08:41', '1',
        '2025-03-17 09:40:46', b'0');
INSERT INTO `system_dict_data`
VALUES (2146, 116, 'еҚҮ', 'L', 'iot_thing_model_unit', 0, '', '', '', '1', '2024-12-13 11:08:41', '1',
        '2025-03-17 09:40:46', b'0');
INSERT INTO `system_dict_data`
VALUES (2147, 117, 'з«Ӣж–№жҜ«зұі', 'mmВі', 'iot_thing_model_unit', 0, '', '', '', '1', '2024-12-13 11:08:41', '1',
        '2025-03-17 09:40:46', b'0');
INSERT INTO `system_dict_data`
VALUES (2148, 118, 'з«Ӣж–№еҺҳзұі', 'cmВі', 'iot_thing_model_unit', 0, '', '', '', '1', '2024-12-13 11:08:41', '1',
        '2025-03-17 09:40:46', b'0');
INSERT INTO `system_dict_data`
VALUES (2149, 119, 'з«Ӣж–№еҚғзұі', 'kmВі', 'iot_thing_model_unit', 0, '', '', '', '1', '2024-12-13 11:08:41', '1',
        '2025-03-17 09:40:46', b'0');
INSERT INTO `system_dict_data`
VALUES (2150, 120, 'з«Ӣж–№зұі', 'mВі', 'iot_thing_model_unit', 0, '', '', '', '1', '2024-12-13 11:08:41', '1',
        '2025-03-17 09:40:46', b'0');
INSERT INTO `system_dict_data`
VALUES (2151, 121, 'е…¬йЎ·', 'hгҺЎ', 'iot_thing_model_unit', 0, '', '', '', '1', '2024-12-13 11:08:41', '1',
        '2025-03-17 09:40:46', b'0');
INSERT INTO `system_dict_data`
VALUES (2152, 122, 'е№іж–№еҺҳзұі', 'cгҺЎ', 'iot_thing_model_unit', 0, '', '', '', '1', '2024-12-13 11:08:41', '1',
        '2025-03-17 09:40:46', b'0');
INSERT INTO `system_dict_data`
VALUES (2153, 123, 'е№іж–№жҜ«зұі', 'mгҺЎ', 'iot_thing_model_unit', 0, '', '', '', '1', '2024-12-13 11:08:41', '1',
        '2025-03-17 09:40:46', b'0');
INSERT INTO `system_dict_data`
VALUES (2154, 124, 'е№іж–№еҚғзұі', 'kгҺЎ', 'iot_thing_model_unit', 0, '', '', '', '1', '2024-12-13 11:08:41', '1',
        '2025-03-17 09:40:46', b'0');
INSERT INTO `system_dict_data`
VALUES (2155, 125, 'е№іж–№зұі', 'гҺЎ', 'iot_thing_model_unit', 0, '', '', '', '1', '2024-12-13 11:08:41', '1',
        '2025-03-17 09:40:46', b'0');
INSERT INTO `system_dict_data`
VALUES (2156, 126, 'зәізұі', 'nm', 'iot_thing_model_unit', 0, '', '', '', '1', '2024-12-13 11:08:41', '1',
        '2025-03-17 09:40:46', b'0');
INSERT INTO `system_dict_data`
VALUES (2157, 127, 'еҫ®зұі', 'Ојm', 'iot_thing_model_unit', 0, '', '', '', '1', '2024-12-13 11:08:41', '1',
        '2025-03-17 09:40:46', b'0');
INSERT INTO `system_dict_data`
VALUES (2158, 128, 'жҜ«зұі', 'mm', 'iot_thing_model_unit', 0, '', '', '', '1', '2024-12-13 11:08:41', '1',
        '2025-03-17 09:40:46', b'0');
INSERT INTO `system_dict_data`
VALUES (2159, 129, 'еҺҳзұі', 'cm', 'iot_thing_model_unit', 0, '', '', '', '1', '2024-12-13 11:08:41', '1',
        '2025-03-17 09:40:46', b'0');
INSERT INTO `system_dict_data`
VALUES (2160, 130, 'еҲҶзұі', 'dm', 'iot_thing_model_unit', 0, '', '', '', '1', '2024-12-13 11:08:41', '1',
        '2025-03-17 09:40:46', b'0');
INSERT INTO `system_dict_data`
VALUES (2161, 131, 'еҚғзұі', 'km', 'iot_thing_model_unit', 0, '', '', '', '1', '2024-12-13 11:08:41', '1',
        '2025-03-17 09:40:46', b'0');
INSERT INTO `system_dict_data`
VALUES (2162, 132, 'зұі', 'm', 'iot_thing_model_unit', 0, '', '', '', '1', '2024-12-13 11:08:41', '1',
        '2025-03-17 09:40:46', b'0');
INSERT INTO `system_dict_data`
VALUES (2165, 1, 'HTTP', '1', 'iot_data_sink_type_enum', 0, 'default', '', '', '1', '2025-03-09 12:39:54', '1',
        '2025-06-24 12:44:47', b'0');
INSERT INTO `system_dict_data`
VALUES (2166, 2, 'TCP', '2', 'iot_data_sink_type_enum', 0, 'default', '', '', '1', '2025-03-09 12:40:06', '1',
        '2025-06-24 12:44:46', b'0');
INSERT INTO `system_dict_data`
VALUES (2167, 3, 'WebSocket', '3', 'iot_data_sink_type_enum', 0, 'default', '', '', '1', '2025-03-09 12:40:24', '1',
        '2025-06-24 12:44:45', b'0');
INSERT INTO `system_dict_data`
VALUES (2168, 10, 'MQTT', '10', 'iot_data_sink_type_enum', 0, 'default', '', '', '1', '2025-03-09 12:40:37', '1',
        '2025-06-24 12:44:44', b'0');
INSERT INTO `system_dict_data`
VALUES (2169, 20, 'Database', '20', 'iot_data_sink_type_enum', 0, 'default', '', '', '1', '2025-03-09 12:41:05', '1',
        '2025-06-24 12:44:44', b'0');
INSERT INTO `system_dict_data`
VALUES (2170, 21, 'Redis Stream', '21', 'iot_data_sink_type_enum', 0, 'default', '', '', '1', '2025-03-09 12:41:18',
        '1', '2025-06-24 12:44:43', b'0');
INSERT INTO `system_dict_data`
VALUES (2171, 30, 'RocketMQ', '30', 'iot_data_sink_type_enum', 0, 'default', '', '', '1', '2025-03-09 12:41:30', '1',
        '2025-06-24 12:44:42', b'0');
INSERT INTO `system_dict_data`
VALUES (2172, 31, 'RabbitMQ', '31', 'iot_data_sink_type_enum', 0, 'default', '', '', '1', '2025-03-09 12:41:47', '1',
        '2025-06-24 12:44:41', b'0');
INSERT INTO `system_dict_data`
VALUES (2173, 32, 'Kafka', '32', 'iot_data_sink_type_enum', 0, 'default', '', '', '1', '2025-03-09 12:41:59', '1',
        '2025-06-24 12:44:39', b'0');
INSERT INTO `system_dict_data`
VALUES (2174, 1, 'и®ҫеӨҮдёҠдёӢзәҝеҸҳжӣҙ', '1', 'iot_rule_scene_trigger_type_enum', 0, 'primary', '', '', '1',
        '2025-03-20 15:00:01', '\"1\"', '2025-07-06 10:28:16', b'0');
INSERT INTO `system_dict_data`
VALUES (2175, 2, 'зү©жЁЎеһӢеұһжҖ§дёҠжҠҘ', '2', 'iot_rule_scene_trigger_type_enum', 0, 'primary', '', '', '1',
        '2025-03-20 15:00:09', '\"1\"', '2025-07-06 10:28:22', b'0');
INSERT INTO `system_dict_data`
VALUES (2176, 1, 'и®ҫеӨҮзҠ¶жҖҒ', 'state', 'iot_device_message_type_enum', 0, 'primary', '', '', '1', '2025-03-20 15:24:58',
        '1', '2025-03-20 15:24:58', b'0');
INSERT INTO `system_dict_data`
VALUES (2177, 2, 'и®ҫеӨҮеұһжҖ§', 'property', 'iot_device_message_type_enum', 0, 'primary', '', '', '1',
        '2025-03-20 15:25:09', '1', '2025-03-20 15:25:09', b'0');
INSERT INTO `system_dict_data`
VALUES (2178, 3, 'и®ҫеӨҮдәӢд»¶', 'event', 'iot_device_message_type_enum', 0, 'primary', '', '', '1', '2025-03-20 15:25:23',
        '1', '2025-03-20 15:25:23', b'0');
INSERT INTO `system_dict_data`
VALUES (2179, 4, 'и®ҫеӨҮжңҚеҠЎ', 'service', 'iot_device_message_type_enum', 0, 'primary', '', '', '1',
        '2025-03-20 15:25:39', '1', '2025-03-20 15:25:39', b'0');
INSERT INTO `system_dict_data`
VALUES (2180, 5, 'и®ҫеӨҮй…ҚзҪ®', 'config', 'iot_device_message_type_enum', 0, 'primary', '', '', '1', '2025-03-20 15:25:51',
        '1', '2025-03-20 15:25:57', b'0');
INSERT INTO `system_dict_data`
VALUES (2181, 6, 'и®ҫеӨҮ OTA', 'ota', 'iot_device_message_type_enum', 0, 'primary', '', '', '1', '2025-03-20 15:26:17',
        '1', '2025-03-20 15:26:17', b'0');
INSERT INTO `system_dict_data`
VALUES (2182, 7, 'и®ҫеӨҮжіЁеҶҢ', 'register', 'iot_device_message_type_enum', 0, 'primary', '', '', '1',
        '2025-03-20 15:26:35', '1', '2025-03-20 15:26:35', b'0');
INSERT INTO `system_dict_data`
VALUES (2183, 8, 'и®ҫеӨҮжӢ“жү‘', 'topology', 'iot_device_message_type_enum', 0, 'primary', '', '', '1',
        '2025-03-20 15:26:46', '1', '2025-03-20 15:26:46', b'0');
INSERT INTO `system_dict_data`
VALUES (2184, 1, 'и®ҫеӨҮеұһжҖ§и®ҫзҪ®', '1', 'iot_rule_scene_action_type_enum', 0, 'primary', '', '', '1',
        '2025-03-28 15:27:12', '\"1\"', '2025-07-06 10:37:33', b'0');
INSERT INTO `system_dict_data`
VALUES (2185, 2, 'и®ҫеӨҮжңҚеҠЎи°ғз”Ё', '2', 'iot_rule_scene_action_type_enum', 0, 'primary', '', '', '1',
        '2025-03-28 15:27:25', '\"1\"', '2025-07-06 10:37:41', b'0');
INSERT INTO `system_dict_data`
VALUES (2186, 100, 'е‘ҠиӯҰи§ҰеҸ‘', '100', 'iot_rule_scene_action_type_enum', 0, 'primary', '', '', '1',
        '2025-03-28 15:27:35', '\"1\"', '2025-07-06 10:37:50', b'0');
INSERT INTO `system_dict_data`
VALUES (3000, 16, 'зҷҫе·қжҷәиғҪ', 'BaiChuan', 'ai_platform', 0, '', '', '', '1', '2025-03-23 12:15:46', '1',
        '2025-03-23 12:15:46', b'0');
INSERT INTO `system_dict_data`
VALUES (3001, 40, 'Vben5.0 Ant Design Schema жЁЎзүҲ', '40', 'infra_codegen_front_type', 0, '', '', NULL, '1',
        '2025-04-23 21:47:47', '1', '2025-09-04 23:25:12', b'0');
INSERT INTO `system_dict_data`
VALUES (3002, 6, 'ж”Ҝд»ҳе®қдҪҷйўқ', '6', 'brokerage_withdraw_type', 0, '', '', 'API жү“ж¬ҫ', '1', '2025-05-10 08:24:49', '1',
        '2025-05-10 08:24:49', b'0');
INSERT INTO `system_dict_data`
VALUES (3003, 1, 'Alink', 'Alink', 'iot_codec_type', 0, '', '', 'йҳҝйҮҢдә‘ Alink', '1', '2025-06-12 22:56:06', '1',
        '2025-06-12 23:22:24', b'0');
INSERT INTO `system_dict_data`
VALUES (3004, 3, 'WARN', '3', 'iot_alert_level', 0, 'warning', '', '', '1', '2025-06-27 20:32:22', '1',
        '2025-06-27 20:34:31', b'0');
INSERT INTO `system_dict_data`
VALUES (3005, 1, 'INFO', '1', 'iot_alert_level', 0, 'primary', '', '', '1', '2025-06-27 20:33:28', '1',
        '2025-06-27 20:34:35', b'0');
INSERT INTO `system_dict_data`
VALUES (3006, 5, 'ERROR', '5', 'iot_alert_level', 0, 'danger', '', '', '1', '2025-06-27 20:33:50', '1',
        '2025-06-27 20:33:50', b'0');
INSERT INTO `system_dict_data`
VALUES (3007, 1, 'зҹӯдҝЎ', '1', 'iot_alert_receive_type', 0, '', '', '', '1', '2025-06-27 22:49:30', '1',
        '2025-06-27 22:49:30', b'0');
INSERT INTO `system_dict_data`
VALUES (3008, 2, 'йӮ®з®ұ', '2', 'iot_alert_receive_type', 0, '', '', '', '1', '2025-06-27 22:49:39', '1',
        '2025-06-27 22:50:07', b'0');
INSERT INTO `system_dict_data`
VALUES (3009, 3, 'з«ҷеҶ…дҝЎ', '3', 'iot_alert_receive_type', 0, '', '', '', '1', '2025-06-27 22:50:20', '1',
        '2025-06-27 22:50:20', b'0');
INSERT INTO `system_dict_data`
VALUES (3010, 1, 'е…ЁйғЁи®ҫеӨҮ', '1', 'iot_ota_task_device_scope', 0, '', '', '', '1', '2025-07-02 09:43:09', '1',
        '2025-07-02 09:43:09', b'0');
INSERT INTO `system_dict_data`
VALUES (3011, 2, 'жҢҮе®ҡи®ҫеӨҮ', '2', 'iot_ota_task_device_scope', 0, '', '', '', '1', '2025-07-02 09:43:15', '1',
        '2025-07-02 09:43:15', b'0');
INSERT INTO `system_dict_data`
VALUES (3012, 10, 'иҝӣиЎҢдёӯ', '10', 'iot_ota_task_status', 0, 'primary', '', '', '1', '2025-07-02 09:44:01', '\"1\"',
        '2025-07-02 09:44:21', b'0');
INSERT INTO `system_dict_data`
VALUES (3013, 20, 'е·Із»“жқҹ', '20', 'iot_ota_task_status', 0, 'success', '', '', '1', '2025-07-02 09:44:14', '\"1\"',
        '2025-07-02 23:56:12', b'0');
INSERT INTO `system_dict_data`
VALUES (3014, 30, 'е·ІеҸ–ж¶Ҳ', '30', 'iot_ota_task_status', 0, 'danger', '', '', '1', '2025-07-02 09:44:36', '1',
        '2025-07-02 09:44:36', b'0');
INSERT INTO `system_dict_data`
VALUES (3015, 0, 'еҫ…жҺЁйҖҒ', '0', 'iot_ota_task_record_status', 0, '', '', '', '1', '2025-07-02 09:45:16', '1',
        '2025-07-02 09:45:16', b'0');
INSERT INTO `system_dict_data`
VALUES (3016, 10, 'е·ІжҺЁйҖҒ', '10', 'iot_ota_task_record_status', 0, '', '', '', '1', '2025-07-02 09:45:25', '1',
        '2025-07-02 09:45:25', b'0');
INSERT INTO `system_dict_data`
VALUES (3017, 20, 'еҚҮзә§дёӯ', '20', 'iot_ota_task_record_status', 0, 'primary', '', '', '1', '2025-07-02 09:45:37', '1',
        '2025-07-02 09:45:37', b'0');
INSERT INTO `system_dict_data`
VALUES (3018, 30, 'еҚҮзә§жҲҗеҠҹ', '30', 'iot_ota_task_record_status', 0, 'success', '', '', '1', '2025-07-02 09:45:47', '1',
        '2025-07-02 09:45:47', b'0');
INSERT INTO `system_dict_data`
VALUES (3019, 40, 'еҚҮзә§еӨұиҙҘ', '40', 'iot_ota_task_record_status', 0, 'danger', '', '', '1', '2025-07-02 09:46:02', '1',
        '2025-07-02 09:46:02', b'0');
INSERT INTO `system_dict_data`
VALUES (3020, 50, 'еҚҮзә§еҸ–ж¶Ҳ', '50', 'iot_ota_task_record_status', 0, 'warning', '', '', '1', '2025-07-02 09:46:09',
        '\"1\"', '2025-07-02 09:46:27', b'0');
INSERT INTO `system_dict_data`
VALUES (3021, 1, 'IP е®ҡдҪҚ', '1', 'iot_location_type', 0, '', '', '', '1', '2025-07-05 09:56:46', '1',
        '2025-07-05 09:56:46', b'0');
INSERT INTO `system_dict_data`
VALUES (3022, 2, 'и®ҫеӨҮдёҠжҠҘ', '2', 'iot_location_type', 0, '', '', '', '1', '2025-07-05 09:56:57', '1',
        '2025-07-05 09:56:57', b'0');
INSERT INTO `system_dict_data`
VALUES (3023, 3, 'жүӢеҠЁе®ҡдҪҚ', '3', 'iot_location_type', 0, '', '', '', '1', '2025-07-05 09:57:05', '1',
        '2025-07-05 09:57:05', b'0');
INSERT INTO `system_dict_data`
VALUES (3024, 3, 'и®ҫеӨҮдәӢд»¶дёҠжҠҘ', '3', 'iot_rule_scene_trigger_type_enum', 0, '', '', '', '1', '2025-07-06 10:28:29',
        '1', '2025-07-06 10:28:29', b'0');
INSERT INTO `system_dict_data`
VALUES (3025, 4, 'и®ҫеӨҮжңҚеҠЎи°ғз”Ё', '4', 'iot_rule_scene_trigger_type_enum', 0, '', '', '', '1', '2025-07-06 10:28:35',
        '1', '2025-07-06 10:28:35', b'0');
INSERT INTO `system_dict_data`
VALUES (3026, 100, 'е®ҡж—¶и§ҰеҸ‘', '100', 'iot_rule_scene_trigger_type_enum', 0, '', '', '', '1', '2025-07-06 10:28:48',
        '1', '2025-07-06 10:28:48', b'0');
INSERT INTO `system_dict_data`
VALUES (3027, 101, 'е‘ҠиӯҰжҒўеӨҚ', '101', 'iot_rule_scene_action_type_enum', 0, '', '', '', '1', '2025-07-06 10:37:57', '1',
        '2025-07-06 10:37:57', b'0');
INSERT INTO `system_dict_data`
VALUES (3028, 2, 'Anthropic', 'Anthropic', 'ai_platform', 0, '', '', '', '1', '2025-08-21 22:54:24', '1',
        '2025-08-21 22:57:58', b'0');
INSERT INTO `system_dict_data`
VALUES (3029, 2, 'и°·жӯҢ Gemini', 'Gemini', 'ai_platform', 0, '', '', '', '1', '2025-08-22 22:39:35', '1',
        '2025-08-22 22:44:49', b'0');
INSERT INTO `system_dict_data`
VALUES (3030, 1, 'ж–Үд»¶зі»з»ҹ', 'filesystem', 'ai_mcp_client_name', 0, '', '', '', '1', '2025-08-28 13:58:43', '1',
        '2025-08-28 21:19:42', b'0');
INSERT INTO `system_dict_data`
VALUES (3031, 41, 'Vben5.0 Ant Design ж ҮеҮҶжЁЎзүҲ', '41', 'infra_codegen_front_type', 0, '', '', '', '1',
        '2025-09-04 23:26:07', '1', '2025-09-04 23:26:07', b'0');
INSERT INTO `system_dict_data`
VALUES (3032, 50, 'Vben5.0 Element Plus Schema жЁЎзүҲ', '50', 'infra_codegen_front_type', 0, '', '', '', '1',
        '2025-09-04 23:26:38', '1', '2025-09-04 23:26:38', b'0');
INSERT INTO `system_dict_data`
VALUES (3033, 51, 'Vben5.0 Element Plus ж ҮеҮҶжЁЎзүҲ', '51', 'infra_codegen_front_type', 0, '', '', '', '1',
        '2025-09-04 23:26:49', '1', '2025-09-04 23:26:49', b'0');
INSERT INTO `system_dict_data`
VALUES (3034, 1, 'ttt', 'tt', 'iot_ota_task_record_status', 0, 'success', '', NULL, '1', '2025-09-06 00:02:21', '1',
        '2025-09-06 00:02:31', b'0');
INSERT INTO `system_dict_data`
VALUES (3035, 40, 'ж”Ҝд»ҳе®қе°ҸзЁӢеәҸ', '40', 'system_social_type', 0, '', '', '', '1', '2023-11-04 13:05:38', '1',
        '2023-11-04 13:07:16', b'0');

-- ----------------------------
-- Table structure for system_dict_type
-- ----------------------------
DROP TABLE IF EXISTS `system_dict_type`;
CREATE TABLE `system_dict_type`
(
    `id`           bigint                                                        NOT NULL AUTO_INCREMENT COMMENT 'еӯ—е…ёдё»й”®',
    `name`         varchar(100) CHARACTER SET utf8mb4 COLLATE utf8mb4_unicode_ci NOT NULL DEFAULT '' COMMENT 'еӯ—е…ёеҗҚз§°',
    `type`         varchar(100) CHARACTER SET utf8mb4 COLLATE utf8mb4_unicode_ci NOT NULL DEFAULT '' COMMENT 'еӯ—е…ёзұ»еһӢ',
    `status`       tinyint                                                       NOT NULL DEFAULT 0 COMMENT 'зҠ¶жҖҒпјҲ0жӯЈеёё 1еҒңз”Ёпјү',
    `remark`       varchar(500) CHARACTER SET utf8mb4 COLLATE utf8mb4_unicode_ci NULL     DEFAULT NULL COMMENT 'еӨҮжіЁ',
    `creator`      varchar(64) CHARACTER SET utf8mb4 COLLATE utf8mb4_unicode_ci  NULL     DEFAULT '' COMMENT 'еҲӣе»әиҖ…',
    `create_time`  datetime                                                      NOT NULL DEFAULT CURRENT_TIMESTAMP COMMENT 'еҲӣе»әж—¶й—ҙ',
    `updater`      varchar(64) CHARACTER SET utf8mb4 COLLATE utf8mb4_unicode_ci  NULL     DEFAULT '' COMMENT 'жӣҙж–°иҖ…',
    `update_time`  datetime                                                      NOT NULL DEFAULT CURRENT_TIMESTAMP ON UPDATE CURRENT_TIMESTAMP COMMENT 'жӣҙж–°ж—¶й—ҙ',
    `deleted`      bit(1)                                                        NOT NULL DEFAULT b'0' COMMENT 'жҳҜеҗҰеҲ йҷӨ',
    `deleted_time` datetime                                                      NULL     DEFAULT NULL COMMENT 'еҲ йҷӨж—¶й—ҙ',
    PRIMARY KEY (`id`) USING BTREE
) ENGINE = InnoDB
  AUTO_INCREMENT = 2008
  CHARACTER SET = utf8mb4
  COLLATE = utf8mb4_unicode_ci COMMENT = 'еӯ—е…ёзұ»еһӢиЎЁ'
  ROW_FORMAT = Dynamic;

-- ----------------------------
-- Records of system_dict_type
-- ----------------------------
INSERT INTO `system_dict_type`
VALUES (1, 'з”ЁжҲ·жҖ§еҲ«', 'system_user_sex', 0, NULL, 'admin', '2021-01-05 17:03:48', '1', '2022-05-16 20:29:32', b'0',
        NULL);
INSERT INTO `system_dict_type`
VALUES (6, 'еҸӮж•°зұ»еһӢ', 'infra_config_type', 0, NULL, 'admin', '2021-01-05 17:03:48', '', '2022-02-01 16:36:54', b'0',
        NULL);
INSERT INTO `system_dict_type`
VALUES (7, 'йҖҡзҹҘзұ»еһӢ', 'system_notice_type', 0, NULL, 'admin', '2021-01-05 17:03:48', '', '2022-02-01 16:35:26', b'0',
        NULL);
INSERT INTO `system_dict_type`
VALUES (9, 'ж“ҚдҪңзұ»еһӢ', 'infra_operate_type', 0, NULL, 'admin', '2021-01-05 17:03:48', '1', '2024-03-14 12:44:01', b'0',
        NULL);
INSERT INTO `system_dict_type`
VALUES (10, 'зі»з»ҹзҠ¶жҖҒ', 'common_status', 0, NULL, 'admin', '2021-01-05 17:03:48', '', '2022-02-01 16:21:28', b'0',
        NULL);
INSERT INTO `system_dict_type`
VALUES (11, 'Boolean жҳҜеҗҰзұ»еһӢ', 'infra_boolean_string', 0, 'boolean иҪ¬жҳҜеҗҰ', '', '2021-01-19 03:20:08', '',
        '2022-02-01 16:37:10', b'0', NULL);
INSERT INTO `system_dict_type`
VALUES (104, 'зҷ»йҷҶз»“жһң', 'system_login_result', 0, 'зҷ»йҷҶз»“жһң', '', '2021-01-18 06:17:11', '', '2022-02-01 16:36:00',
        b'0', NULL);
INSERT INTO `system_dict_type`
VALUES (106, 'д»Јз Ғз”ҹжҲҗжЁЎжқҝзұ»еһӢ', 'infra_codegen_template_type', 0, NULL, '', '2021-02-05 07:08:06', '1',
        '2022-05-16 20:26:50', b'0', NULL);
INSERT INTO `system_dict_type`
VALUES (107, 'е®ҡж—¶д»»еҠЎзҠ¶жҖҒ', 'infra_job_status', 0, NULL, '', '2021-02-07 07:44:16', '', '2022-02-01 16:51:11', b'0',
        NULL);
INSERT INTO `system_dict_type`
VALUES (108, 'е®ҡж—¶д»»еҠЎж—Ҙеҝ—зҠ¶жҖҒ', 'infra_job_log_status', 0, NULL, '', '2021-02-08 10:03:51', '', '2022-02-01 16:50:43',
        b'0', NULL);
INSERT INTO `system_dict_type`
VALUES (109, 'з”ЁжҲ·зұ»еһӢ', 'user_type', 0, NULL, '', '2021-02-26 00:15:51', '', '2021-02-26 00:15:51', b'0', NULL);
INSERT INTO `system_dict_type`
VALUES (110, 'API ејӮеёёж•°жҚ®зҡ„еӨ„зҗҶзҠ¶жҖҒ', 'infra_api_error_log_process_status', 0, NULL, '', '2021-02-26 07:07:01', '',
        '2022-02-01 16:50:53', b'0', NULL);
INSERT INTO `system_dict_type`
VALUES (111, 'зҹӯдҝЎжё йҒ“зј–з Ғ', 'system_sms_channel_code', 0, NULL, '1', '2021-04-05 01:04:50', '1', '2022-02-16 02:09:08',
        b'0', NULL);
INSERT INTO `system_dict_type`
VALUES (112, 'зҹӯдҝЎжЁЎжқҝзҡ„зұ»еһӢ', 'system_sms_template_type', 0, NULL, '1', '2021-04-05 21:50:43', '1',
        '2022-02-01 16:35:06', b'0', NULL);
INSERT INTO `system_dict_type`
VALUES (113, 'зҹӯдҝЎеҸ‘йҖҒзҠ¶жҖҒ', 'system_sms_send_status', 0, NULL, '1', '2021-04-11 20:18:03', '1', '2022-02-01 16:35:09',
        b'0', NULL);
INSERT INTO `system_dict_type`
VALUES (114, 'зҹӯдҝЎжҺҘж”¶зҠ¶жҖҒ', 'system_sms_receive_status', 0, NULL, '1', '2021-04-11 20:27:14', '1',
        '2022-02-01 16:35:14', b'0', NULL);
INSERT INTO `system_dict_type`
VALUES (116, 'зҷ»йҷҶж—Ҙеҝ—зҡ„зұ»еһӢ', 'system_login_type', 0, 'зҷ»йҷҶж—Ҙеҝ—зҡ„зұ»еһӢ', '1', '2021-10-06 00:50:46', '1',
        '2022-02-01 16:35:56', b'0', NULL);
INSERT INTO `system_dict_type`
VALUES (117, 'OA иҜ·еҒҮзұ»еһӢ', 'bpm_oa_leave_type', 0, NULL, '1', '2021-09-21 22:34:33', '1', '2022-01-22 10:41:37', b'0',
        NULL);
INSERT INTO `system_dict_type`
VALUES (130, 'ж”Ҝд»ҳжё йҒ“зј–з Ғзұ»еһӢ', 'pay_channel_code', 0, 'ж”Ҝд»ҳжё йҒ“зҡ„зј–з Ғ', '1', '2021-12-03 10:35:08', '1',
        '2023-07-10 10:11:39', b'0', NULL);
INSERT INTO `system_dict_type`
VALUES (131, 'ж”Ҝд»ҳеӣһи°ғзҠ¶жҖҒ', 'pay_notify_status', 0, 'ж”Ҝд»ҳеӣһи°ғзҠ¶жҖҒпјҲеҢ…жӢ¬йҖҖж¬ҫеӣһи°ғпјү', '1', '2021-12-03 10:53:29', '1',
        '2023-07-19 18:09:43', b'0', NULL);
INSERT INTO `system_dict_type`
VALUES (132, 'ж”Ҝд»ҳи®ўеҚ•зҠ¶жҖҒ', 'pay_order_status', 0, 'ж”Ҝд»ҳи®ўеҚ•зҠ¶жҖҒ', '1', '2021-12-03 11:17:50', '1',
        '2021-12-03 11:17:50', b'0', NULL);
INSERT INTO `system_dict_type`
VALUES (134, 'йҖҖж¬ҫи®ўеҚ•зҠ¶жҖҒ', 'pay_refund_status', 0, 'йҖҖж¬ҫи®ўеҚ•зҠ¶жҖҒ', '1', '2021-12-10 16:42:50', '1',
        '2023-07-19 10:13:17', b'0', NULL);
INSERT INTO `system_dict_type`
VALUES (139, 'жөҒзЁӢе®һдҫӢзҡ„зҠ¶жҖҒ', 'bpm_process_instance_status', 0, 'жөҒзЁӢе®һдҫӢзҡ„зҠ¶жҖҒ', '1', '2022-01-07 23:46:42', '1',
        '2022-01-07 23:46:42', b'0', NULL);
INSERT INTO `system_dict_type`
VALUES (140, 'жөҒзЁӢе®һдҫӢзҡ„з»“жһң', 'bpm_task_status', 0, 'жөҒзЁӢе®һдҫӢзҡ„з»“жһң', '1', '2022-01-07 23:48:10', '1',
        '2024-03-08 22:42:03', b'0', NULL);
INSERT INTO `system_dict_type`
VALUES (141, 'жөҒзЁӢзҡ„иЎЁеҚ•зұ»еһӢ', 'bpm_model_form_type', 0, 'жөҒзЁӢзҡ„иЎЁеҚ•зұ»еһӢ', '103', '2022-01-11 23:50:45', '103',
        '2022-01-11 23:50:45', b'0', NULL);
INSERT INTO `system_dict_type`
VALUES (142, 'д»»еҠЎеҲҶй…Қи§„еҲҷзҡ„зұ»еһӢ', 'bpm_task_candidate_strategy', 0, 'BPM д»»еҠЎзҡ„еҖҷйҖүдәәзҡ„зӯ–з•Ҙ', '103',
        '2022-01-12 23:21:04', '103', '2024-03-06 02:53:59', b'0', NULL);
INSERT INTO `system_dict_type`
VALUES (144, 'д»Јз Ғз”ҹжҲҗзҡ„еңәжҷҜжһҡдёҫ', 'infra_codegen_scene', 0, 'д»Јз Ғз”ҹжҲҗзҡ„еңәжҷҜжһҡдёҫ', '1', '2022-02-02 13:14:45', '1',
        '2022-03-10 16:33:46', b'0', NULL);
INSERT INTO `system_dict_type`
VALUES (145, 'и§’иүІзұ»еһӢ', 'system_role_type', 0, 'и§’иүІзұ»еһӢ', '1', '2022-02-16 13:01:46', '1', '2022-02-16 13:01:46',
        b'0', NULL);
INSERT INTO `system_dict_type`
VALUES (146, 'ж–Үд»¶еӯҳеӮЁеҷЁ', 'infra_file_storage', 0, 'ж–Үд»¶еӯҳеӮЁеҷЁ', '1', '2022-03-15 00:24:38', '1',
        '2022-03-15 00:24:38', b'0', NULL);
INSERT INTO `system_dict_type`
VALUES (147, 'OAuth 2.0 жҺҲжқғзұ»еһӢ', 'system_oauth2_grant_type', 0, 'OAuth 2.0 жҺҲжқғзұ»еһӢпјҲжЁЎејҸпјү', '1',
        '2022-05-12 00:20:52', '1', '2022-05-11 16:25:49', b'0', NULL);
INSERT INTO `system_dict_type`
VALUES (149, 'е•Ҷе“Ғ SPU зҠ¶жҖҒ', 'product_spu_status', 0, 'е•Ҷе“Ғ SPU зҠ¶жҖҒ', '1', '2022-10-24 21:19:04', '1',
        '2022-10-24 21:19:08', b'0', NULL);
INSERT INTO `system_dict_type`
VALUES (150, 'дјҳжғ зұ»еһӢ', 'promotion_discount_type', 0, 'дјҳжғ зұ»еһӢ', '1', '2022-11-01 12:46:06', '1',
        '2022-11-01 12:46:06', b'0', NULL);
INSERT INTO `system_dict_type`
VALUES (151, 'дјҳжғ еҠөжЁЎжқҝзҡ„жңүйҷҗжңҹзұ»еһӢ', 'promotion_coupon_template_validity_type', 0, 'дјҳжғ еҠөжЁЎжқҝзҡ„жңүйҷҗжңҹзұ»еһӢ', '1',
        '2022-11-02 00:06:20', '1', '2022-11-04 00:08:26', b'0', NULL);
INSERT INTO `system_dict_type`
VALUES (152, 'иҗҘй”Җзҡ„е•Ҷе“ҒиҢғеӣҙ', 'promotion_product_scope', 0, 'иҗҘй”Җзҡ„е•Ҷе“ҒиҢғеӣҙ', '1', '2022-11-02 00:28:01', '1',
        '2022-11-02 00:28:01', b'0', NULL);
INSERT INTO `system_dict_type`
VALUES (153, 'дјҳжғ еҠөзҡ„зҠ¶жҖҒ', 'promotion_coupon_status', 0, 'дјҳжғ еҠөзҡ„зҠ¶жҖҒ', '1', '2022-11-04 00:14:49', '1',
        '2022-11-04 00:14:49', b'0', NULL);
INSERT INTO `system_dict_type`
VALUES (154, 'дјҳжғ еҠөзҡ„йўҶеҸ–ж–№ејҸ', 'promotion_coupon_take_type', 0, 'дјҳжғ еҠөзҡ„йўҶеҸ–ж–№ејҸ', '1', '2022-11-04 19:12:27', '1',
        '2022-11-04 19:12:27', b'0', NULL);
INSERT INTO `system_dict_type`
VALUES (155, 'дҝғй”Җжҙ»еҠЁзҡ„зҠ¶жҖҒ', 'promotion_activity_status', 0, 'дҝғй”Җжҙ»еҠЁзҡ„зҠ¶жҖҒ', '1', '2022-11-04 22:54:23', '1',
        '2022-11-04 22:54:23', b'0', NULL);
INSERT INTO `system_dict_type`
VALUES (156, 'иҗҘй”Җзҡ„жқЎд»¶зұ»еһӢ', 'promotion_condition_type', 0, 'иҗҘй”Җзҡ„жқЎд»¶зұ»еһӢ', '1', '2022-11-04 22:59:23', '1',
        '2022-11-04 22:59:23', b'0', NULL);
INSERT INTO `system_dict_type`
VALUES (157, 'дәӨжҳ“е”®еҗҺзҠ¶жҖҒ', 'trade_after_sale_status', 0, 'дәӨжҳ“е”®еҗҺзҠ¶жҖҒ', '1', '2022-11-19 20:52:56', '1',
        '2022-11-19 20:52:56', b'0', NULL);
INSERT INTO `system_dict_type`
VALUES (158, 'дәӨжҳ“е”®еҗҺзҡ„зұ»еһӢ', 'trade_after_sale_type', 0, 'дәӨжҳ“е”®еҗҺзҡ„зұ»еһӢ', '1', '2022-11-19 21:04:09', '1',
        '2022-11-19 21:04:09', b'0', NULL);
INSERT INTO `system_dict_type`
VALUES (159, 'дәӨжҳ“е”®еҗҺзҡ„ж–№ејҸ', 'trade_after_sale_way', 0, 'дәӨжҳ“е”®еҗҺзҡ„ж–№ејҸ', '1', '2022-11-19 21:39:04', '1',
        '2022-11-19 21:39:04', b'0', NULL);
INSERT INTO `system_dict_type`
VALUES (160, 'з»Ҳз«Ҝ', 'terminal', 0, 'з»Ҳз«Ҝ', '1', '2022-12-10 10:50:50', '1', '2022-12-10 10:53:11', b'0', NULL);
INSERT INTO `system_dict_type`
VALUES (161, 'дәӨжҳ“и®ўеҚ•зҡ„зұ»еһӢ', 'trade_order_type', 0, 'дәӨжҳ“и®ўеҚ•зҡ„зұ»еһӢ', '1', '2022-12-10 16:33:54', '1',
        '2022-12-10 16:33:54', b'0', NULL);
INSERT INTO `system_dict_type`
VALUES (162, 'дәӨжҳ“и®ўеҚ•зҡ„зҠ¶жҖҒ', 'trade_order_status', 0, 'дәӨжҳ“и®ўеҚ•зҡ„зҠ¶жҖҒ', '1', '2022-12-10 16:48:44', '1',
        '2022-12-10 16:48:44', b'0', NULL);
INSERT INTO `system_dict_type`
VALUES (163, 'дәӨжҳ“и®ўеҚ•йЎ№зҡ„е”®еҗҺзҠ¶жҖҒ', 'trade_order_item_after_sale_status', 0, 'дәӨжҳ“и®ўеҚ•йЎ№зҡ„е”®еҗҺзҠ¶жҖҒ', '1',
        '2022-12-10 20:58:08', '1', '2022-12-10 20:58:08', b'0', NULL);
INSERT INTO `system_dict_type`
VALUES (164, 'е…¬дј—еҸ·иҮӘеҠЁеӣһеӨҚзҡ„иҜ·жұӮе…ій”®еӯ—еҢ№й…ҚжЁЎејҸ', 'mp_auto_reply_request_match', 0,
        'е…¬дј—еҸ·иҮӘеҠЁеӣһеӨҚзҡ„иҜ·жұӮе…ій”®еӯ—еҢ№й…ҚжЁЎејҸ', '1', '2023-01-16 23:29:56', '1', '2023-01-16 23:29:56', b'0',
        '1970-01-01 00:00:00');
INSERT INTO `system_dict_type`
VALUES (165, 'е…¬дј—еҸ·зҡ„ж¶ҲжҒҜзұ»еһӢ', 'mp_message_type', 0, 'е…¬дј—еҸ·зҡ„ж¶ҲжҒҜзұ»еһӢ', '1', '2023-01-17 22:17:09', '1',
        '2023-01-17 22:17:09', b'0', '1970-01-01 00:00:00');
INSERT INTO `system_dict_type`
VALUES (166, 'йӮ®д»¶еҸ‘йҖҒзҠ¶жҖҒ', 'system_mail_send_status', 0, 'йӮ®д»¶еҸ‘йҖҒзҠ¶жҖҒ', '1', '2023-01-26 09:53:13', '1',
        '2023-01-26 09:53:13', b'0', '1970-01-01 00:00:00');
INSERT INTO `system_dict_type`
VALUES (167, 'з«ҷеҶ…дҝЎжЁЎзүҲзҡ„зұ»еһӢ', 'system_notify_template_type', 0, 'з«ҷеҶ…дҝЎжЁЎзүҲзҡ„зұ»еһӢ', '1', '2023-01-28 10:35:10', '1',
        '2023-01-28 10:35:10', b'0', '1970-01-01 00:00:00');
INSERT INTO `system_dict_type`
VALUES (168, 'д»Јз Ғз”ҹжҲҗзҡ„еүҚз«Ҝзұ»еһӢ', 'infra_codegen_front_type', 0, '', '1', '2023-04-12 23:57:52', '1',
        '2023-04-12 23:57:52', b'0', '1970-01-01 00:00:00');
INSERT INTO `system_dict_type`
VALUES (170, 'еҝ«йҖ’и®Ўиҙ№ж–№ејҸ', 'trade_delivery_express_charge_mode', 0, 'з”ЁдәҺе•ҶеҹҺдәӨжҳ“жЁЎеқ—й…ҚйҖҒз®ЎзҗҶ', '1',
        '2023-05-21 22:45:03', '1', '2023-05-21 22:45:03', b'0', '1970-01-01 00:00:00');
INSERT INTO `system_dict_type`
VALUES (171, 'з§ҜеҲҶдёҡеҠЎзұ»еһӢ', 'member_point_biz_type', 0, '', '1', '2023-06-10 12:15:00', '1', '2023-06-28 13:48:20',
        b'0', '1970-01-01 00:00:00');
INSERT INTO `system_dict_type`
VALUES (173, 'ж”Ҝд»ҳйҖҡзҹҘзұ»еһӢ', 'pay_notify_type', 0, NULL, '1', '2023-07-20 12:23:03', '1', '2023-07-20 12:23:03', b'0',
        '1970-01-01 00:00:00');
INSERT INTO `system_dict_type`
VALUES (174, 'дјҡе‘ҳз»ҸйӘҢдёҡеҠЎзұ»еһӢ', 'member_experience_biz_type', 0, NULL, '', '2023-08-22 12:41:01', '',
        '2023-08-22 12:41:01', b'0', NULL);
INSERT INTO `system_dict_type`
VALUES (175, 'дәӨжҳ“й…ҚйҖҒзұ»еһӢ', 'trade_delivery_type', 0, '', '1', '2023-08-23 00:03:14', '1', '2023-08-23 00:03:14', b'0',
        '1970-01-01 00:00:00');
INSERT INTO `system_dict_type`
VALUES (176, 'еҲҶдҪЈжЁЎејҸ', 'brokerage_enabled_condition', 0, NULL, '', '2023-09-28 02:46:05', '', '2023-09-28 02:46:05',
        b'0', NULL);
INSERT INTO `system_dict_type`
VALUES (177, 'еҲҶй”Җе…ізі»з»‘е®ҡжЁЎејҸ', 'brokerage_bind_mode', 0, NULL, '', '2023-09-28 02:46:05', '', '2023-09-28 02:46:05',
        b'0', NULL);
INSERT INTO `system_dict_type`
VALUES (178, 'дҪЈйҮ‘жҸҗзҺ°зұ»еһӢ', 'brokerage_withdraw_type', 0, NULL, '', '2023-09-28 02:46:05', '', '2023-09-28 02:46:05',
        b'0', NULL);
INSERT INTO `system_dict_type`
VALUES (179, 'дҪЈйҮ‘и®°еҪ•дёҡеҠЎзұ»еһӢ', 'brokerage_record_biz_type', 0, NULL, '', '2023-09-28 02:46:05', '',
        '2023-09-28 02:46:05', b'0', NULL);
INSERT INTO `system_dict_type`
VALUES (180, 'дҪЈйҮ‘и®°еҪ•зҠ¶жҖҒ', 'brokerage_record_status', 0, NULL, '', '2023-09-28 02:46:05', '', '2023-09-28 02:46:05',
        b'0', NULL);
INSERT INTO `system_dict_type`
VALUES (181, 'дҪЈйҮ‘жҸҗзҺ°зҠ¶жҖҒ', 'brokerage_withdraw_status', 0, NULL, '', '2023-09-28 02:46:05', '', '2023-09-28 02:46:05',
        b'0', NULL);
INSERT INTO `system_dict_type`
VALUES (182, 'дҪЈйҮ‘жҸҗзҺ°й“¶иЎҢ', 'brokerage_bank_name', 0, NULL, '', '2023-09-28 02:46:05', '', '2023-09-28 02:46:05', b'0',
        NULL);
INSERT INTO `system_dict_type`
VALUES (183, 'з Қд»·и®°еҪ•зҡ„зҠ¶жҖҒ', 'promotion_bargain_record_status', 0, '', '1', '2023-10-05 10:41:08', '1',
        '2023-10-05 10:41:08', b'0', '1970-01-01 00:00:00');
INSERT INTO `system_dict_type`
VALUES (184, 'жӢјеӣўи®°еҪ•зҡ„зҠ¶жҖҒ', 'promotion_combination_record_status', 0, '', '1', '2023-10-08 07:24:25', '1',
        '2023-10-08 07:24:25', b'0', '1970-01-01 00:00:00');
INSERT INTO `system_dict_type`
VALUES (185, 'еӣһж¬ҫ-еӣһж¬ҫж–№ејҸ', 'crm_receivable_return_type', 0, 'еӣһж¬ҫ-еӣһж¬ҫж–№ејҸ', '1', '2023-10-18 21:54:10', '1',
        '2023-10-18 21:54:10', b'0', '1970-01-01 00:00:00');
INSERT INTO `system_dict_type`
VALUES (186, 'CRM е®ўжҲ·иЎҢдёҡ', 'crm_customer_industry', 0, 'CRM е®ўжҲ·жүҖеұһиЎҢдёҡ', '1', '2023-10-28 22:57:07', '1',
        '2024-02-18 23:30:22', b'0', NULL);
INSERT INTO `system_dict_type`
VALUES (187, 'е®ўжҲ·зӯүзә§', 'crm_customer_level', 0, 'CRM е®ўжҲ·зӯүзә§', '1', '2023-10-28 22:59:12', '1',
        '2023-10-28 15:11:16', b'0', NULL);
INSERT INTO `system_dict_type`
VALUES (188, 'е®ўжҲ·жқҘжәҗ', 'crm_customer_source', 0, 'CRM е®ўжҲ·жқҘжәҗ', '1', '2023-10-28 23:00:34', '1',
        '2023-10-28 15:11:16', b'0', NULL);
INSERT INTO `system_dict_type`
VALUES (600, 'Banner дҪҚзҪ®', 'promotion_banner_position', 0, '', '1', '2023-10-08 07:24:25', '1', '2023-11-04 13:04:02',
        b'0', '1970-01-01 00:00:00');
INSERT INTO `system_dict_type`
VALUES (601, 'зӨҫдәӨзұ»еһӢ', 'system_social_type', 0, '', '1', '2023-11-04 13:03:54', '1', '2023-11-04 13:03:54', b'0',
        '1970-01-01 00:00:00');
INSERT INTO `system_dict_type`
VALUES (604, 'дә§е“ҒзҠ¶жҖҒ', 'crm_product_status', 0, '', '1', '2023-10-30 21:47:59', '1', '2023-10-30 21:48:45', b'0',
        '1970-01-01 00:00:00');
INSERT INTO `system_dict_type`
VALUES (605, 'CRM ж•°жҚ®жқғйҷҗзҡ„зә§еҲ«', 'crm_permission_level', 0, '', '1', '2023-11-30 09:51:59', '1',
        '2023-11-30 09:51:59', b'0', '1970-01-01 00:00:00');
INSERT INTO `system_dict_type`
VALUES (606, 'CRM е®Ўжү№зҠ¶жҖҒ', 'crm_audit_status', 0, '', '1', '2023-11-30 18:56:23', '1', '2023-11-30 18:56:23', b'0',
        '1970-01-01 00:00:00');
INSERT INTO `system_dict_type`
VALUES (607, 'CRM дә§е“ҒеҚ•дҪҚ', 'crm_product_unit', 0, '', '1', '2023-12-05 23:01:51', '1', '2023-12-05 23:01:51', b'0',
        '1970-01-01 00:00:00');
INSERT INTO `system_dict_type`
VALUES (608, 'CRM и·ҹиҝӣж–№ејҸ', 'crm_follow_up_type', 0, '', '1', '2024-01-15 20:48:05', '1', '2024-01-15 20:48:05', b'0',
        '1970-01-01 00:00:00');
INSERT INTO `system_dict_type`
VALUES (610, 'иҪ¬иҙҰи®ўеҚ•зҠ¶жҖҒ', 'pay_transfer_status', 0, '', '1', '2023-10-28 16:18:32', '1', '2023-10-28 16:18:32', b'0',
        '1970-01-01 00:00:00');
INSERT INTO `system_dict_type`
VALUES (611, 'ERP еә“еӯҳжҳҺз»Ҷзҡ„дёҡеҠЎзұ»еһӢ', 'erp_stock_record_biz_type', 0, 'ERP еә“еӯҳжҳҺз»Ҷзҡ„дёҡеҠЎзұ»еһӢ', '1',
        '2024-02-05 18:07:02', '1', '2024-02-05 18:07:02', b'0', '1970-01-01 00:00:00');
INSERT INTO `system_dict_type`
VALUES (612, 'ERP е®Ўжү№зҠ¶жҖҒ', 'erp_audit_status', 0, '', '1', '2024-02-06 00:00:07', '1', '2024-02-06 00:00:07', b'0',
        '1970-01-01 00:00:00');
INSERT INTO `system_dict_type`
VALUES (613, 'BPM зӣ‘еҗ¬еҷЁзұ»еһӢ', 'bpm_process_listener_type', 0, '', '1', '2024-03-23 12:52:24', '1',
        '2024-03-09 15:54:28', b'0', '1970-01-01 00:00:00');
INSERT INTO `system_dict_type`
VALUES (615, 'BPM зӣ‘еҗ¬еҷЁеҖјзұ»еһӢ', 'bpm_process_listener_value_type', 0, '', '1', '2024-03-23 13:00:31', '1',
        '2024-03-23 13:00:31', b'0', '1970-01-01 00:00:00');
INSERT INTO `system_dict_type`
VALUES (616, 'ж—¶й—ҙй—ҙйҡ”', 'date_interval', 0, '', '1', '2024-03-29 22:50:09', '1', '2024-03-29 22:50:09', b'0',
        '1970-01-01 00:00:00');
INSERT INTO `system_dict_type`
VALUES (619, 'CRM е•Ҷжңәз»“жқҹзҠ¶жҖҒзұ»еһӢ', 'crm_business_end_status_type', 0, '', '1', '2024-04-13 23:23:00', '1',
        '2024-04-13 23:23:00', b'0', '1970-01-01 00:00:00');
INSERT INTO `system_dict_type`
VALUES (620, 'AI жЁЎеһӢе№іеҸ°', 'ai_platform', 0, '', '1', '2024-05-09 22:27:38', '1', '2024-05-09 22:27:38', b'0',
        '1970-01-01 00:00:00');
INSERT INTO `system_dict_type`
VALUES (621, 'AI з»ҳз”»зҠ¶жҖҒ', 'ai_image_status', 0, '', '1', '2024-06-26 20:51:23', '1', '2024-06-26 20:51:23', b'0',
        '1970-01-01 00:00:00');
INSERT INTO `system_dict_type`
VALUES (622, 'AI йҹід№җзҠ¶жҖҒ', 'ai_music_status', 0, '', '1', '2024-06-27 22:45:07', '1', '2024-06-28 00:56:27', b'0',
        '1970-01-01 00:00:00');
INSERT INTO `system_dict_type`
VALUES (623, 'AI йҹід№җз”ҹжҲҗжЁЎејҸ', 'ai_generate_mode', 0, '', '1', '2024-06-27 22:46:21', '1', '2024-06-28 01:22:29', b'0',
        '1970-01-01 00:00:00');
INSERT INTO `system_dict_type`
VALUES (624, 'еҶҷдҪңиҜӯж°”', 'ai_write_tone', 0, '', '1', '2024-07-07 15:19:02', '1', '2024-07-07 15:19:02', b'0',
        '1970-01-01 00:00:00');
INSERT INTO `system_dict_type`
VALUES (625, 'еҶҷдҪңиҜӯиЁҖ', 'ai_write_language', 0, '', '1', '2024-07-07 15:18:52', '1', '2024-07-07 15:18:52', b'0',
        '1970-01-01 00:00:00');
INSERT INTO `system_dict_type`
VALUES (626, 'еҶҷдҪңй•ҝеәҰ', 'ai_write_length', 0, '', '1', '2024-07-07 15:18:41', '1', '2024-07-07 15:18:41', b'0',
        '1970-01-01 00:00:00');
INSERT INTO `system_dict_type`
VALUES (627, 'еҶҷдҪңж јејҸ', 'ai_write_format', 0, '', '1', '2024-07-07 15:14:34', '1', '2024-07-07 15:14:34', b'0',
        '1970-01-01 00:00:00');
INSERT INTO `system_dict_type`
VALUES (628, 'AI еҶҷдҪңзұ»еһӢ', 'ai_write_type', 0, '', '1', '2024-07-10 21:25:29', '1', '2024-07-10 21:25:29', b'0',
        '1970-01-01 00:00:00');
INSERT INTO `system_dict_type`
VALUES (629, 'BPM жөҒзЁӢжЁЎеһӢзұ»еһӢ', 'bpm_model_type', 0, '', '1', '2024-08-26 15:21:43', '1', '2024-08-26 15:21:43', b'0',
        '1970-01-01 00:00:00');
INSERT INTO `system_dict_type`
VALUES (640, 'AI жЁЎеһӢзұ»еһӢ', 'ai_model_type', 0, '', '1', '2025-03-03 12:24:07', '1', '2025-03-03 12:24:07', b'0',
        '1970-01-01 00:00:00');
INSERT INTO `system_dict_type`
VALUES (1001, 'IoT дә§е“Ғи®ҫеӨҮзұ»еһӢ', 'iot_product_device_type', 0, '', '1', '2024-08-10 11:54:30', '1',
        '2025-03-17 09:25:08', b'0', '1970-01-01 00:00:00');
INSERT INTO `system_dict_type`
VALUES (1002, 'IoT дә§е“ҒзҠ¶жҖҒ', 'iot_product_status', 0, '', '1', '2024-08-10 12:06:09', '1', '2025-03-17 09:25:10', b'0',
        '1970-01-01 00:00:00');
INSERT INTO `system_dict_type`
VALUES (1004, 'IoT иҒ”зҪ‘ж–№ејҸ', 'iot_net_type', 0, '', '1', '2024-09-06 22:04:13', '1', '2025-03-17 09:25:14', b'0',
        '1970-01-01 00:00:00');
INSERT INTO `system_dict_type`
VALUES (1006, 'IoT и®ҫеӨҮзҠ¶жҖҒ', 'iot_device_state', 0, '', '1', '2024-09-21 08:12:55', '1', '2025-03-17 09:25:19', b'0',
        '1970-01-01 00:00:00');
INSERT INTO `system_dict_type`
VALUES (1007, 'IoT зү©жЁЎеһӢеҠҹиғҪзұ»еһӢ', 'iot_thing_model_type', 0, '', '1', '2024-09-29 20:02:36', '1',
        '2025-03-17 09:25:24', b'0', '1970-01-01 00:00:00');
INSERT INTO `system_dict_type`
VALUES (1011, 'IoT зү©жЁЎеһӢеҚ•дҪҚ', 'iot_thing_model_unit', 0, '', '1', '2024-12-25 17:36:46', '1', '2025-03-17 09:25:35',
        b'0', '1970-01-01 00:00:00');
INSERT INTO `system_dict_type`
VALUES (1013, 'IoT ж•°жҚ®жөҒиҪ¬зӣ®зҡ„зҡ„зұ»еһӢжһҡдёҫ', 'iot_data_sink_type_enum', 0, '', '1', '2025-03-09 12:39:36', '1',
        '2025-06-24 12:45:24', b'0', '1970-01-01 00:00:00');
INSERT INTO `system_dict_type`
VALUES (1014, 'IoT еңәжҷҜжөҒиҪ¬зҡ„и§ҰеҸ‘зұ»еһӢжһҡдёҫ', 'iot_rule_scene_trigger_type_enum', 0, '', '1', '2025-03-20 14:59:44', '1',
        '2025-03-20 14:59:44', b'0', '1970-01-01 00:00:00');
INSERT INTO `system_dict_type`
VALUES (1015, 'IoT и®ҫеӨҮж¶ҲжҒҜзұ»еһӢжһҡдёҫ', 'iot_device_message_type_enum', 0, '', '1', '2025-03-20 15:01:15', '1',
        '2025-03-20 15:01:15', b'0', '1970-01-01 00:00:00');
INSERT INTO `system_dict_type`
VALUES (1016, 'IoT и§„еҲҷеңәжҷҜзҡ„и§ҰеҸ‘зұ»еһӢжһҡдёҫ', 'iot_rule_scene_action_type_enum', 0, '', '1', '2025-03-28 15:26:54', '1',
        '2025-03-28 15:29:13', b'0', '1970-01-01 00:00:00');
INSERT INTO `system_dict_type`
VALUES (2000, 'IoT ж•°жҚ®ж јејҸ', 'iot_codec_type', 0, 'IoT зј–и§Јз ҒеҷЁзұ»еһӢ', '1', '2025-06-12 22:55:46', '1',
        '2025-06-12 22:55:46', b'0', '1970-01-01 00:00:00');
INSERT INTO `system_dict_type`
VALUES (2001, 'IoT е‘ҠиӯҰзә§еҲ«', 'iot_alert_level', 0, '', '1', '2025-06-27 20:30:57', '1', '2025-06-27 20:30:57', b'0',
        '1970-01-01 00:00:00');
INSERT INTO `system_dict_type`
VALUES (2002, 'IoT е‘ҠиӯҰ', 'iot_alert_receive_type', 0, '', '1', '2025-06-27 22:49:19', '1', '2025-06-27 22:49:19', b'0',
        '1970-01-01 00:00:00');
INSERT INTO `system_dict_type`
VALUES (2003, 'IoT еӣәд»¶и®ҫеӨҮиҢғеӣҙ', 'iot_ota_task_device_scope', 0, '', '1', '2025-07-02 09:42:49', '1',
        '2025-07-02 09:42:49', b'0', '1970-01-01 00:00:00');
INSERT INTO `system_dict_type`
VALUES (2004, 'IoT еӣәд»¶еҚҮзә§д»»еҠЎзҠ¶жҖҒ', 'iot_ota_task_status', 0, '', '1', '2025-07-02 09:43:43', '1',
        '2025-07-02 09:43:43', b'0', '1970-01-01 00:00:00');
INSERT INTO `system_dict_type`
VALUES (2005, 'IoT еӣәд»¶еҚҮзә§и®°еҪ•зҠ¶жҖҒ', 'iot_ota_task_record_status', 0, '', '1', '2025-07-02 09:45:02', '1',
        '2025-07-02 09:45:02', b'0', '1970-01-01 00:00:00');
INSERT INTO `system_dict_type`
VALUES (2006, 'IoT е®ҡдҪҚзұ»еһӢ', 'iot_location_type', 0, '', '1', '2025-07-05 09:56:25', '1', '2025-07-05 09:56:25', b'0',
        '1970-01-01 00:00:00');
INSERT INTO `system_dict_type`
VALUES (2007, 'AI MCP е®ўжҲ·з«ҜеҗҚеӯ—', 'ai_mcp_client_name', 0, '', '1', '2025-08-28 13:57:40', '1', '2025-08-28 13:57:40',
        b'0', '1970-01-01 00:00:00');

-- ----------------------------
-- Table structure for system_login_log
-- ----------------------------
DROP TABLE IF EXISTS `system_login_log`;
CREATE TABLE `system_login_log`
(
    `id`          bigint                                                        NOT NULL AUTO_INCREMENT COMMENT 'и®ҝй—®ID',
    `log_type`    bigint                                                        NOT NULL COMMENT 'ж—Ҙеҝ—зұ»еһӢ',
    `trace_id`    varchar(64) CHARACTER SET utf8mb4 COLLATE utf8mb4_unicode_ci  NOT NULL DEFAULT '' COMMENT 'й“ҫи·ҜиҝҪиёӘзј–еҸ·',
    `user_id`     bigint                                                        NOT NULL DEFAULT 0 COMMENT 'з”ЁжҲ·зј–еҸ·',
    `user_type`   tinyint                                                       NOT NULL DEFAULT 0 COMMENT 'з”ЁжҲ·зұ»еһӢ',
    `username`    varchar(50) CHARACTER SET utf8mb4 COLLATE utf8mb4_unicode_ci  NOT NULL DEFAULT '' COMMENT 'з”ЁжҲ·иҙҰеҸ·',
    `result`      tinyint                                                       NOT NULL COMMENT 'зҷ»йҷҶз»“жһң',
    `user_ip`     varchar(50) CHARACTER SET utf8mb4 COLLATE utf8mb4_unicode_ci  NOT NULL COMMENT 'з”ЁжҲ· IP',
    `user_agent`  varchar(512) CHARACTER SET utf8mb4 COLLATE utf8mb4_unicode_ci NOT NULL COMMENT 'жөҸи§ҲеҷЁ UA',
    `creator`     varchar(64) CHARACTER SET utf8mb4 COLLATE utf8mb4_unicode_ci  NULL     DEFAULT '' COMMENT 'еҲӣе»әиҖ…',
    `create_time` datetime                                                      NOT NULL DEFAULT CURRENT_TIMESTAMP COMMENT 'еҲӣе»әж—¶й—ҙ',
    `updater`     varchar(64) CHARACTER SET utf8mb4 COLLATE utf8mb4_unicode_ci  NULL     DEFAULT '' COMMENT 'жӣҙж–°иҖ…',
    `update_time` datetime                                                      NOT NULL DEFAULT CURRENT_TIMESTAMP ON UPDATE CURRENT_TIMESTAMP COMMENT 'жӣҙж–°ж—¶й—ҙ',
    `deleted`     bit(1)                                                        NOT NULL DEFAULT b'0' COMMENT 'жҳҜеҗҰеҲ йҷӨ',
    `tenant_id`   bigint                                                        NOT NULL DEFAULT 0 COMMENT 'з§ҹжҲ·зј–еҸ·',
    PRIMARY KEY (`id`) USING BTREE
) ENGINE = InnoDB
  AUTO_INCREMENT = 4067
  CHARACTER SET = utf8mb4
  COLLATE = utf8mb4_unicode_ci COMMENT = 'зі»з»ҹи®ҝй—®и®°еҪ•'
  ROW_FORMAT = Dynamic;

-- ----------------------------
-- Records of system_login_log
-- ----------------------------
INSERT INTO `system_login_log`
VALUES (4066, 100, '', 1, 2, 'admin', 0, '0:0:0:0:0:0:0:1',
        'Mozilla/5.0 (Windows NT 10.0; Win64; x64) AppleWebKit/537.36 (KHTML, like Gecko) Chrome/145.0.0.0 Safari/537.36',
        NULL, '2026-03-16 15:22:03', NULL, '2026-03-16 15:22:03', b'0', 1);

-- ----------------------------
-- Table structure for system_mail_account
-- ----------------------------
DROP TABLE IF EXISTS `system_mail_account`;
CREATE TABLE `system_mail_account`
(
    `id`              bigint                                                        NOT NULL AUTO_INCREMENT COMMENT 'дё»й”®',
    `mail`            varchar(255) CHARACTER SET utf8mb4 COLLATE utf8mb4_unicode_ci NOT NULL COMMENT 'йӮ®з®ұ',
    `username`        varchar(255) CHARACTER SET utf8mb4 COLLATE utf8mb4_unicode_ci NOT NULL COMMENT 'з”ЁжҲ·еҗҚ',
    `password`        varchar(255) CHARACTER SET utf8mb4 COLLATE utf8mb4_unicode_ci NOT NULL COMMENT 'еҜҶз Ғ',
    `host`            varchar(255) CHARACTER SET utf8mb4 COLLATE utf8mb4_unicode_ci NOT NULL COMMENT 'SMTP жңҚеҠЎеҷЁеҹҹеҗҚ',
    `port`            int                                                           NOT NULL COMMENT 'SMTP жңҚеҠЎеҷЁз«ҜеҸЈ',
    `ssl_enable`      bit(1)                                                        NOT NULL DEFAULT b'0' COMMENT 'жҳҜеҗҰејҖеҗҜ SSL',
    `starttls_enable` bit(1)                                                        NOT NULL DEFAULT b'0' COMMENT 'жҳҜеҗҰејҖеҗҜ STARTTLS',
    `creator`         varchar(64) CHARACTER SET utf8mb4 COLLATE utf8mb4_unicode_ci  NULL     DEFAULT '' COMMENT 'еҲӣе»әиҖ…',
    `create_time`     datetime                                                      NOT NULL DEFAULT CURRENT_TIMESTAMP COMMENT 'еҲӣе»әж—¶й—ҙ',
    `updater`         varchar(64) CHARACTER SET utf8mb4 COLLATE utf8mb4_unicode_ci  NULL     DEFAULT '' COMMENT 'жӣҙж–°иҖ…',
    `update_time`     datetime                                                      NOT NULL DEFAULT CURRENT_TIMESTAMP ON UPDATE CURRENT_TIMESTAMP COMMENT 'жӣҙж–°ж—¶й—ҙ',
    `deleted`         bit(1)                                                        NOT NULL DEFAULT b'0' COMMENT 'жҳҜеҗҰеҲ йҷӨ',
    PRIMARY KEY (`id`) USING BTREE
) ENGINE = InnoDB
  AUTO_INCREMENT = 5
  CHARACTER SET = utf8mb4
  COLLATE = utf8mb4_unicode_ci COMMENT = 'йӮ®з®ұиҙҰеҸ·иЎЁ'
  ROW_FORMAT = Dynamic;

-- ----------------------------
-- Records of system_mail_account
-- ----------------------------
INSERT INTO `system_mail_account`
VALUES (1, '7684413@qq.com', '7684413@qq.com', '1234576', '127.0.0.1', 8080, b'0', b'0', '1', '2023-01-25 17:39:52',
        '1', '2025-04-04 16:34:40', b'0');
INSERT INTO `system_mail_account`
VALUES (2, 'ydym_test@163.com', 'ydym_test@163.com', 'WBZTEINMIFVRYSOE', 'smtp.163.com', 465, b'1', b'0', '1',
        '2023-01-26 01:26:03', '1', '2025-07-26 21:57:55', b'0');
INSERT INTO `system_mail_account`
VALUES (3, '76854114@qq.com', '3335', '11234', 'yunai1.cn', 466, b'0', b'0', '1', '2023-01-27 15:06:38', '1',
        '2023-01-27 07:08:36', b'1');
INSERT INTO `system_mail_account`
VALUES (4, '7685413x@qq.com', '2', '3', '4', 5, b'1', b'0', '1', '2023-04-12 23:05:06', '1', '2023-04-12 15:05:11',
        b'1');

-- ----------------------------
-- Table structure for system_mail_log
-- ----------------------------
DROP TABLE IF EXISTS `system_mail_log`;
CREATE TABLE `system_mail_log`
(
    `id`                bigint                                                         NOT NULL AUTO_INCREMENT COMMENT 'зј–еҸ·',
    `user_id`           bigint                                                         NULL     DEFAULT NULL COMMENT 'з”ЁжҲ·зј–еҸ·',
    `user_type`         tinyint                                                        NULL     DEFAULT NULL COMMENT 'з”ЁжҲ·зұ»еһӢ',
    `to_mails`          varchar(1024) CHARACTER SET utf8mb4 COLLATE utf8mb4_unicode_ci NOT NULL COMMENT 'жҺҘж”¶йӮ®з®ұең°еқҖ',
    `cc_mails`          varchar(1024) CHARACTER SET utf8mb4 COLLATE utf8mb4_unicode_ci NULL     DEFAULT NULL COMMENT 'жҠ„йҖҒйӮ®з®ұең°еқҖ',
    `bcc_mails`         varchar(1024) CHARACTER SET utf8mb4 COLLATE utf8mb4_unicode_ci NULL     DEFAULT NULL COMMENT 'еҜҶйҖҒйӮ®з®ұең°еқҖ',
    `account_id`        bigint                                                         NOT NULL COMMENT 'йӮ®з®ұиҙҰеҸ·зј–еҸ·',
    `from_mail`         varchar(255) CHARACTER SET utf8mb4 COLLATE utf8mb4_unicode_ci  NOT NULL COMMENT 'еҸ‘йҖҒйӮ®з®ұең°еқҖ',
    `template_id`       bigint                                                         NOT NULL COMMENT 'жЁЎжқҝзј–еҸ·',
    `template_code`     varchar(63) CHARACTER SET utf8mb4 COLLATE utf8mb4_unicode_ci   NOT NULL COMMENT 'жЁЎжқҝзј–з Ғ',
    `template_nickname` varchar(255) CHARACTER SET utf8mb4 COLLATE utf8mb4_unicode_ci  NULL     DEFAULT NULL COMMENT 'жЁЎзүҲеҸ‘йҖҒдәәеҗҚз§°',
    `template_title`    varchar(255) CHARACTER SET utf8mb4 COLLATE utf8mb4_unicode_ci  NOT NULL COMMENT 'йӮ®д»¶ж Үйўҳ',
    `template_content`  text CHARACTER SET utf8mb4 COLLATE utf8mb4_unicode_ci          NOT NULL COMMENT 'йӮ®д»¶еҶ…е®№',
    `template_params`   varchar(255) CHARACTER SET utf8mb4 COLLATE utf8mb4_unicode_ci  NOT NULL COMMENT 'йӮ®д»¶еҸӮж•°',
    `send_status`       tinyint                                                        NOT NULL DEFAULT 0 COMMENT 'еҸ‘йҖҒзҠ¶жҖҒ',
    `send_time`         datetime                                                       NULL     DEFAULT NULL COMMENT 'еҸ‘йҖҒж—¶й—ҙ',
    `send_message_id`   varchar(255) CHARACTER SET utf8mb4 COLLATE utf8mb4_unicode_ci  NULL     DEFAULT NULL COMMENT 'еҸ‘йҖҒиҝ”еӣһзҡ„ж¶ҲжҒҜ ID',
    `send_exception`    varchar(4096) CHARACTER SET utf8mb4 COLLATE utf8mb4_unicode_ci NULL     DEFAULT NULL COMMENT 'еҸ‘йҖҒејӮеёё',
    `creator`           varchar(64) CHARACTER SET utf8mb4 COLLATE utf8mb4_unicode_ci   NULL     DEFAULT '' COMMENT 'еҲӣе»әиҖ…',
    `create_time`       datetime                                                       NOT NULL DEFAULT CURRENT_TIMESTAMP COMMENT 'еҲӣе»әж—¶й—ҙ',
    `updater`           varchar(64) CHARACTER SET utf8mb4 COLLATE utf8mb4_unicode_ci   NULL     DEFAULT '' COMMENT 'жӣҙж–°иҖ…',
    `update_time`       datetime                                                       NOT NULL DEFAULT CURRENT_TIMESTAMP ON UPDATE CURRENT_TIMESTAMP COMMENT 'жӣҙж–°ж—¶й—ҙ',
    `deleted`           bit(1)                                                         NOT NULL DEFAULT b'0' COMMENT 'жҳҜеҗҰеҲ йҷӨ',
    PRIMARY KEY (`id`) USING BTREE
) ENGINE = InnoDB
  AUTO_INCREMENT = 368
  CHARACTER SET = utf8mb4
  COLLATE = utf8mb4_unicode_ci COMMENT = 'йӮ®д»¶ж—Ҙеҝ—иЎЁ'
  ROW_FORMAT = Dynamic;

-- ----------------------------
-- Records of system_mail_log
-- ----------------------------

-- ----------------------------
-- Table structure for system_mail_template
-- ----------------------------
DROP TABLE IF EXISTS `system_mail_template`;
CREATE TABLE `system_mail_template`
(
    `id`          bigint                                                          NOT NULL AUTO_INCREMENT COMMENT 'зј–еҸ·',
    `name`        varchar(63) CHARACTER SET utf8mb4 COLLATE utf8mb4_unicode_ci    NOT NULL COMMENT 'жЁЎжқҝеҗҚз§°',
    `code`        varchar(63) CHARACTER SET utf8mb4 COLLATE utf8mb4_unicode_ci    NOT NULL COMMENT 'жЁЎжқҝзј–з Ғ',
    `account_id`  bigint                                                          NOT NULL COMMENT 'еҸ‘йҖҒзҡ„йӮ®з®ұиҙҰеҸ·зј–еҸ·',
    `nickname`    varchar(255) CHARACTER SET utf8mb4 COLLATE utf8mb4_unicode_ci   NULL     DEFAULT NULL COMMENT 'еҸ‘йҖҒдәәеҗҚз§°',
    `title`       varchar(255) CHARACTER SET utf8mb4 COLLATE utf8mb4_unicode_ci   NOT NULL COMMENT 'жЁЎжқҝж Үйўҳ',
    `content`     varchar(10240) CHARACTER SET utf8mb4 COLLATE utf8mb4_unicode_ci NOT NULL COMMENT 'жЁЎжқҝеҶ…е®№',
    `params`      varchar(255) CHARACTER SET utf8mb4 COLLATE utf8mb4_unicode_ci   NOT NULL COMMENT 'еҸӮж•°ж•°з»„',
    `status`      tinyint                                                         NOT NULL COMMENT 'ејҖеҗҜзҠ¶жҖҒ',
    `remark`      varchar(255) CHARACTER SET utf8mb4 COLLATE utf8mb4_unicode_ci   NULL     DEFAULT NULL COMMENT 'еӨҮжіЁ',
    `creator`     varchar(64) CHARACTER SET utf8mb4 COLLATE utf8mb4_unicode_ci    NULL     DEFAULT '' COMMENT 'еҲӣе»әиҖ…',
    `create_time` datetime                                                        NOT NULL DEFAULT CURRENT_TIMESTAMP COMMENT 'еҲӣе»әж—¶й—ҙ',
    `updater`     varchar(64) CHARACTER SET utf8mb4 COLLATE utf8mb4_unicode_ci    NULL     DEFAULT '' COMMENT 'жӣҙж–°иҖ…',
    `update_time` datetime                                                        NOT NULL DEFAULT CURRENT_TIMESTAMP ON UPDATE CURRENT_TIMESTAMP COMMENT 'жӣҙж–°ж—¶й—ҙ',
    `deleted`     bit(1)                                                          NOT NULL DEFAULT b'0' COMMENT 'жҳҜеҗҰеҲ йҷӨ',
    PRIMARY KEY (`id`) USING BTREE
) ENGINE = InnoDB
  AUTO_INCREMENT = 16
  CHARACTER SET = utf8mb4
  COLLATE = utf8mb4_unicode_ci COMMENT = 'йӮ®д»¶жЁЎзүҲиЎЁ'
  ROW_FORMAT = Dynamic;

-- ----------------------------
-- Records of system_mail_template
-- ----------------------------
INSERT INTO `system_mail_template`
VALUES (13, 'еҗҺеҸ°з”ЁжҲ·зҹӯдҝЎзҷ»еҪ•', 'admin-sms-login', 1, 'еҘҘзү№жӣј', 'дҪ зҢңжҲ‘зҢң', '<p>жӮЁзҡ„йӘҢиҜҒз ҒжҳҜ{code}пјҢеҗҚеӯ—жҳҜ{name}</p>',
        '[\"code\",\"name\"]', 0, '3', '1', '2021-10-11 08:10:00', '1', '2023-12-02 19:51:14', b'0');
INSERT INTO `system_mail_template`
VALUES (14, 'жөӢиҜ•жЁЎзүҲ', 'test_01', 2, 'иҠӢиүҝ', 'дёҖдёӘж Үйўҳ',
        '<p>дҪ жҳҜ {key01} еҗ—пјҹ</p><p><br></p><p>жҳҜзҡ„иҜқпјҢиө¶зҙ§ {key02} дёҖдёӢпјҒ</p>', '[\"key01\",\"key02\"]', 0, NULL, '1',
        '2023-01-26 01:27:40', '1', '2025-07-26 21:48:45', b'0');
INSERT INTO `system_mail_template`
VALUES (15, '3', '2', 2, '7', '4', '<p>45</p>', '[]', 1, '80', '1', '2023-01-27 15:50:35', '1', '2025-07-26 21:47:49',
        b'1');

-- ----------------------------
-- Table structure for system_menu
-- ----------------------------
DROP TABLE IF EXISTS `system_menu`;
CREATE TABLE `system_menu`
(
    `id`             bigint                                                        NOT NULL AUTO_INCREMENT COMMENT 'иҸңеҚ•ID',
    `name`           varchar(50) CHARACTER SET utf8mb4 COLLATE utf8mb4_unicode_ci  NOT NULL COMMENT 'иҸңеҚ•еҗҚз§°',
    `permission`     varchar(100) CHARACTER SET utf8mb4 COLLATE utf8mb4_unicode_ci NOT NULL DEFAULT '' COMMENT 'жқғйҷҗж ҮиҜҶ',
    `type`           tinyint                                                       NOT NULL COMMENT 'иҸңеҚ•зұ»еһӢ',
    `sort`           int                                                           NOT NULL DEFAULT 0 COMMENT 'жҳҫзӨәйЎәеәҸ',
    `parent_id`      bigint                                                        NOT NULL DEFAULT 0 COMMENT 'зҲ¶иҸңеҚ•ID',
    `path`           varchar(200) CHARACTER SET utf8mb4 COLLATE utf8mb4_unicode_ci NULL     DEFAULT '' COMMENT 'и·Ҝз”ұең°еқҖ',
    `icon`           varchar(100) CHARACTER SET utf8mb4 COLLATE utf8mb4_unicode_ci NULL     DEFAULT '#' COMMENT 'иҸңеҚ•еӣҫж Ү',
    `component`      varchar(255) CHARACTER SET utf8mb4 COLLATE utf8mb4_unicode_ci NULL     DEFAULT NULL COMMENT 'з»„д»¶и·Ҝеҫ„',
    `component_name` varchar(255) CHARACTER SET utf8mb4 COLLATE utf8mb4_unicode_ci NULL     DEFAULT NULL COMMENT 'з»„д»¶еҗҚ',
    `status`         tinyint                                                       NOT NULL DEFAULT 0 COMMENT 'иҸңеҚ•зҠ¶жҖҒ',
    `visible`        bit(1)                                                        NOT NULL DEFAULT b'1' COMMENT 'жҳҜеҗҰеҸҜи§Ғ',
    `keep_alive`     bit(1)                                                        NOT NULL DEFAULT b'1' COMMENT 'жҳҜеҗҰзј“еӯҳ',
    `always_show`    bit(1)                                                        NOT NULL DEFAULT b'1' COMMENT 'жҳҜеҗҰжҖ»жҳҜжҳҫзӨә',
    `creator`        varchar(64) CHARACTER SET utf8mb4 COLLATE utf8mb4_unicode_ci  NULL     DEFAULT '' COMMENT 'еҲӣе»әиҖ…',
    `create_time`    datetime                                                      NOT NULL DEFAULT CURRENT_TIMESTAMP COMMENT 'еҲӣе»әж—¶й—ҙ',
    `updater`        varchar(64) CHARACTER SET utf8mb4 COLLATE utf8mb4_unicode_ci  NULL     DEFAULT '' COMMENT 'жӣҙж–°иҖ…',
    `update_time`    datetime                                                      NOT NULL DEFAULT CURRENT_TIMESTAMP ON UPDATE CURRENT_TIMESTAMP COMMENT 'жӣҙж–°ж—¶й—ҙ',
    `deleted`        bit(1)                                                        NOT NULL DEFAULT b'0' COMMENT 'жҳҜеҗҰеҲ йҷӨ',
    PRIMARY KEY (`id`) USING BTREE
) ENGINE = InnoDB
  AUTO_INCREMENT = 6074
  CHARACTER SET = utf8mb4
  COLLATE = utf8mb4_unicode_ci COMMENT = 'иҸңеҚ•жқғйҷҗиЎЁ'
  ROW_FORMAT = Dynamic;

-- ----------------------------
-- Records of system_menu
-- ----------------------------
INSERT INTO `system_menu`
VALUES (1, 'зі»з»ҹз®ЎзҗҶ', '', 1, 10, 0, '/system', 'ep:tools', NULL, NULL, 0, b'1', b'1', b'1', 'admin',
        '2021-01-05 17:03:48', '1', '2025-03-15 21:30:27', b'0');
INSERT INTO `system_menu`
VALUES (2, 'еҹәзЎҖи®ҫж–Ҫ', '', 1, 20, 0, '/infra', 'ep:monitor', NULL, NULL, 0, b'1', b'1', b'1', 'admin',
        '2021-01-05 17:03:48', '1', '2024-03-01 08:28:40', b'0');
INSERT INTO `system_menu`
VALUES (5, 'OA зӨәдҫӢ', '', 1, 40, 1185, 'oa', 'fa:road', NULL, NULL, 0, b'1', b'1', b'1', 'admin', '2021-09-20 16:26:19',
        '1', '2024-02-29 12:38:13', b'0');
INSERT INTO `system_menu`
VALUES (100, 'з”ЁжҲ·з®ЎзҗҶ', 'system:user:list', 2, 1, 1, 'user', 'ep:avatar', 'system/user/index', 'SystemUser', 0, b'1',
        b'1', b'1', 'admin', '2021-01-05 17:03:48', '1', '2025-03-15 21:30:41', b'0');
INSERT INTO `system_menu`
VALUES (101, 'и§’иүІз®ЎзҗҶ', '', 2, 2, 1, 'role', 'ep:user', 'system/role/index', 'SystemRole', 0, b'1', b'1', b'1',
        'admin', '2021-01-05 17:03:48', '1', '2024-05-01 18:35:29', b'0');
INSERT INTO `system_menu`
VALUES (102, 'иҸңеҚ•з®ЎзҗҶ', '', 2, 3, 1, 'menu', 'ep:menu', 'system/menu/index', 'SystemMenu', 0, b'1', b'1', b'1',
        'admin', '2021-01-05 17:03:48', '1', '2024-02-29 01:03:50', b'0');
INSERT INTO `system_menu`
VALUES (103, 'йғЁй—Ёз®ЎзҗҶ', '', 2, 4, 1, 'dept', 'fa:address-card', 'system/dept/index', 'SystemDept', 0, b'1', b'1', b'1',
        'admin', '2021-01-05 17:03:48', '1', '2024-02-29 01:06:28', b'0');
INSERT INTO `system_menu`
VALUES (104, 'еІ—дҪҚз®ЎзҗҶ', '', 2, 5, 1, 'post', 'fa:address-book-o', 'system/post/index', 'SystemPost', 0, b'1', b'1',
        b'1', 'admin', '2021-01-05 17:03:48', '1', '2024-02-29 01:06:39', b'0');
INSERT INTO `system_menu`
VALUES (105, 'еӯ—е…ёз®ЎзҗҶ', '', 2, 6, 1, 'dict', 'ep:collection', 'system/dict/index', 'SystemDictType', 0, b'1', b'1',
        b'1', 'admin', '2021-01-05 17:03:48', '1', '2024-02-29 01:07:12', b'0');
INSERT INTO `system_menu`
VALUES (106, 'й…ҚзҪ®з®ЎзҗҶ', '', 2, 8, 2, 'config', 'fa:connectdevelop', 'infra/config/index', 'InfraConfig', 0, b'1', b'1',
        b'1', 'admin', '2021-01-05 17:03:48', '1', '2024-04-23 00:02:45', b'0');
INSERT INTO `system_menu`
VALUES (107, 'йҖҡзҹҘе…¬е‘Ҡ', '', 2, 4, 2739, 'notice', 'ep:takeaway-box', 'system/notice/index', 'SystemNotice', 0, b'1',
        b'1', b'1', 'admin', '2021-01-05 17:03:48', '1', '2024-04-22 23:56:17', b'0');
INSERT INTO `system_menu`
VALUES (108, 'е®Ўи®Ўж—Ҙеҝ—', '', 1, 9, 1, 'log', 'ep:document-copy', '', NULL, 0, b'1', b'1', b'1', 'admin',
        '2021-01-05 17:03:48', '1', '2024-02-29 01:08:30', b'0');
INSERT INTO `system_menu`
VALUES (109, 'д»ӨзүҢз®ЎзҗҶ', '', 2, 2, 1261, 'token', 'fa:key', 'system/oauth2/token/index', 'SystemTokenClient', 0, b'1',
        b'1', b'1', 'admin', '2021-01-05 17:03:48', '1', '2024-02-29 01:13:48', b'0');
INSERT INTO `system_menu`
VALUES (110, 'е®ҡж—¶д»»еҠЎ', '', 2, 7, 2, 'job', 'fa-solid:tasks', 'infra/job/index', 'InfraJob', 0, b'1', b'1', b'1',
        'admin', '2021-01-05 17:03:48', '1', '2024-02-29 08:57:36', b'0');
INSERT INTO `system_menu`
VALUES (111, 'MySQL зӣ‘жҺ§', '', 2, 1, 2740, 'druid', 'fa-solid:box', 'infra/druid/index', 'InfraDruid', 0, b'1', b'1',
        b'1', 'admin', '2021-01-05 17:03:48', '1', '2024-04-23 00:05:58', b'0');
INSERT INTO `system_menu`
VALUES (112, 'Java зӣ‘жҺ§', '', 2, 3, 2740, 'admin-server', 'ep:coffee-cup', 'infra/server/index', 'InfraAdminServer', 0,
        b'1', b'1', b'1', 'admin', '2021-01-05 17:03:48', '1', '2024-04-23 00:06:57', b'0');
INSERT INTO `system_menu`
VALUES (113, 'Redis зӣ‘жҺ§', '', 2, 2, 2740, 'redis', 'fa:reddit-square', 'infra/redis/index', 'InfraRedis', 0, b'1',
        b'1', b'1', 'admin', '2021-01-05 17:03:48', '1', '2024-04-23 00:06:09', b'0');
INSERT INTO `system_menu`
VALUES (114, 'иЎЁеҚ•жһ„е»ә', 'infra:build:list', 2, 2, 2, 'build', 'fa:wpforms', 'infra/build/index', 'InfraBuild', 0, b'1',
        b'1', b'1', 'admin', '2021-01-05 17:03:48', '1', '2024-02-29 08:51:35', b'0');
INSERT INTO `system_menu`
VALUES (115, 'д»Јз Ғз”ҹжҲҗ', 'infra:codegen:query', 2, 1, 2, 'codegen', 'ep:document-copy', 'infra/codegen/index',
        'InfraCodegen', 0, b'1', b'1', b'1', 'admin', '2021-01-05 17:03:48', '1', '2024-02-29 08:51:06', b'0');
INSERT INTO `system_menu`
VALUES (116, 'API жҺҘеҸЈ', 'infra:swagger:list', 2, 3, 2, 'swagger', 'fa:fighter-jet', 'infra/swagger/index',
        'InfraSwagger', 0, b'1', b'1', b'1', 'admin', '2021-01-05 17:03:48', '1', '2024-04-23 00:01:24', b'0');
INSERT INTO `system_menu`
VALUES (500, 'ж“ҚдҪңж—Ҙеҝ—', '', 2, 1, 108, 'operate-log', 'ep:position', 'system/operatelog/index', 'SystemOperateLog', 0,
        b'1', b'1', b'1', 'admin', '2021-01-05 17:03:48', '1', '2024-02-29 01:09:59', b'0');
INSERT INTO `system_menu`
VALUES (501, 'зҷ»еҪ•ж—Ҙеҝ—', '', 2, 2, 108, 'login-log', 'ep:promotion', 'system/loginlog/index', 'SystemLoginLog', 0, b'1',
        b'1', b'1', 'admin', '2021-01-05 17:03:48', '1', '2024-02-29 01:10:29', b'0');
INSERT INTO `system_menu`
VALUES (1001, 'з”ЁжҲ·жҹҘиҜў', 'system:user:query', 3, 1, 100, '', '#', '', NULL, 0, b'1', b'1', b'1', 'admin',
        '2021-01-05 17:03:48', '', '2022-04-20 17:03:10', b'0');
INSERT INTO `system_menu`
VALUES (1002, 'з”ЁжҲ·ж–°еўһ', 'system:user:create', 3, 2, 100, '', '', '', NULL, 0, b'1', b'1', b'1', 'admin',
        '2021-01-05 17:03:48', '1', '2022-04-20 17:03:10', b'0');
INSERT INTO `system_menu`
VALUES (1003, 'з”ЁжҲ·дҝ®ж”№', 'system:user:update', 3, 3, 100, '', '', '', NULL, 0, b'1', b'1', b'1', 'admin',
        '2021-01-05 17:03:48', '1', '2022-04-20 17:03:10', b'0');
INSERT INTO `system_menu`
VALUES (1004, 'з”ЁжҲ·еҲ йҷӨ', 'system:user:delete', 3, 4, 100, '', '', '', NULL, 0, b'1', b'1', b'1', 'admin',
        '2021-01-05 17:03:48', '1', '2022-04-20 17:03:10', b'0');
INSERT INTO `system_menu`
VALUES (1005, 'з”ЁжҲ·еҜјеҮә', 'system:user:export', 3, 5, 100, '', '#', '', NULL, 0, b'1', b'1', b'1', 'admin',
        '2021-01-05 17:03:48', '', '2022-04-20 17:03:10', b'0');
INSERT INTO `system_menu`
VALUES (1006, 'з”ЁжҲ·еҜје…Ҙ', 'system:user:import', 3, 6, 100, '', '#', '', NULL, 0, b'1', b'1', b'1', 'admin',
        '2021-01-05 17:03:48', '', '2022-04-20 17:03:10', b'0');
INSERT INTO `system_menu`
VALUES (1007, 'йҮҚзҪ®еҜҶз Ғ', 'system:user:update-password', 3, 7, 100, '', '', '', NULL, 0, b'1', b'1', b'1', 'admin',
        '2021-01-05 17:03:48', '1', '2022-04-20 17:03:10', b'0');
INSERT INTO `system_menu`
VALUES (1008, 'и§’иүІжҹҘиҜў', 'system:role:query', 3, 1, 101, '', '#', '', NULL, 0, b'1', b'1', b'1', 'admin',
        '2021-01-05 17:03:48', '', '2022-04-20 17:03:10', b'0');
INSERT INTO `system_menu`
VALUES (1009, 'и§’иүІж–°еўһ', 'system:role:create', 3, 2, 101, '', '', '', NULL, 0, b'1', b'1', b'1', 'admin',
        '2021-01-05 17:03:48', '1', '2022-04-20 17:03:10', b'0');
INSERT INTO `system_menu`
VALUES (1010, 'и§’иүІдҝ®ж”№', 'system:role:update', 3, 3, 101, '', '', '', NULL, 0, b'1', b'1', b'1', 'admin',
        '2021-01-05 17:03:48', '1', '2022-04-20 17:03:10', b'0');
INSERT INTO `system_menu`
VALUES (1011, 'и§’иүІеҲ йҷӨ', 'system:role:delete', 3, 4, 101, '', '', '', NULL, 0, b'1', b'1', b'1', 'admin',
        '2021-01-05 17:03:48', '1', '2022-04-20 17:03:10', b'0');
INSERT INTO `system_menu`
VALUES (1012, 'и§’иүІеҜјеҮә', 'system:role:export', 3, 5, 101, '', '#', '', NULL, 0, b'1', b'1', b'1', 'admin',
        '2021-01-05 17:03:48', '', '2022-04-20 17:03:10', b'0');
INSERT INTO `system_menu`
VALUES (1013, 'иҸңеҚ•жҹҘиҜў', 'system:menu:query', 3, 1, 102, '', '#', '', NULL, 0, b'1', b'1', b'1', 'admin',
        '2021-01-05 17:03:48', '', '2022-04-20 17:03:10', b'0');
INSERT INTO `system_menu`
VALUES (1014, 'иҸңеҚ•ж–°еўһ', 'system:menu:create', 3, 2, 102, '', '#', '', NULL, 0, b'1', b'1', b'1', 'admin',
        '2021-01-05 17:03:48', '', '2022-04-20 17:03:10', b'0');
INSERT INTO `system_menu`
VALUES (1015, 'иҸңеҚ•дҝ®ж”№', 'system:menu:update', 3, 3, 102, '', '#', '', NULL, 0, b'1', b'1', b'1', 'admin',
        '2021-01-05 17:03:48', '', '2022-04-20 17:03:10', b'0');
INSERT INTO `system_menu`
VALUES (1016, 'иҸңеҚ•еҲ йҷӨ', 'system:menu:delete', 3, 4, 102, '', '#', '', NULL, 0, b'1', b'1', b'1', 'admin',
        '2021-01-05 17:03:48', '', '2022-04-20 17:03:10', b'0');
INSERT INTO `system_menu`
VALUES (1017, 'йғЁй—ЁжҹҘиҜў', 'system:dept:query', 3, 1, 103, '', '#', '', NULL, 0, b'1', b'1', b'1', 'admin',
        '2021-01-05 17:03:48', '', '2022-04-20 17:03:10', b'0');
INSERT INTO `system_menu`
VALUES (1018, 'йғЁй—Ёж–°еўһ', 'system:dept:create', 3, 2, 103, '', '', '', NULL, 0, b'1', b'1', b'1', 'admin',
        '2021-01-05 17:03:48', '1', '2022-04-20 17:03:10', b'0');
INSERT INTO `system_menu`
VALUES (1019, 'йғЁй—Ёдҝ®ж”№', 'system:dept:update', 3, 3, 103, '', '', '', NULL, 0, b'1', b'1', b'1', 'admin',
        '2021-01-05 17:03:48', '1', '2022-04-20 17:03:10', b'0');
INSERT INTO `system_menu`
VALUES (1020, 'йғЁй—ЁеҲ йҷӨ', 'system:dept:delete', 3, 4, 103, '', '', '', NULL, 0, b'1', b'1', b'1', 'admin',
        '2021-01-05 17:03:48', '1', '2022-04-20 17:03:10', b'0');
INSERT INTO `system_menu`
VALUES (1021, 'еІ—дҪҚжҹҘиҜў', 'system:post:query', 3, 1, 104, '', '#', '', NULL, 0, b'1', b'1', b'1', 'admin',
        '2021-01-05 17:03:48', '', '2022-04-20 17:03:10', b'0');
INSERT INTO `system_menu`
VALUES (1022, 'еІ—дҪҚж–°еўһ', 'system:post:create', 3, 2, 104, '', '', '', NULL, 0, b'1', b'1', b'1', 'admin',
        '2021-01-05 17:03:48', '1', '2022-04-20 17:03:10', b'0');
INSERT INTO `system_menu`
VALUES (1023, 'еІ—дҪҚдҝ®ж”№', 'system:post:update', 3, 3, 104, '', '', '', NULL, 0, b'1', b'1', b'1', 'admin',
        '2021-01-05 17:03:48', '1', '2022-04-20 17:03:10', b'0');
INSERT INTO `system_menu`
VALUES (1024, 'еІ—дҪҚеҲ йҷӨ', 'system:post:delete', 3, 4, 104, '', '', '', NULL, 0, b'1', b'1', b'1', 'admin',
        '2021-01-05 17:03:48', '1', '2022-04-20 17:03:10', b'0');
INSERT INTO `system_menu`
VALUES (1025, 'еІ—дҪҚеҜјеҮә', 'system:post:export', 3, 5, 104, '', '#', '', NULL, 0, b'1', b'1', b'1', 'admin',
        '2021-01-05 17:03:48', '', '2022-04-20 17:03:10', b'0');
INSERT INTO `system_menu`
VALUES (1026, 'еӯ—е…ёжҹҘиҜў', 'system:dict:query', 3, 1, 105, '#', '#', '', NULL, 0, b'1', b'1', b'1', 'admin',
        '2021-01-05 17:03:48', '', '2022-04-20 17:03:10', b'0');
INSERT INTO `system_menu`
VALUES (1027, 'еӯ—е…ёж–°еўһ', 'system:dict:create', 3, 2, 105, '', '', '', NULL, 0, b'1', b'1', b'1', 'admin',
        '2021-01-05 17:03:48', '1', '2022-04-20 17:03:10', b'0');
INSERT INTO `system_menu`
VALUES (1028, 'еӯ—е…ёдҝ®ж”№', 'system:dict:update', 3, 3, 105, '', '', '', NULL, 0, b'1', b'1', b'1', 'admin',
        '2021-01-05 17:03:48', '1', '2022-04-20 17:03:10', b'0');
INSERT INTO `system_menu`
VALUES (1029, 'еӯ—е…ёеҲ йҷӨ', 'system:dict:delete', 3, 4, 105, '', '', '', NULL, 0, b'1', b'1', b'1', 'admin',
        '2021-01-05 17:03:48', '1', '2022-04-20 17:03:10', b'0');
INSERT INTO `system_menu`
VALUES (1030, 'еӯ—е…ёеҜјеҮә', 'system:dict:export', 3, 5, 105, '#', '#', '', NULL, 0, b'1', b'1', b'1', 'admin',
        '2021-01-05 17:03:48', '', '2022-04-20 17:03:10', b'0');
INSERT INTO `system_menu`
VALUES (1031, 'й…ҚзҪ®жҹҘиҜў', 'infra:config:query', 3, 1, 106, '', '', '', NULL, 0, b'1', b'1', b'1', 'admin',
        '2021-01-05 17:03:48', '', '2022-04-20 17:03:10', b'0');
INSERT INTO `system_menu`
VALUES (1032, 'й…ҚзҪ®ж–°еўһ', 'infra:config:create', 3, 2, 106, '', '', '', NULL, 0, b'1', b'1', b'1', 'admin',
        '2021-01-05 17:03:48', '1', '2022-04-20 17:03:10', b'0');
INSERT INTO `system_menu`
VALUES (1033, 'й…ҚзҪ®дҝ®ж”№', 'infra:config:update', 3, 3, 106, '', '', '', NULL, 0, b'1', b'1', b'1', 'admin',
        '2021-01-05 17:03:48', '1', '2022-04-20 17:03:10', b'0');
INSERT INTO `system_menu`
VALUES (1034, 'й…ҚзҪ®еҲ йҷӨ', 'infra:config:delete', 3, 4, 106, '', '', '', NULL, 0, b'1', b'1', b'1', 'admin',
        '2021-01-05 17:03:48', '1', '2022-04-20 17:03:10', b'0');
INSERT INTO `system_menu`
VALUES (1035, 'й…ҚзҪ®еҜјеҮә', 'infra:config:export', 3, 5, 106, '', '', '', NULL, 0, b'1', b'1', b'1', 'admin',
        '2021-01-05 17:03:48', '', '2022-04-20 17:03:10', b'0');
INSERT INTO `system_menu`
VALUES (1036, 'е…¬е‘ҠжҹҘиҜў', 'system:notice:query', 3, 1, 107, '#', '#', '', NULL, 0, b'1', b'1', b'1', 'admin',
        '2021-01-05 17:03:48', '', '2022-04-20 17:03:10', b'0');
INSERT INTO `system_menu`
VALUES (1037, 'е…¬е‘Ҡж–°еўһ', 'system:notice:create', 3, 2, 107, '', '', '', NULL, 0, b'1', b'1', b'1', 'admin',
        '2021-01-05 17:03:48', '1', '2022-04-20 17:03:10', b'0');
INSERT INTO `system_menu`
VALUES (1038, 'е…¬е‘Ҡдҝ®ж”№', 'system:notice:update', 3, 3, 107, '', '', '', NULL, 0, b'1', b'1', b'1', 'admin',
        '2021-01-05 17:03:48', '1', '2022-04-20 17:03:10', b'0');
INSERT INTO `system_menu`
VALUES (1039, 'е…¬е‘ҠеҲ йҷӨ', 'system:notice:delete', 3, 4, 107, '', '', '', NULL, 0, b'1', b'1', b'1', 'admin',
        '2021-01-05 17:03:48', '1', '2022-04-20 17:03:10', b'0');
INSERT INTO `system_menu`
VALUES (1040, 'ж“ҚдҪңжҹҘиҜў', 'system:operate-log:query', 3, 1, 500, '', '', '', NULL, 0, b'1', b'1', b'1', 'admin',
        '2021-01-05 17:03:48', '', '2022-04-20 17:03:10', b'0');
INSERT INTO `system_menu`
VALUES (1042, 'ж—Ҙеҝ—еҜјеҮә', 'system:operate-log:export', 3, 2, 500, '', '', '', NULL, 0, b'1', b'1', b'1', 'admin',
        '2021-01-05 17:03:48', '', '2022-04-20 17:03:10', b'0');
INSERT INTO `system_menu`
VALUES (1043, 'зҷ»еҪ•жҹҘиҜў', 'system:login-log:query', 3, 1, 501, '#', '#', '', NULL, 0, b'1', b'1', b'1', 'admin',
        '2021-01-05 17:03:48', '', '2022-04-20 17:03:10', b'0');
INSERT INTO `system_menu`
VALUES (1045, 'ж—Ҙеҝ—еҜјеҮә', 'system:login-log:export', 3, 3, 501, '#', '#', '', NULL, 0, b'1', b'1', b'1', 'admin',
        '2021-01-05 17:03:48', '', '2022-04-20 17:03:10', b'0');
INSERT INTO `system_menu`
VALUES (1046, 'д»ӨзүҢеҲ—иЎЁ', 'system:oauth2-token:page', 3, 1, 109, '', '', '', NULL, 0, b'1', b'1', b'1', 'admin',
        '2021-01-05 17:03:48', '1', '2022-05-09 23:54:42', b'0');
INSERT INTO `system_menu`
VALUES (1048, 'д»ӨзүҢеҲ йҷӨ', 'system:oauth2-token:delete', 3, 2, 109, '', '', '', NULL, 0, b'1', b'1', b'1', 'admin',
        '2021-01-05 17:03:48', '1', '2022-05-09 23:54:53', b'0');
INSERT INTO `system_menu`
VALUES (1050, 'д»»еҠЎж–°еўһ', 'infra:job:create', 3, 2, 110, '', '', '', NULL, 0, b'1', b'1', b'1', 'admin',
        '2021-01-05 17:03:48', '', '2022-04-20 17:03:10', b'0');
INSERT INTO `system_menu`
VALUES (1051, 'д»»еҠЎдҝ®ж”№', 'infra:job:update', 3, 3, 110, '', '', '', NULL, 0, b'1', b'1', b'1', 'admin',
        '2021-01-05 17:03:48', '', '2022-04-20 17:03:10', b'0');
INSERT INTO `system_menu`
VALUES (1052, 'д»»еҠЎеҲ йҷӨ', 'infra:job:delete', 3, 4, 110, '', '', '', NULL, 0, b'1', b'1', b'1', 'admin',
        '2021-01-05 17:03:48', '', '2022-04-20 17:03:10', b'0');
INSERT INTO `system_menu`
VALUES (1053, 'зҠ¶жҖҒдҝ®ж”№', 'infra:job:update', 3, 5, 110, '', '', '', NULL, 0, b'1', b'1', b'1', 'admin',
        '2021-01-05 17:03:48', '', '2022-04-20 17:03:10', b'0');
INSERT INTO `system_menu`
VALUES (1054, 'д»»еҠЎеҜјеҮә', 'infra:job:export', 3, 7, 110, '', '', '', NULL, 0, b'1', b'1', b'1', 'admin',
        '2021-01-05 17:03:48', '', '2022-04-20 17:03:10', b'0');
INSERT INTO `system_menu`
VALUES (1056, 'з”ҹжҲҗдҝ®ж”№', 'infra:codegen:update', 3, 2, 115, '', '', '', NULL, 0, b'1', b'1', b'1', 'admin',
        '2021-01-05 17:03:48', '1', '2022-04-20 17:03:10', b'0');
INSERT INTO `system_menu`
VALUES (1057, 'з”ҹжҲҗеҲ йҷӨ', 'infra:codegen:delete', 3, 3, 115, '', '', '', NULL, 0, b'1', b'1', b'1', 'admin',
        '2021-01-05 17:03:48', '1', '2022-04-20 17:03:10', b'0');
INSERT INTO `system_menu`
VALUES (1058, 'еҜје…Ҙд»Јз Ғ', 'infra:codegen:create', 3, 2, 115, '', '', '', NULL, 0, b'1', b'1', b'1', 'admin',
        '2021-01-05 17:03:48', '1', '2022-04-20 17:03:10', b'0');
INSERT INTO `system_menu`
VALUES (1059, 'йў„и§Ҳд»Јз Ғ', 'infra:codegen:preview', 3, 4, 115, '', '', '', NULL, 0, b'1', b'1', b'1', 'admin',
        '2021-01-05 17:03:48', '1', '2022-04-20 17:03:10', b'0');
INSERT INTO `system_menu`
VALUES (1060, 'з”ҹжҲҗд»Јз Ғ', 'infra:codegen:download', 3, 5, 115, '', '', '', NULL, 0, b'1', b'1', b'1', 'admin',
        '2021-01-05 17:03:48', '1', '2022-04-20 17:03:10', b'0');
INSERT INTO `system_menu`
VALUES (1063, 'и®ҫзҪ®и§’иүІиҸңеҚ•жқғйҷҗ', 'system:permission:assign-role-menu', 3, 6, 101, '', '', '', NULL, 0, b'1', b'1',
        b'1', '', '2021-01-06 17:53:44', '', '2022-04-20 17:03:10', b'0');
INSERT INTO `system_menu`
VALUES (1064, 'и®ҫзҪ®и§’иүІж•°жҚ®жқғйҷҗ', 'system:permission:assign-role-data-scope', 3, 7, 101, '', '', '', NULL, 0, b'1',
        b'1', b'1', '', '2021-01-06 17:56:31', '', '2022-04-20 17:03:10', b'0');
INSERT INTO `system_menu`
VALUES (1065, 'и®ҫзҪ®з”ЁжҲ·и§’иүІ', 'system:permission:assign-user-role', 3, 8, 101, '', '', '', NULL, 0, b'1', b'1', b'1',
        '', '2021-01-07 10:23:28', '', '2022-04-20 17:03:10', b'0');
INSERT INTO `system_menu`
VALUES (1066, 'иҺ·еҫ— Redis зӣ‘жҺ§дҝЎжҒҜ', 'infra:redis:get-monitor-info', 3, 1, 113, '', '', '', NULL, 0, b'1', b'1', b'1',
        '', '2021-01-26 01:02:31', '', '2022-04-20 17:03:10', b'0');
INSERT INTO `system_menu`
VALUES (1067, 'иҺ·еҫ— Redis Key еҲ—иЎЁ', 'infra:redis:get-key-list', 3, 2, 113, '', '', '', NULL, 0, b'1', b'1', b'1', '',
        '2021-01-26 01:02:52', '', '2022-04-20 17:03:10', b'0');
INSERT INTO `system_menu`
VALUES (1070, 'д»Јз Ғз”ҹжҲҗжЎҲдҫӢ', '', 1, 1, 2, 'demo', 'ep:aim', 'infra/testDemo/index', NULL, 0, b'1', b'1', b'1', '',
        '2021-02-06 12:42:49', '1', '2023-11-15 23:45:53', b'0');
INSERT INTO `system_menu`
VALUES (1075, 'д»»еҠЎи§ҰеҸ‘', 'infra:job:trigger', 3, 8, 110, '', '', '', NULL, 0, b'1', b'1', b'1', '',
        '2021-02-07 13:03:10', '', '2022-04-20 17:03:10', b'0');
INSERT INTO `system_menu`
VALUES (1077, 'й“ҫи·ҜиҝҪиёӘ', '', 2, 4, 2740, 'skywalking', 'fa:eye', 'infra/skywalking/index', 'InfraSkyWalking', 0, b'1',
        b'1', b'1', '', '2021-02-08 20:41:31', '1', '2024-04-23 00:07:15', b'0');
INSERT INTO `system_menu`
VALUES (1078, 'и®ҝй—®ж—Ҙеҝ—', '', 2, 1, 1083, 'api-access-log', 'ep:place', 'infra/apiAccessLog/index', 'InfraApiAccessLog',
        0, b'1', b'1', b'1', '', '2021-02-26 01:32:59', '1', '2024-02-29 08:54:57', b'0');
INSERT INTO `system_menu`
VALUES (1082, 'ж—Ҙеҝ—еҜјеҮә', 'infra:api-access-log:export', 3, 2, 1078, '', '', '', NULL, 0, b'1', b'1', b'1', '',
        '2021-02-26 01:32:59', '1', '2022-04-20 17:03:10', b'0');
INSERT INTO `system_menu`
VALUES (1083, 'API ж—Ҙеҝ—', '', 2, 4, 2, 'log', 'fa:tasks', NULL, NULL, 0, b'1', b'1', b'1', '', '2021-02-26 02:18:24',
        '1', '2024-04-22 23:58:36', b'0');
INSERT INTO `system_menu`
VALUES (1084, 'й”ҷиҜҜж—Ҙеҝ—', 'infra:api-error-log:query', 2, 2, 1083, 'api-error-log', 'ep:warning-filled',
        'infra/apiErrorLog/index', 'InfraApiErrorLog', 0, b'1', b'1', b'1', '', '2021-02-26 07:53:20', '1',
        '2024-02-29 08:55:17', b'0');
INSERT INTO `system_menu`
VALUES (1085, 'ж—Ҙеҝ—еӨ„зҗҶ', 'infra:api-error-log:update-status', 3, 2, 1084, '', '', '', NULL, 0, b'1', b'1', b'1', '',
        '2021-02-26 07:53:20', '1', '2022-04-20 17:03:10', b'0');
INSERT INTO `system_menu`
VALUES (1086, 'ж—Ҙеҝ—еҜјеҮә', 'infra:api-error-log:export', 3, 3, 1084, '', '', '', NULL, 0, b'1', b'1', b'1', '',
        '2021-02-26 07:53:20', '1', '2022-04-20 17:03:10', b'0');
INSERT INTO `system_menu`
VALUES (1087, 'д»»еҠЎжҹҘиҜў', 'infra:job:query', 3, 1, 110, '', '', '', NULL, 0, b'1', b'1', b'1', '1',
        '2021-03-10 01:26:19', '1', '2022-04-20 17:03:10', b'0');
INSERT INTO `system_menu`
VALUES (1088, 'ж—Ҙеҝ—жҹҘиҜў', 'infra:api-access-log:query', 3, 1, 1078, '', '', '', NULL, 0, b'1', b'1', b'1', '1',
        '2021-03-10 01:28:04', '1', '2022-04-20 17:03:10', b'0');
INSERT INTO `system_menu`
VALUES (1089, 'ж—Ҙеҝ—жҹҘиҜў', 'infra:api-error-log:query', 3, 1, 1084, '', '', '', NULL, 0, b'1', b'1', b'1', '1',
        '2021-03-10 01:29:09', '1', '2022-04-20 17:03:10', b'0');
INSERT INTO `system_menu`
VALUES (1090, 'ж–Үд»¶еҲ—иЎЁ', '', 2, 5, 1243, 'file', 'ep:upload-filled', 'infra/file/index', 'InfraFile', 0, b'1', b'1',
        b'1', '', '2021-03-12 20:16:20', '1', '2024-02-29 08:53:02', b'0');
INSERT INTO `system_menu`
VALUES (1091, 'ж–Үд»¶жҹҘиҜў', 'infra:file:query', 3, 1, 1090, '', '', '', NULL, 0, b'1', b'1', b'1', '',
        '2021-03-12 20:16:20', '', '2022-04-20 17:03:10', b'0');
INSERT INTO `system_menu`
VALUES (1092, 'ж–Үд»¶еҲ йҷӨ', 'infra:file:delete', 3, 4, 1090, '', '', '', NULL, 0, b'1', b'1', b'1', '',
        '2021-03-12 20:16:20', '', '2022-04-20 17:03:10', b'0');
INSERT INTO `system_menu`
VALUES (1093, 'зҹӯдҝЎз®ЎзҗҶ', '', 1, 1, 2739, 'sms', 'ep:message', NULL, NULL, 0, b'1', b'1', b'1', '1',
        '2021-04-05 01:10:16', '1', '2024-04-22 23:56:03', b'0');
INSERT INTO `system_menu`
VALUES (1094, 'зҹӯдҝЎжё йҒ“', '', 2, 0, 1093, 'sms-channel', 'fa:stack-exchange', 'system/sms/channel/index',
        'SystemSmsChannel', 0, b'1', b'1', b'1', '', '2021-04-01 11:07:15', '1', '2024-02-29 01:15:54', b'0');
INSERT INTO `system_menu`
VALUES (1095, 'зҹӯдҝЎжё йҒ“жҹҘиҜў', 'system:sms-channel:query', 3, 1, 1094, '', '', '', NULL, 0, b'1', b'1', b'1', '',
        '2021-04-01 11:07:15', '', '2022-04-20 17:03:10', b'0');
INSERT INTO `system_menu`
VALUES (1096, 'зҹӯдҝЎжё йҒ“еҲӣе»ә', 'system:sms-channel:create', 3, 2, 1094, '', '', '', NULL, 0, b'1', b'1', b'1', '',
        '2021-04-01 11:07:15', '', '2022-04-20 17:03:10', b'0');
INSERT INTO `system_menu`
VALUES (1097, 'зҹӯдҝЎжё йҒ“жӣҙж–°', 'system:sms-channel:update', 3, 3, 1094, '', '', '', NULL, 0, b'1', b'1', b'1', '',
        '2021-04-01 11:07:15', '', '2022-04-20 17:03:10', b'0');
INSERT INTO `system_menu`
VALUES (1098, 'зҹӯдҝЎжё йҒ“еҲ йҷӨ', 'system:sms-channel:delete', 3, 4, 1094, '', '', '', NULL, 0, b'1', b'1', b'1', '',
        '2021-04-01 11:07:15', '', '2022-04-20 17:03:10', b'0');
INSERT INTO `system_menu`
VALUES (1100, 'зҹӯдҝЎжЁЎжқҝ', '', 2, 1, 1093, 'sms-template', 'ep:connection', 'system/sms/template/index',
        'SystemSmsTemplate', 0, b'1', b'1', b'1', '', '2021-04-01 17:35:17', '1', '2024-02-29 01:16:18', b'0');
INSERT INTO `system_menu`
VALUES (1101, 'зҹӯдҝЎжЁЎжқҝжҹҘиҜў', 'system:sms-template:query', 3, 1, 1100, '', '', '', NULL, 0, b'1', b'1', b'1', '',
        '2021-04-01 17:35:17', '', '2022-04-20 17:03:10', b'0');
INSERT INTO `system_menu`
VALUES (1102, 'зҹӯдҝЎжЁЎжқҝеҲӣе»ә', 'system:sms-template:create', 3, 2, 1100, '', '', '', NULL, 0, b'1', b'1', b'1', '',
        '2021-04-01 17:35:17', '', '2022-04-20 17:03:10', b'0');
INSERT INTO `system_menu`
VALUES (1103, 'зҹӯдҝЎжЁЎжқҝжӣҙж–°', 'system:sms-template:update', 3, 3, 1100, '', '', '', NULL, 0, b'1', b'1', b'1', '',
        '2021-04-01 17:35:17', '', '2022-04-20 17:03:10', b'0');
INSERT INTO `system_menu`
VALUES (1104, 'зҹӯдҝЎжЁЎжқҝеҲ йҷӨ', 'system:sms-template:delete', 3, 4, 1100, '', '', '', NULL, 0, b'1', b'1', b'1', '',
        '2021-04-01 17:35:17', '', '2022-04-20 17:03:10', b'0');
INSERT INTO `system_menu`
VALUES (1105, 'зҹӯдҝЎжЁЎжқҝеҜјеҮә', 'system:sms-template:export', 3, 5, 1100, '', '', '', NULL, 0, b'1', b'1', b'1', '',
        '2021-04-01 17:35:17', '', '2022-04-20 17:03:10', b'0');
INSERT INTO `system_menu`
VALUES (1106, 'еҸ‘йҖҒжөӢиҜ•зҹӯдҝЎ', 'system:sms-template:send-sms', 3, 6, 1100, '', '', '', NULL, 0, b'1', b'1', b'1', '1',
        '2021-04-11 00:26:40', '1', '2022-04-20 17:03:10', b'0');
INSERT INTO `system_menu`
VALUES (1107, 'зҹӯдҝЎж—Ҙеҝ—', '', 2, 2, 1093, 'sms-log', 'fa:edit', 'system/sms/log/index', 'SystemSmsLog', 0, b'1', b'1',
        b'1', '', '2021-04-11 08:37:05', '1', '2024-02-29 08:49:02', b'0');
INSERT INTO `system_menu`
VALUES (1108, 'зҹӯдҝЎж—Ҙеҝ—жҹҘиҜў', 'system:sms-log:query', 3, 1, 1107, '', '', '', NULL, 0, b'1', b'1', b'1', '',
        '2021-04-11 08:37:05', '', '2022-04-20 17:03:10', b'0');
INSERT INTO `system_menu`
VALUES (1109, 'зҹӯдҝЎж—Ҙеҝ—еҜјеҮә', 'system:sms-log:export', 3, 5, 1107, '', '', '', NULL, 0, b'1', b'1', b'1', '',
        '2021-04-11 08:37:05', '', '2022-04-20 17:03:10', b'0');
INSERT INTO `system_menu`
VALUES (1117, 'ж”Ҝд»ҳз®ЎзҗҶ', '', 1, 30, 0, '/pay', 'ep:money', NULL, NULL, 1, b'1', b'1', b'1', '1', '2021-12-25 16:43:41',
        '1', '2026-03-16 15:23:53', b'0');
INSERT INTO `system_menu`
VALUES (1118, 'иҜ·еҒҮжҹҘиҜў', '', 2, 0, 5, 'leave', 'fa:leanpub', 'bpm/oa/leave/index', 'BpmOALeave', 0, b'1', b'1', b'1',
        '', '2021-09-20 08:51:03', '1', '2024-02-29 12:38:21', b'0');
INSERT INTO `system_menu`
VALUES (1119, 'иҜ·еҒҮз”іиҜ·жҹҘиҜў', 'bpm:oa-leave:query', 3, 1, 1118, '', '', '', NULL, 0, b'1', b'1', b'1', '',
        '2021-09-20 08:51:03', '1', '2022-04-20 17:03:10', b'0');
INSERT INTO `system_menu`
VALUES (1120, 'иҜ·еҒҮз”іиҜ·еҲӣе»ә', 'bpm:oa-leave:create', 3, 2, 1118, '', '', '', NULL, 0, b'1', b'1', b'1', '',
        '2021-09-20 08:51:03', '1', '2022-04-20 17:03:10', b'0');
INSERT INTO `system_menu`
VALUES (1126, 'еә”з”ЁдҝЎжҒҜ', '', 2, 1, 1117, 'app', 'fa:apple', 'pay/app/index', 'PayApp', 0, b'1', b'1', b'1', '',
        '2021-11-10 01:13:30', '1', '2024-02-29 08:59:55', b'0');
INSERT INTO `system_menu`
VALUES (1127, 'ж”Ҝд»ҳеә”з”ЁдҝЎжҒҜжҹҘиҜў', 'pay:app:query', 3, 1, 1126, '', '', '', NULL, 0, b'1', b'1', b'1', '',
        '2021-11-10 01:13:31', '', '2022-04-20 17:03:10', b'0');
INSERT INTO `system_menu`
VALUES (1128, 'ж”Ҝд»ҳеә”з”ЁдҝЎжҒҜеҲӣе»ә', 'pay:app:create', 3, 2, 1126, '', '', '', NULL, 0, b'1', b'1', b'1', '',
        '2021-11-10 01:13:31', '', '2022-04-20 17:03:10', b'0');
INSERT INTO `system_menu`
VALUES (1129, 'ж”Ҝд»ҳеә”з”ЁдҝЎжҒҜжӣҙж–°', 'pay:app:update', 3, 3, 1126, '', '', '', NULL, 0, b'1', b'1', b'1', '',
        '2021-11-10 01:13:31', '', '2022-04-20 17:03:10', b'0');
INSERT INTO `system_menu`
VALUES (1130, 'ж”Ҝд»ҳеә”з”ЁдҝЎжҒҜеҲ йҷӨ', 'pay:app:delete', 3, 4, 1126, '', '', '', NULL, 0, b'1', b'1', b'1', '',
        '2021-11-10 01:13:31', '', '2022-04-20 17:03:10', b'0');
INSERT INTO `system_menu`
VALUES (1132, 'з§ҳй’Ҙи§Јжһҗ', 'pay:channel:parsing', 3, 6, 1129, '', '', '', NULL, 0, b'1', b'1', b'1', '1',
        '2021-11-08 15:15:47', '1', '2022-04-20 17:03:10', b'0');
INSERT INTO `system_menu`
VALUES (1133, 'ж”Ҝд»ҳе•ҶжҲ·дҝЎжҒҜжҹҘиҜў', 'pay:merchant:query', 3, 1, 1132, '', '', '', NULL, 0, b'1', b'1', b'1', '',
        '2021-11-10 01:13:41', '', '2022-04-20 17:03:10', b'0');
INSERT INTO `system_menu`
VALUES (1134, 'ж”Ҝд»ҳе•ҶжҲ·дҝЎжҒҜеҲӣе»ә', 'pay:merchant:create', 3, 2, 1132, '', '', '', NULL, 0, b'1', b'1', b'1', '',
        '2021-11-10 01:13:41', '', '2022-04-20 17:03:10', b'0');
INSERT INTO `system_menu`
VALUES (1135, 'ж”Ҝд»ҳе•ҶжҲ·дҝЎжҒҜжӣҙж–°', 'pay:merchant:update', 3, 3, 1132, '', '', '', NULL, 0, b'1', b'1', b'1', '',
        '2021-11-10 01:13:41', '', '2022-04-20 17:03:10', b'0');
INSERT INTO `system_menu`
VALUES (1136, 'ж”Ҝд»ҳе•ҶжҲ·дҝЎжҒҜеҲ йҷӨ', 'pay:merchant:delete', 3, 4, 1132, '', '', '', NULL, 0, b'1', b'1', b'1', '',
        '2021-11-10 01:13:41', '', '2022-04-20 17:03:10', b'0');
INSERT INTO `system_menu`
VALUES (1137, 'ж”Ҝд»ҳе•ҶжҲ·дҝЎжҒҜеҜјеҮә', 'pay:merchant:export', 3, 5, 1132, '', '', '', NULL, 0, b'1', b'1', b'1', '',
        '2021-11-10 01:13:41', '', '2022-04-20 17:03:10', b'0');
INSERT INTO `system_menu`
VALUES (1138, 'з§ҹжҲ·еҲ—иЎЁ', '', 2, 0, 1224, 'list', 'ep:house', 'system/tenant/index', 'SystemTenant', 0, b'1', b'1',
        b'1', '', '2021-12-14 12:31:43', '1', '2024-02-29 01:01:10', b'0');
INSERT INTO `system_menu`
VALUES (1139, 'з§ҹжҲ·жҹҘиҜў', 'system:tenant:query', 3, 1, 1138, '', '', '', NULL, 0, b'1', b'1', b'1', '',
        '2021-12-14 12:31:44', '', '2022-04-20 17:03:10', b'0');
INSERT INTO `system_menu`
VALUES (1140, 'з§ҹжҲ·еҲӣе»ә', 'system:tenant:create', 3, 2, 1138, '', '', '', NULL, 0, b'1', b'1', b'1', '',
        '2021-12-14 12:31:44', '', '2022-04-20 17:03:10', b'0');
INSERT INTO `system_menu`
VALUES (1141, 'з§ҹжҲ·жӣҙж–°', 'system:tenant:update', 3, 3, 1138, '', '', '', NULL, 0, b'1', b'1', b'1', '',
        '2021-12-14 12:31:44', '', '2022-04-20 17:03:10', b'0');
INSERT INTO `system_menu`
VALUES (1142, 'з§ҹжҲ·еҲ йҷӨ', 'system:tenant:delete', 3, 4, 1138, '', '', '', NULL, 0, b'1', b'1', b'1', '',
        '2021-12-14 12:31:44', '', '2022-04-20 17:03:10', b'0');
INSERT INTO `system_menu`
VALUES (1143, 'з§ҹжҲ·еҜјеҮә', 'system:tenant:export', 3, 5, 1138, '', '', '', NULL, 0, b'1', b'1', b'1', '',
        '2021-12-14 12:31:44', '', '2022-04-20 17:03:10', b'0');
INSERT INTO `system_menu`
VALUES (1150, 'з§ҳй’Ҙи§Јжһҗ', '', 3, 6, 1129, '', '', '', NULL, 0, b'1', b'1', b'1', '1', '2021-11-08 15:15:47', '1',
        '2022-04-20 17:03:10', b'0');
INSERT INTO `system_menu`
VALUES (1161, 'йҖҖж¬ҫи®ўеҚ•', '', 2, 3, 1117, 'refund', 'fa:registered', 'pay/refund/index', 'PayRefund', 0, b'1', b'1',
        b'1', '', '2021-12-25 08:29:07', '1', '2024-02-29 08:59:20', b'0');
INSERT INTO `system_menu`
VALUES (1162, 'йҖҖж¬ҫи®ўеҚ•жҹҘиҜў', 'pay:refund:query', 3, 1, 1161, '', '', '', NULL, 0, b'1', b'1', b'1', '',
        '2021-12-25 08:29:07', '', '2022-04-20 17:03:10', b'0');
INSERT INTO `system_menu`
VALUES (1166, 'йҖҖж¬ҫи®ўеҚ•еҜјеҮә', 'pay:refund:export', 3, 5, 1161, '', '', '', NULL, 0, b'1', b'1', b'1', '',
        '2021-12-25 08:29:07', '', '2022-04-20 17:03:10', b'0');
INSERT INTO `system_menu`
VALUES (1173, 'ж”Ҝд»ҳи®ўеҚ•', '', 2, 2, 1117, 'order', 'fa:cc-paypal', 'pay/order/index', 'PayOrder', 0, b'1', b'1', b'1',
        '', '2021-12-25 08:49:43', '1', '2024-02-29 08:59:43', b'0');
INSERT INTO `system_menu`
VALUES (1174, 'ж”Ҝд»ҳи®ўеҚ•жҹҘиҜў', 'pay:order:query', 3, 1, 1173, '', '', '', NULL, 0, b'1', b'1', b'1', '',
        '2021-12-25 08:49:43', '', '2022-04-20 17:03:10', b'0');
INSERT INTO `system_menu`
VALUES (1178, 'ж”Ҝд»ҳи®ўеҚ•еҜјеҮә', 'pay:order:export', 3, 5, 1173, '', '', '', NULL, 0, b'1', b'1', b'1', '',
        '2021-12-25 08:49:43', '', '2022-04-20 17:03:10', b'0');
INSERT INTO `system_menu`
VALUES (1185, 'е·ҘдҪңжөҒзЁӢ', '', 1, 50, 0, '/bpm', 'fa:medium', NULL, NULL, 1, b'1', b'1', b'1', '1',
        '2021-12-30 20:26:36', '1', '2026-03-16 15:23:54', b'0');
INSERT INTO `system_menu`
VALUES (1186, 'жөҒзЁӢз®ЎзҗҶ', '', 1, 10, 1185, 'manager', 'fa:dedent', NULL, NULL, 0, b'1', b'1', b'1', '1',
        '2021-12-30 20:28:30', '1', '2024-02-29 12:36:02', b'0');
INSERT INTO `system_menu`
VALUES (1187, 'жөҒзЁӢиЎЁеҚ•', '', 2, 2, 1186, 'form', 'fa:hdd-o', 'bpm/form/index', 'BpmForm', 0, b'1', b'1', b'1', '',
        '2021-12-30 12:38:22', '1', '2024-03-19 12:25:25', b'0');
INSERT INTO `system_menu`
VALUES (1188, 'иЎЁеҚ•жҹҘиҜў', 'bpm:form:query', 3, 1, 1187, '', '', '', NULL, 0, b'1', b'1', b'1', '',
        '2021-12-30 12:38:22', '1', '2022-04-20 17:03:10', b'0');
INSERT INTO `system_menu`
VALUES (1189, 'иЎЁеҚ•еҲӣе»ә', 'bpm:form:create', 3, 2, 1187, '', '', '', NULL, 0, b'1', b'1', b'1', '',
        '2021-12-30 12:38:22', '1', '2022-04-20 17:03:10', b'0');
INSERT INTO `system_menu`
VALUES (1190, 'иЎЁеҚ•жӣҙж–°', 'bpm:form:update', 3, 3, 1187, '', '', '', NULL, 0, b'1', b'1', b'1', '',
        '2021-12-30 12:38:22', '1', '2022-04-20 17:03:10', b'0');
INSERT INTO `system_menu`
VALUES (1191, 'иЎЁеҚ•еҲ йҷӨ', 'bpm:form:delete', 3, 4, 1187, '', '', '', NULL, 0, b'1', b'1', b'1', '',
        '2021-12-30 12:38:22', '1', '2022-04-20 17:03:10', b'0');
INSERT INTO `system_menu`
VALUES (1192, 'иЎЁеҚ•еҜјеҮә', 'bpm:form:export', 3, 5, 1187, '', '', '', NULL, 0, b'1', b'1', b'1', '',
        '2021-12-30 12:38:22', '1', '2022-04-20 17:03:10', b'0');
INSERT INTO `system_menu`
VALUES (1193, 'жөҒзЁӢжЁЎеһӢ', '', 2, 1, 1186, 'model', 'fa-solid:project-diagram', 'bpm/model/index', 'BpmModel', 0, b'1',
        b'1', b'1', '1', '2021-12-31 23:24:58', '1', '2024-03-19 12:25:19', b'0');
INSERT INTO `system_menu`
VALUES (1194, 'жЁЎеһӢжҹҘиҜў', 'bpm:model:query', 3, 1, 1193, '', '', '', NULL, 0, b'1', b'1', b'1', '1',
        '2022-01-03 19:01:10', '1', '2022-04-20 17:03:10', b'0');
INSERT INTO `system_menu`
VALUES (1195, 'жЁЎеһӢеҲӣе»ә', 'bpm:model:create', 3, 2, 1193, '', '', '', NULL, 0, b'1', b'1', b'1', '1',
        '2022-01-03 19:01:24', '1', '2022-04-20 17:03:10', b'0');
INSERT INTO `system_menu`
VALUES (1197, 'жЁЎеһӢжӣҙж–°', 'bpm:model:update', 3, 4, 1193, '', '', '', NULL, 0, b'1', b'1', b'1', '1',
        '2022-01-03 19:02:28', '1', '2022-04-20 17:03:10', b'0');
INSERT INTO `system_menu`
VALUES (1198, 'жЁЎеһӢеҲ йҷӨ', 'bpm:model:delete', 3, 5, 1193, '', '', '', NULL, 0, b'1', b'1', b'1', '1',
        '2022-01-03 19:02:43', '1', '2022-04-20 17:03:10', b'0');
INSERT INTO `system_menu`
VALUES (1199, 'жЁЎеһӢеҸ‘еёғ', 'bpm:model:deploy', 3, 6, 1193, '', '', '', NULL, 0, b'1', b'1', b'1', '1',
        '2022-01-03 19:03:24', '1', '2022-04-20 17:03:10', b'0');
INSERT INTO `system_menu`
VALUES (1200, 'е®Ўжү№дёӯеҝғ', '', 2, 20, 1185, 'task', 'fa:tasks', NULL, NULL, 0, b'1', b'1', b'1', '1',
        '2022-01-07 23:51:48', '1', '2024-03-21 00:33:15', b'0');
INSERT INTO `system_menu`
VALUES (1201, 'жҲ‘зҡ„жөҒзЁӢ', '', 2, 1, 1200, 'my', 'fa-solid:book', 'bpm/processInstance/index', 'BpmProcessInstanceMy', 0,
        b'1', b'1', b'1', '', '2022-01-07 15:53:44', '1', '2024-03-21 23:52:12', b'0');
INSERT INTO `system_menu`
VALUES (1202, 'жөҒзЁӢе®һдҫӢзҡ„жҹҘиҜў', 'bpm:process-instance:query', 3, 1, 1201, '', '', '', NULL, 0, b'1', b'1', b'1', '',
        '2022-01-07 15:53:44', '1', '2022-04-20 17:03:10', b'0');
INSERT INTO `system_menu`
VALUES (1207, 'еҫ…еҠһд»»еҠЎ', '', 2, 10, 1200, 'todo', 'fa:slack', 'bpm/task/todo/index', 'BpmTodoTask', 0, b'1', b'1',
        b'1', '1', '2022-01-08 10:33:37', '1', '2024-02-29 12:37:39', b'0');
INSERT INTO `system_menu`
VALUES (1208, 'е·ІеҠһд»»еҠЎ', '', 2, 20, 1200, 'done', 'fa:delicious', 'bpm/task/done/index', 'BpmDoneTask', 0, b'1', b'1',
        b'1', '1', '2022-01-08 10:34:13', '1', '2024-02-29 12:37:54', b'0');
INSERT INTO `system_menu`
VALUES (1209, 'з”ЁжҲ·еҲҶз»„', '', 2, 4, 1186, 'user-group', 'fa:user-secret', 'bpm/group/index', 'BpmUserGroup', 0, b'1',
        b'1', b'1', '', '2022-01-14 02:14:20', '1', '2024-03-21 23:55:29', b'0');
INSERT INTO `system_menu`
VALUES (1210, 'з”ЁжҲ·з»„жҹҘиҜў', 'bpm:user-group:query', 3, 1, 1209, '', '', '', NULL, 0, b'1', b'1', b'1', '',
        '2022-01-14 02:14:20', '', '2022-04-20 17:03:10', b'0');
INSERT INTO `system_menu`
VALUES (1211, 'з”ЁжҲ·з»„еҲӣе»ә', 'bpm:user-group:create', 3, 2, 1209, '', '', '', NULL, 0, b'1', b'1', b'1', '',
        '2022-01-14 02:14:20', '', '2022-04-20 17:03:10', b'0');
INSERT INTO `system_menu`
VALUES (1212, 'з”ЁжҲ·з»„жӣҙж–°', 'bpm:user-group:update', 3, 3, 1209, '', '', '', NULL, 0, b'1', b'1', b'1', '',
        '2022-01-14 02:14:20', '', '2022-04-20 17:03:10', b'0');
INSERT INTO `system_menu`
VALUES (1213, 'з”ЁжҲ·з»„еҲ йҷӨ', 'bpm:user-group:delete', 3, 4, 1209, '', '', '', NULL, 0, b'1', b'1', b'1', '',
        '2022-01-14 02:14:20', '', '2022-04-20 17:03:10', b'0');
INSERT INTO `system_menu`
VALUES (1215, 'жөҒзЁӢе®ҡд№үжҹҘиҜў', 'bpm:process-definition:query', 3, 10, 1193, '', '', '', NULL, 0, b'1', b'1', b'1', '1',
        '2022-01-23 00:21:43', '1', '2022-04-20 17:03:10', b'0');
INSERT INTO `system_menu`
VALUES (1216, 'жөҒзЁӢд»»еҠЎеҲҶй…Қи§„еҲҷжҹҘиҜў', 'bpm:task-assign-rule:query', 3, 20, 1193, '', '', '', NULL, 0, b'1', b'1', b'1',
        '1', '2022-01-23 00:26:53', '1', '2022-04-20 17:03:10', b'0');
INSERT INTO `system_menu`
VALUES (1217, 'жөҒзЁӢд»»еҠЎеҲҶй…Қи§„еҲҷеҲӣе»ә', 'bpm:task-assign-rule:create', 3, 21, 1193, '', '', '', NULL, 0, b'1', b'1', b'1',
        '1', '2022-01-23 00:28:15', '1', '2022-04-20 17:03:10', b'0');
INSERT INTO `system_menu`
VALUES (1218, 'жөҒзЁӢд»»еҠЎеҲҶй…Қи§„еҲҷжӣҙж–°', 'bpm:task-assign-rule:update', 3, 22, 1193, '', '', '', NULL, 0, b'1', b'1', b'1',
        '1', '2022-01-23 00:28:41', '1', '2022-04-20 17:03:10', b'0');
INSERT INTO `system_menu`
VALUES (1219, 'жөҒзЁӢе®һдҫӢзҡ„еҲӣе»ә', 'bpm:process-instance:create', 3, 2, 1201, '', '', '', NULL, 0, b'1', b'1', b'1', '1',
        '2022-01-23 00:36:15', '1', '2022-04-20 17:03:10', b'0');
INSERT INTO `system_menu`
VALUES (1220, 'жөҒзЁӢе®һдҫӢзҡ„еҸ–ж¶Ҳ', 'bpm:process-instance:cancel', 3, 3, 1201, '', '', '', NULL, 0, b'1', b'1', b'1', '1',
        '2022-01-23 00:36:33', '1', '2022-04-20 17:03:10', b'0');
INSERT INTO `system_menu`
VALUES (1221, 'жөҒзЁӢд»»еҠЎзҡ„жҹҘиҜў', 'bpm:task:query', 3, 1, 1207, '', '', '', NULL, 0, b'1', b'1', b'1', '1',
        '2022-01-23 00:38:52', '1', '2022-04-20 17:03:10', b'0');
INSERT INTO `system_menu`
VALUES (1222, 'жөҒзЁӢд»»еҠЎзҡ„жӣҙж–°', 'bpm:task:update', 3, 2, 1207, '', '', '', NULL, 0, b'1', b'1', b'1', '1',
        '2022-01-23 00:39:24', '1', '2022-04-20 17:03:10', b'0');
INSERT INTO `system_menu`
VALUES (1224, 'з§ҹжҲ·з®ЎзҗҶ', '', 2, 0, 1, 'tenant', 'fa-solid:house-user', NULL, NULL, 0, b'1', b'1', b'1', '1',
        '2022-02-20 01:41:13', '1', '2024-02-29 00:59:29', b'0');
INSERT INTO `system_menu`
VALUES (1225, 'з§ҹжҲ·еҘ—йӨҗ', '', 2, 0, 1224, 'package', 'fa:bars', 'system/tenantPackage/index', 'SystemTenantPackage', 0,
        b'1', b'1', b'1', '', '2022-02-19 17:44:06', '1', '2024-02-29 01:01:43', b'0');
INSERT INTO `system_menu`
VALUES (1226, 'з§ҹжҲ·еҘ—йӨҗжҹҘиҜў', 'system:tenant-package:query', 3, 1, 1225, '', '', '', NULL, 0, b'1', b'1', b'1', '',
        '2022-02-19 17:44:06', '', '2022-04-20 17:03:10', b'0');
INSERT INTO `system_menu`
VALUES (1227, 'з§ҹжҲ·еҘ—йӨҗеҲӣе»ә', 'system:tenant-package:create', 3, 2, 1225, '', '', '', NULL, 0, b'1', b'1', b'1', '',
        '2022-02-19 17:44:06', '', '2022-04-20 17:03:10', b'0');
INSERT INTO `system_menu`
VALUES (1228, 'з§ҹжҲ·еҘ—йӨҗжӣҙж–°', 'system:tenant-package:update', 3, 3, 1225, '', '', '', NULL, 0, b'1', b'1', b'1', '',
        '2022-02-19 17:44:06', '', '2022-04-20 17:03:10', b'0');
INSERT INTO `system_menu`
VALUES (1229, 'з§ҹжҲ·еҘ—йӨҗеҲ йҷӨ', 'system:tenant-package:delete', 3, 4, 1225, '', '', '', NULL, 0, b'1', b'1', b'1', '',
        '2022-02-19 17:44:06', '', '2022-04-20 17:03:10', b'0');
INSERT INTO `system_menu`
VALUES (1237, 'ж–Үд»¶й…ҚзҪ®', '', 2, 0, 1243, 'file-config', 'fa-solid:file-signature', 'infra/fileConfig/index',
        'InfraFileConfig', 0, b'1', b'1', b'1', '', '2022-03-15 14:35:28', '1', '2024-02-29 08:52:54', b'0');
INSERT INTO `system_menu`
VALUES (1238, 'ж–Үд»¶й…ҚзҪ®жҹҘиҜў', 'infra:file-config:query', 3, 1, 1237, '', '', '', NULL, 0, b'1', b'1', b'1', '',
        '2022-03-15 14:35:28', '', '2022-04-20 17:03:10', b'0');
INSERT INTO `system_menu`
VALUES (1239, 'ж–Үд»¶й…ҚзҪ®еҲӣе»ә', 'infra:file-config:create', 3, 2, 1237, '', '', '', NULL, 0, b'1', b'1', b'1', '',
        '2022-03-15 14:35:28', '', '2022-04-20 17:03:10', b'0');
INSERT INTO `system_menu`
VALUES (1240, 'ж–Үд»¶й…ҚзҪ®жӣҙж–°', 'infra:file-config:update', 3, 3, 1237, '', '', '', NULL, 0, b'1', b'1', b'1', '',
        '2022-03-15 14:35:28', '', '2022-04-20 17:03:10', b'0');
INSERT INTO `system_menu`
VALUES (1241, 'ж–Үд»¶й…ҚзҪ®еҲ йҷӨ', 'infra:file-config:delete', 3, 4, 1237, '', '', '', NULL, 0, b'1', b'1', b'1', '',
        '2022-03-15 14:35:28', '', '2022-04-20 17:03:10', b'0');
INSERT INTO `system_menu`
VALUES (1242, 'ж–Үд»¶й…ҚзҪ®еҜјеҮә', 'infra:file-config:export', 3, 5, 1237, '', '', '', NULL, 0, b'1', b'1', b'1', '',
        '2022-03-15 14:35:28', '', '2022-04-20 17:03:10', b'0');
INSERT INTO `system_menu`
VALUES (1243, 'ж–Үд»¶з®ЎзҗҶ', '', 2, 6, 2, 'file', 'ep:files', NULL, '', 0, b'1', b'1', b'1', '1', '2022-03-16 23:47:40',
        '1', '2024-04-23 00:02:11', b'0');
INSERT INTO `system_menu`
VALUES (1254, 'дҪңиҖ…еҠЁжҖҒ', '', 1, 0, 0, 'https://www.iocoder.cn', 'ep:avatar', NULL, NULL, 1, b'1', b'1', b'1', '1',
        '2022-04-23 01:03:15', '1', '2026-03-16 15:23:51', b'0');
INSERT INTO `system_menu`
VALUES (1255, 'ж•°жҚ®жәҗй…ҚзҪ®', '', 2, 1, 2, 'data-source-config', 'ep:data-analysis', 'infra/dataSourceConfig/index',
        'InfraDataSourceConfig', 0, b'1', b'1', b'1', '', '2022-04-27 14:37:32', '1', '2024-02-29 08:51:25', b'0');
INSERT INTO `system_menu`
VALUES (1256, 'ж•°жҚ®жәҗй…ҚзҪ®жҹҘиҜў', 'infra:data-source-config:query', 3, 1, 1255, '', '', '', NULL, 0, b'1', b'1', b'1', '',
        '2022-04-27 14:37:32', '', '2022-04-27 14:37:32', b'0');
INSERT INTO `system_menu`
VALUES (1257, 'ж•°жҚ®жәҗй…ҚзҪ®еҲӣе»ә', 'infra:data-source-config:create', 3, 2, 1255, '', '', '', NULL, 0, b'1', b'1', b'1',
        '', '2022-04-27 14:37:32', '', '2022-04-27 14:37:32', b'0');
INSERT INTO `system_menu`
VALUES (1258, 'ж•°жҚ®жәҗй…ҚзҪ®жӣҙж–°', 'infra:data-source-config:update', 3, 3, 1255, '', '', '', NULL, 0, b'1', b'1', b'1',
        '', '2022-04-27 14:37:32', '', '2022-04-27 14:37:32', b'0');
INSERT INTO `system_menu`
VALUES (1259, 'ж•°жҚ®жәҗй…ҚзҪ®еҲ йҷӨ', 'infra:data-source-config:delete', 3, 4, 1255, '', '', '', NULL, 0, b'1', b'1', b'1',
        '', '2022-04-27 14:37:32', '', '2022-04-27 14:37:32', b'0');
INSERT INTO `system_menu`
VALUES (1260, 'ж•°жҚ®жәҗй…ҚзҪ®еҜјеҮә', 'infra:data-source-config:export', 3, 5, 1255, '', '', '', NULL, 0, b'1', b'1', b'1',
        '', '2022-04-27 14:37:32', '', '2022-04-27 14:37:32', b'0');
INSERT INTO `system_menu`
VALUES (1261, 'OAuth 2.0', '', 2, 10, 1, 'oauth2', 'fa:dashcube', NULL, NULL, 0, b'1', b'1', b'1', '1',
        '2022-05-09 23:38:17', '1', '2024-02-29 01:12:08', b'0');
INSERT INTO `system_menu`
VALUES (1263, 'еә”з”Ёз®ЎзҗҶ', '', 2, 0, 1261, 'oauth2/application', 'fa:hdd-o', 'system/oauth2/client/index',
        'SystemOAuth2Client', 0, b'1', b'1', b'1', '', '2022-05-10 16:26:33', '1', '2024-02-29 01:13:14', b'0');
INSERT INTO `system_menu`
VALUES (1264, 'е®ўжҲ·з«ҜжҹҘиҜў', 'system:oauth2-client:query', 3, 1, 1263, '', '', '', NULL, 0, b'1', b'1', b'1', '',
        '2022-05-10 16:26:33', '1', '2022-05-11 00:31:06', b'0');
INSERT INTO `system_menu`
VALUES (1265, 'е®ўжҲ·з«ҜеҲӣе»ә', 'system:oauth2-client:create', 3, 2, 1263, '', '', '', NULL, 0, b'1', b'1', b'1', '',
        '2022-05-10 16:26:33', '1', '2022-05-11 00:31:23', b'0');
INSERT INTO `system_menu`
VALUES (1266, 'е®ўжҲ·з«Ҝжӣҙж–°', 'system:oauth2-client:update', 3, 3, 1263, '', '', '', NULL, 0, b'1', b'1', b'1', '',
        '2022-05-10 16:26:33', '1', '2022-05-11 00:31:28', b'0');
INSERT INTO `system_menu`
VALUES (1267, 'е®ўжҲ·з«ҜеҲ йҷӨ', 'system:oauth2-client:delete', 3, 4, 1263, '', '', '', NULL, 0, b'1', b'1', b'1', '',
        '2022-05-10 16:26:33', '1', '2022-05-11 00:31:33', b'0');
INSERT INTO `system_menu`
VALUES (1281, 'жҠҘиЎЁз®ЎзҗҶ', '', 2, 40, 0, '/report', 'ep:pie-chart', NULL, NULL, 1, b'1', b'1', b'1', '1',
        '2022-07-10 20:22:15', '1', '2026-03-16 15:23:54', b'0');
INSERT INTO `system_menu`
VALUES (1282, 'жҠҘиЎЁи®ҫи®ЎеҷЁ', '', 2, 1, 1281, 'jimu-report', 'ep:trend-charts', 'report/jmreport/index', 'JimuReport', 0,
        b'1', b'1', b'1', '1', '2022-07-10 20:26:36', '1', '2025-05-03 09:57:07', b'0');
INSERT INTO `system_menu`
VALUES (2000, 'е•Ҷе“Ғдёӯеҝғ', '', 1, 60, 2362, 'product', 'fa:product-hunt', NULL, NULL, 0, b'1', b'1', b'1', '',
        '2022-07-29 15:53:53', '1', '2023-09-30 11:52:36', b'0');
INSERT INTO `system_menu`
VALUES (2002, 'е•Ҷе“ҒеҲҶзұ»', '', 2, 2, 2000, 'category', 'ep:cellphone', 'mall/product/category/index', 'ProductCategory',
        0, b'1', b'1', b'1', '', '2022-07-29 15:53:53', '1', '2023-08-21 10:27:15', b'0');
INSERT INTO `system_menu`
VALUES (2003, 'еҲҶзұ»жҹҘиҜў', 'product:category:query', 3, 1, 2002, '', '', '', NULL, 0, b'1', b'1', b'1', '',
        '2022-07-29 15:53:53', '', '2022-07-29 15:53:53', b'0');
INSERT INTO `system_menu`
VALUES (2004, 'еҲҶзұ»еҲӣе»ә', 'product:category:create', 3, 2, 2002, '', '', '', NULL, 0, b'1', b'1', b'1', '',
        '2022-07-29 15:53:53', '', '2022-07-29 15:53:53', b'0');
INSERT INTO `system_menu`
VALUES (2005, 'еҲҶзұ»жӣҙж–°', 'product:category:update', 3, 3, 2002, '', '', '', NULL, 0, b'1', b'1', b'1', '',
        '2022-07-29 15:53:53', '', '2022-07-29 15:53:53', b'0');
INSERT INTO `system_menu`
VALUES (2006, 'еҲҶзұ»еҲ йҷӨ', 'product:category:delete', 3, 4, 2002, '', '', '', NULL, 0, b'1', b'1', b'1', '',
        '2022-07-29 15:53:53', '', '2022-07-29 15:53:53', b'0');
INSERT INTO `system_menu`
VALUES (2008, 'е•Ҷе“Ғе“ҒзүҢ', '', 2, 3, 2000, 'brand', 'ep:chicken', 'mall/product/brand/index', 'ProductBrand', 0, b'1',
        b'1', b'1', '', '2022-07-30 13:52:44', '1', '2023-08-21 10:27:28', b'0');
INSERT INTO `system_menu`
VALUES (2009, 'е“ҒзүҢжҹҘиҜў', 'product:brand:query', 3, 1, 2008, '', '', '', NULL, 0, b'1', b'1', b'1', '',
        '2022-07-30 13:52:44', '', '2022-07-30 13:52:44', b'0');
INSERT INTO `system_menu`
VALUES (2010, 'е“ҒзүҢеҲӣе»ә', 'product:brand:create', 3, 2, 2008, '', '', '', NULL, 0, b'1', b'1', b'1', '',
        '2022-07-30 13:52:44', '', '2022-07-30 13:52:44', b'0');
INSERT INTO `system_menu`
VALUES (2011, 'е“ҒзүҢжӣҙж–°', 'product:brand:update', 3, 3, 2008, '', '', '', NULL, 0, b'1', b'1', b'1', '',
        '2022-07-30 13:52:44', '', '2022-07-30 13:52:44', b'0');
INSERT INTO `system_menu`
VALUES (2012, 'е“ҒзүҢеҲ йҷӨ', 'product:brand:delete', 3, 4, 2008, '', '', '', NULL, 0, b'1', b'1', b'1', '',
        '2022-07-30 13:52:44', '', '2022-07-30 13:52:44', b'0');
INSERT INTO `system_menu`
VALUES (2014, 'е•Ҷе“ҒеҲ—иЎЁ', '', 2, 1, 2000, 'spu', 'ep:apple', 'mall/product/spu/index', 'ProductSpu', 0, b'1', b'1',
        b'1', '', '2022-07-30 14:22:58', '1', '2025-10-08 10:36:52', b'0');
INSERT INTO `system_menu`
VALUES (2015, 'е•Ҷе“ҒжҹҘиҜў', 'product:spu:query', 3, 1, 2014, '', '', '', NULL, 0, b'1', b'1', b'1', '',
        '2022-07-30 14:22:58', '', '2022-07-30 14:22:58', b'0');
INSERT INTO `system_menu`
VALUES (2016, 'е•Ҷе“ҒеҲӣе»ә', 'product:spu:create', 3, 2, 2014, '', '', '', NULL, 0, b'1', b'1', b'1', '',
        '2022-07-30 14:22:58', '', '2022-07-30 14:22:58', b'0');
INSERT INTO `system_menu`
VALUES (2017, 'е•Ҷе“Ғжӣҙж–°', 'product:spu:update', 3, 3, 2014, '', '', '', NULL, 0, b'1', b'1', b'1', '',
        '2022-07-30 14:22:58', '', '2022-07-30 14:22:58', b'0');
INSERT INTO `system_menu`
VALUES (2018, 'е•Ҷе“ҒеҲ йҷӨ', 'product:spu:delete', 3, 4, 2014, '', '', '', NULL, 0, b'1', b'1', b'1', '',
        '2022-07-30 14:22:58', '', '2022-07-30 14:22:58', b'0');
INSERT INTO `system_menu`
VALUES (2019, 'е•Ҷе“ҒеұһжҖ§', '', 2, 4, 2000, 'property', 'ep:cold-drink', 'mall/product/property/index', 'ProductProperty',
        0, b'1', b'1', b'1', '', '2022-08-01 14:55:35', '1', '2023-08-26 11:01:05', b'0');
INSERT INTO `system_menu`
VALUES (2020, 'и§„ж јжҹҘиҜў', 'product:property:query', 3, 1, 2019, '', '', '', NULL, 0, b'1', b'1', b'1', '',
        '2022-08-01 14:55:35', '', '2022-12-12 20:26:24', b'0');
INSERT INTO `system_menu`
VALUES (2021, 'и§„ж јеҲӣе»ә', 'product:property:create', 3, 2, 2019, '', '', '', NULL, 0, b'1', b'1', b'1', '',
        '2022-08-01 14:55:35', '', '2022-12-12 20:26:30', b'0');
INSERT INTO `system_menu`
VALUES (2022, 'и§„ж јжӣҙж–°', 'product:property:update', 3, 3, 2019, '', '', '', NULL, 0, b'1', b'1', b'1', '',
        '2022-08-01 14:55:35', '', '2022-12-12 20:26:33', b'0');
INSERT INTO `system_menu`
VALUES (2023, 'и§„ж јеҲ йҷӨ', 'product:property:delete', 3, 4, 2019, '', '', '', NULL, 0, b'1', b'1', b'1', '',
        '2022-08-01 14:55:35', '', '2022-12-12 20:26:37', b'0');
INSERT INTO `system_menu`
VALUES (2025, 'Banner', '', 2, 100, 2387, 'banner', 'fa:bandcamp', 'mall/promotion/banner/index', NULL, 0, b'1', b'1',
        b'1', '', '2022-08-01 14:56:14', '1', '2023-10-24 20:20:06', b'0');
INSERT INTO `system_menu`
VALUES (2026, 'BannerжҹҘиҜў', 'promotion:banner:query', 3, 1, 2025, '', '', '', '', 0, b'1', b'1', b'1', '',
        '2022-08-01 14:56:14', '1', '2023-10-24 20:20:18', b'0');
INSERT INTO `system_menu`
VALUES (2027, 'BannerеҲӣе»ә', 'promotion:banner:create', 3, 2, 2025, '', '', '', '', 0, b'1', b'1', b'1', '',
        '2022-08-01 14:56:14', '1', '2023-10-24 20:20:23', b'0');
INSERT INTO `system_menu`
VALUES (2028, 'Bannerжӣҙж–°', 'promotion:banner:update', 3, 3, 2025, '', '', '', '', 0, b'1', b'1', b'1', '',
        '2022-08-01 14:56:14', '1', '2023-10-24 20:20:28', b'0');
INSERT INTO `system_menu`
VALUES (2029, 'BannerеҲ йҷӨ', 'promotion:banner:delete', 3, 4, 2025, '', '', '', '', 0, b'1', b'1', b'1', '',
        '2022-08-01 14:56:14', '1', '2023-10-24 20:20:36', b'0');
INSERT INTO `system_menu`
VALUES (2030, 'иҗҘй”Җдёӯеҝғ', '', 1, 70, 2362, 'promotion', 'ep:present', NULL, NULL, 0, b'1', b'1', b'1', '1',
        '2022-10-31 21:25:09', '1', '2023-09-30 11:54:27', b'0');
INSERT INTO `system_menu`
VALUES (2032, 'дјҳжғ еҠөеҲ—иЎЁ', '', 2, 1, 2365, 'template', 'ep:discount', 'mall/promotion/coupon/template/index',
        'PromotionCouponTemplate', 0, b'1', b'1', b'1', '', '2022-10-31 22:27:14', '1', '2023-10-03 12:40:06', b'0');
INSERT INTO `system_menu`
VALUES (2033, 'дјҳжғ еҠөжЁЎжқҝжҹҘиҜў', 'promotion:coupon-template:query', 3, 1, 2032, '', '', '', NULL, 0, b'1', b'1', b'1',
        '', '2022-10-31 22:27:14', '', '2022-10-31 22:27:14', b'0');
INSERT INTO `system_menu`
VALUES (2034, 'дјҳжғ еҠөжЁЎжқҝеҲӣе»ә', 'promotion:coupon-template:create', 3, 2, 2032, '', '', '', NULL, 0, b'1', b'1', b'1',
        '', '2022-10-31 22:27:14', '', '2022-10-31 22:27:14', b'0');
INSERT INTO `system_menu`
VALUES (2035, 'дјҳжғ еҠөжЁЎжқҝжӣҙж–°', 'promotion:coupon-template:update', 3, 3, 2032, '', '', '', NULL, 0, b'1', b'1', b'1',
        '', '2022-10-31 22:27:14', '', '2022-10-31 22:27:14', b'0');
INSERT INTO `system_menu`
VALUES (2036, 'дјҳжғ еҠөжЁЎжқҝеҲ йҷӨ', 'promotion:coupon-template:delete', 3, 4, 2032, '', '', '', NULL, 0, b'1', b'1', b'1',
        '', '2022-10-31 22:27:14', '', '2022-10-31 22:27:14', b'0');
INSERT INTO `system_menu`
VALUES (2038, 'йўҶеҸ–и®°еҪ•', '', 2, 2, 2365, 'list', 'ep:collection-tag', 'mall/promotion/coupon/index', 'PromotionCoupon',
        0, b'1', b'1', b'1', '', '2022-11-03 23:21:31', '1', '2023-10-03 12:55:30', b'0');
INSERT INTO `system_menu`
VALUES (2039, 'дјҳжғ еҠөжҹҘиҜў', 'promotion:coupon:query', 3, 1, 2038, '', '', '', NULL, 0, b'1', b'1', b'1', '',
        '2022-11-03 23:21:31', '', '2022-11-03 23:21:31', b'0');
INSERT INTO `system_menu`
VALUES (2040, 'дјҳжғ еҠөеҲ йҷӨ', 'promotion:coupon:delete', 3, 4, 2038, '', '', '', NULL, 0, b'1', b'1', b'1', '',
        '2022-11-03 23:21:31', '', '2022-11-03 23:21:31', b'0');
INSERT INTO `system_menu`
VALUES (2041, 'ж»ЎеҮҸйҖҒ', '', 2, 10, 2390, 'reward-activity', 'ep:goblet-square-full',
        'mall/promotion/rewardActivity/index', 'PromotionRewardActivity', 0, b'1', b'1', b'1', '',
        '2022-11-04 23:47:49', '1', '2023-10-21 19:24:46', b'0');
INSERT INTO `system_menu`
VALUES (2042, 'ж»ЎеҮҸйҖҒжҙ»еҠЁжҹҘиҜў', 'promotion:reward-activity:query', 3, 1, 2041, '', '', '', NULL, 0, b'1', b'1', b'1',
        '', '2022-11-04 23:47:49', '', '2022-11-04 23:47:49', b'0');
INSERT INTO `system_menu`
VALUES (2043, 'ж»ЎеҮҸйҖҒжҙ»еҠЁеҲӣе»ә', 'promotion:reward-activity:create', 3, 2, 2041, '', '', '', NULL, 0, b'1', b'1', b'1',
        '', '2022-11-04 23:47:49', '', '2022-11-04 23:47:49', b'0');
INSERT INTO `system_menu`
VALUES (2044, 'ж»ЎеҮҸйҖҒжҙ»еҠЁжӣҙж–°', 'promotion:reward-activity:update', 3, 3, 2041, '', '', '', NULL, 0, b'1', b'1', b'1',
        '', '2022-11-04 23:47:50', '', '2022-11-04 23:47:50', b'0');
INSERT INTO `system_menu`
VALUES (2045, 'ж»ЎеҮҸйҖҒжҙ»еҠЁеҲ йҷӨ', 'promotion:reward-activity:delete', 3, 4, 2041, '', '', '', NULL, 0, b'1', b'1', b'1',
        '', '2022-11-04 23:47:50', '', '2022-11-04 23:47:50', b'0');
INSERT INTO `system_menu`
VALUES (2046, 'ж»ЎеҮҸйҖҒжҙ»еҠЁе…ій—ӯ', 'promotion:reward-activity:close', 3, 5, 2041, '', '', '', NULL, 0, b'1', b'1', b'1',
        '1', '2022-11-05 10:42:53', '1', '2022-11-05 10:42:53', b'0');
INSERT INTO `system_menu`
VALUES (2047, 'йҷҗж—¶жҠҳжүЈ', '', 2, 7, 2390, 'discount-activity', 'ep:timer', 'mall/promotion/discountActivity/index',
        'PromotionDiscountActivity', 0, b'1', b'1', b'1', '', '2022-11-05 17:12:15', '1', '2023-10-21 19:24:21', b'0');
INSERT INTO `system_menu`
VALUES (2048, 'йҷҗж—¶жҠҳжүЈжҙ»еҠЁжҹҘиҜў', 'promotion:discount-activity:query', 3, 1, 2047, '', '', '', NULL, 0, b'1', b'1',
        b'1', '', '2022-11-05 17:12:15', '', '2022-11-05 17:12:15', b'0');
INSERT INTO `system_menu`
VALUES (2049, 'йҷҗж—¶жҠҳжүЈжҙ»еҠЁеҲӣе»ә', 'promotion:discount-activity:create', 3, 2, 2047, '', '', '', NULL, 0, b'1', b'1',
        b'1', '', '2022-11-05 17:12:15', '', '2022-11-05 17:12:15', b'0');
INSERT INTO `system_menu`
VALUES (2050, 'йҷҗж—¶жҠҳжүЈжҙ»еҠЁжӣҙж–°', 'promotion:discount-activity:update', 3, 3, 2047, '', '', '', NULL, 0, b'1', b'1',
        b'1', '', '2022-11-05 17:12:16', '', '2022-11-05 17:12:16', b'0');
INSERT INTO `system_menu`
VALUES (2051, 'йҷҗж—¶жҠҳжүЈжҙ»еҠЁеҲ йҷӨ', 'promotion:discount-activity:delete', 3, 4, 2047, '', '', '', NULL, 0, b'1', b'1',
        b'1', '', '2022-11-05 17:12:16', '', '2022-11-05 17:12:16', b'0');
INSERT INTO `system_menu`
VALUES (2052, 'йҷҗж—¶жҠҳжүЈжҙ»еҠЁе…ій—ӯ', 'promotion:discount-activity:close', 3, 5, 2047, '', '', '', NULL, 0, b'1', b'1',
        b'1', '', '2022-11-05 17:12:16', '', '2022-11-05 17:12:16', b'0');
INSERT INTO `system_menu`
VALUES (2059, 'з§’жқҖе•Ҷе“Ғ', '', 2, 2, 2209, 'activity', 'ep:basketball', 'mall/promotion/seckill/activity/index',
        'PromotionSeckillActivity', 0, b'1', b'1', b'1', '', '2022-11-06 22:24:49', '1', '2023-06-24 18:57:25', b'0');
INSERT INTO `system_menu`
VALUES (2060, 'з§’жқҖжҙ»еҠЁжҹҘиҜў', 'promotion:seckill-activity:query', 3, 1, 2059, '', '', '', NULL, 0, b'1', b'1', b'1', '',
        '2022-11-06 22:24:49', '', '2022-11-06 22:24:49', b'0');
INSERT INTO `system_menu`
VALUES (2061, 'з§’жқҖжҙ»еҠЁеҲӣе»ә', 'promotion:seckill-activity:create', 3, 2, 2059, '', '', '', NULL, 0, b'1', b'1', b'1',
        '', '2022-11-06 22:24:49', '', '2022-11-06 22:24:49', b'0');
INSERT INTO `system_menu`
VALUES (2062, 'з§’жқҖжҙ»еҠЁжӣҙж–°', 'promotion:seckill-activity:update', 3, 3, 2059, '', '', '', NULL, 0, b'1', b'1', b'1',
        '', '2022-11-06 22:24:49', '', '2022-11-06 22:24:49', b'0');
INSERT INTO `system_menu`
VALUES (2063, 'з§’жқҖжҙ»еҠЁеҲ йҷӨ', 'promotion:seckill-activity:delete', 3, 4, 2059, '', '', '', NULL, 0, b'1', b'1', b'1',
        '', '2022-11-06 22:24:49', '', '2022-11-06 22:24:49', b'0');
INSERT INTO `system_menu`
VALUES (2066, 'з§’жқҖж—¶ж®ө', '', 2, 1, 2209, 'config', 'ep:baseball', 'mall/promotion/seckill/config/index',
        'PromotionSeckillConfig', 0, b'1', b'1', b'1', '', '2022-11-15 19:46:50', '1', '2023-06-24 18:57:14', b'0');
INSERT INTO `system_menu`
VALUES (2067, 'з§’жқҖж—¶ж®өжҹҘиҜў', 'promotion:seckill-config:query', 3, 1, 2066, '', '', '', '', 0, b'1', b'1', b'1', '',
        '2022-11-15 19:46:51', '1', '2023-06-24 17:50:25', b'0');
INSERT INTO `system_menu`
VALUES (2068, 'з§’жқҖж—¶ж®өеҲӣе»ә', 'promotion:seckill-config:create', 3, 2, 2066, '', '', '', '', 0, b'1', b'1', b'1', '',
        '2022-11-15 19:46:51', '1', '2023-06-24 17:48:39', b'0');
INSERT INTO `system_menu`
VALUES (2069, 'з§’жқҖж—¶ж®өжӣҙж–°', 'promotion:seckill-config:update', 3, 3, 2066, '', '', '', '', 0, b'1', b'1', b'1', '',
        '2022-11-15 19:46:51', '1', '2023-06-24 17:50:29', b'0');
INSERT INTO `system_menu`
VALUES (2070, 'з§’жқҖж—¶ж®өеҲ йҷӨ', 'promotion:seckill-config:delete', 3, 4, 2066, '', '', '', '', 0, b'1', b'1', b'1', '',
        '2022-11-15 19:46:51', '1', '2023-06-24 17:50:32', b'0');
INSERT INTO `system_menu`
VALUES (2072, 'и®ўеҚ•дёӯеҝғ', '', 1, 65, 2362, 'trade', 'ep:eleme', NULL, NULL, 0, b'1', b'1', b'1', '1',
        '2022-11-19 18:57:19', '1', '2023-09-30 11:54:07', b'0');
INSERT INTO `system_menu`
VALUES (2073, 'е”®еҗҺйҖҖж¬ҫ', '', 2, 2, 2072, 'after-sale', 'ep:refrigerator', 'mall/trade/afterSale/index',
        'TradeAfterSale', 0, b'1', b'1', b'1', '', '2022-11-19 20:15:32', '1', '2023-10-01 21:42:21', b'0');
INSERT INTO `system_menu`
VALUES (2074, 'е”®еҗҺжҹҘиҜў', 'trade:after-sale:query', 3, 1, 2073, '', '', '', NULL, 0, b'1', b'1', b'1', '',
        '2022-11-19 20:15:33', '1', '2022-12-10 21:04:29', b'0');
INSERT INTO `system_menu`
VALUES (2075, 'з§’жқҖжҙ»еҠЁе…ій—ӯ', 'promotion:seckill-activity:close', 3, 5, 2059, '', '', '', '', 0, b'1', b'1', b'1', '1',
        '2022-11-28 20:20:15', '1', '2023-10-03 18:34:28', b'0');
INSERT INTO `system_menu`
VALUES (2076, 'и®ўеҚ•еҲ—иЎЁ', '', 2, 1, 2072, 'order', 'ep:list', 'mall/trade/order/index', 'TradeOrder', 0, b'1', b'1',
        b'1', '1', '2022-12-10 21:05:44', '1', '2023-10-01 21:42:08', b'0');
INSERT INTO `system_menu`
VALUES (2083, 'ең°еҢәз®ЎзҗҶ', '', 2, 14, 1, 'area', 'fa:map-marker', 'system/area/index', 'SystemArea', 0, b'1', b'1', b'1',
        '1', '2022-12-23 17:35:05', '1', '2024-02-29 08:50:28', b'0');
INSERT INTO `system_menu`
VALUES (2084, 'е…¬дј—еҸ·з®ЎзҗҶ', '', 1, 100, 0, '/mp', 'ep:compass', NULL, NULL, 1, b'1', b'1', b'1', '1',
        '2023-01-01 20:11:04', '1', '2026-03-16 15:24:03', b'0');
INSERT INTO `system_menu`
VALUES (2085, 'иҙҰеҸ·з®ЎзҗҶ', '', 2, 1, 2084, 'account', 'fa:user', 'mp/account/index', 'MpAccount', 0, b'1', b'1', b'1',
        '1', '2023-01-01 20:13:31', '1', '2024-02-29 12:42:10', b'0');
INSERT INTO `system_menu`
VALUES (2086, 'ж–°еўһиҙҰеҸ·', 'mp:account:create', 3, 1, 2085, '', '', '', NULL, 0, b'1', b'1', b'1', '1',
        '2023-01-01 20:21:40', '1', '2023-01-07 17:32:53', b'0');
INSERT INTO `system_menu`
VALUES (2087, 'дҝ®ж”№иҙҰеҸ·', 'mp:account:update', 3, 2, 2085, '', '', '', NULL, 0, b'1', b'1', b'1', '1',
        '2023-01-07 17:32:46', '1', '2023-01-07 17:32:46', b'0');
INSERT INTO `system_menu`
VALUES (2088, 'жҹҘиҜўиҙҰеҸ·', 'mp:account:query', 3, 0, 2085, '', '', '', NULL, 0, b'1', b'1', b'1', '1',
        '2023-01-07 17:33:07', '1', '2023-01-07 17:33:07', b'0');
INSERT INTO `system_menu`
VALUES (2089, 'еҲ йҷӨиҙҰеҸ·', 'mp:account:delete', 3, 3, 2085, '', '', '', NULL, 0, b'1', b'1', b'1', '1',
        '2023-01-07 17:33:21', '1', '2023-01-07 17:33:21', b'0');
INSERT INTO `system_menu`
VALUES (2090, 'з”ҹжҲҗдәҢз»ҙз Ғ', 'mp:account:qr-code', 3, 4, 2085, '', '', '', NULL, 0, b'1', b'1', b'1', '1',
        '2023-01-07 17:33:58', '1', '2023-01-07 17:33:58', b'0');
INSERT INTO `system_menu`
VALUES (2091, 'жё…з©ә API й…Қйўқ', 'mp:account:clear-quota', 3, 5, 2085, '', '', '', NULL, 0, b'1', b'1', b'1', '1',
        '2023-01-07 18:20:32', '1', '2023-01-07 18:20:59', b'0');
INSERT INTO `system_menu`
VALUES (2092, 'ж•°жҚ®з»ҹи®Ў', 'mp:statistics:query', 2, 2, 2084, 'statistics', 'ep:trend-charts', 'mp/statistics/index',
        'MpStatistics', 0, b'1', b'1', b'1', '1', '2023-01-07 20:17:36', '1', '2024-02-29 12:42:21', b'0');
INSERT INTO `system_menu`
VALUES (2093, 'ж Үзӯҫз®ЎзҗҶ', '', 2, 3, 2084, 'tag', 'ep:collection-tag', 'mp/tag/index', 'MpTag', 0, b'1', b'1', b'1', '1',
        '2023-01-08 11:37:32', '1', '2024-02-29 12:42:29', b'0');
INSERT INTO `system_menu`
VALUES (2094, 'жҹҘиҜўж Үзӯҫ', 'mp:tag:query', 3, 0, 2093, '', '', '', NULL, 0, b'1', b'1', b'1', '1', '2023-01-08 11:59:03',
        '1', '2023-01-08 11:59:03', b'0');
INSERT INTO `system_menu`
VALUES (2095, 'ж–°еўһж Үзӯҫ', 'mp:tag:create', 3, 1, 2093, '', '', '', NULL, 0, b'1', b'1', b'1', '1',
        '2023-01-08 11:59:23', '1', '2023-01-08 11:59:23', b'0');
INSERT INTO `system_menu`
VALUES (2096, 'дҝ®ж”№ж Үзӯҫ', 'mp:tag:update', 3, 2, 2093, '', '', '', NULL, 0, b'1', b'1', b'1', '1',
        '2023-01-08 11:59:41', '1', '2023-01-08 11:59:41', b'0');
INSERT INTO `system_menu`
VALUES (2097, 'еҲ йҷӨж Үзӯҫ', 'mp:tag:delete', 3, 3, 2093, '', '', '', NULL, 0, b'1', b'1', b'1', '1',
        '2023-01-08 12:00:04', '1', '2023-01-08 12:00:13', b'0');
INSERT INTO `system_menu`
VALUES (2098, 'еҗҢжӯҘж Үзӯҫ', 'mp:tag:sync', 3, 4, 2093, '', '', '', NULL, 0, b'1', b'1', b'1', '1', '2023-01-08 12:00:29',
        '1', '2023-01-08 12:00:29', b'0');
INSERT INTO `system_menu`
VALUES (2099, 'зІүдёқз®ЎзҗҶ', '', 2, 4, 2084, 'user', 'fa:user-secret', 'mp/user/index', 'MpUser', 0, b'1', b'1', b'1', '1',
        '2023-01-08 16:51:20', '1', '2024-02-29 12:42:39', b'0');
INSERT INTO `system_menu`
VALUES (2100, 'жҹҘиҜўзІүдёқ', 'mp:user:query', 3, 0, 2099, '', '', '', NULL, 0, b'1', b'1', b'1', '1',
        '2023-01-08 17:16:59', '1', '2023-01-08 17:17:23', b'0');
INSERT INTO `system_menu`
VALUES (2101, 'дҝ®ж”№зІүдёқ', 'mp:user:update', 3, 1, 2099, '', '', '', NULL, 0, b'1', b'1', b'1', '1',
        '2023-01-08 17:17:11', '1', '2023-01-08 17:17:11', b'0');
INSERT INTO `system_menu`
VALUES (2102, 'еҗҢжӯҘзІүдёқ', 'mp:user:sync', 3, 2, 2099, '', '', '', NULL, 0, b'1', b'1', b'1', '1', '2023-01-08 17:17:40',
        '1', '2023-01-08 17:17:40', b'0');
INSERT INTO `system_menu`
VALUES (2103, 'ж¶ҲжҒҜз®ЎзҗҶ', '', 2, 5, 2084, 'message', 'ep:message', 'mp/message/index', 'MpMessage', 0, b'1', b'1', b'1',
        '1', '2023-01-08 18:44:19', '1', '2024-02-29 12:42:50', b'0');
INSERT INTO `system_menu`
VALUES (2104, 'еӣҫж–ҮеҸ‘иЎЁи®°еҪ•', '', 2, 10, 2084, 'free-publish', 'ep:edit-pen', 'mp/freePublish/index', 'MpFreePublish',
        0, b'1', b'1', b'1', '1', '2023-01-13 00:30:50', '1', '2024-02-29 12:43:31', b'0');
INSERT INTO `system_menu`
VALUES (2105, 'жҹҘиҜўеҸ‘еёғеҲ—иЎЁ', 'mp:free-publish:query', 3, 1, 2104, '', '', '', NULL, 0, b'1', b'1', b'1', '1',
        '2023-01-13 07:19:17', '1', '2023-01-13 07:19:17', b'0');
INSERT INTO `system_menu`
VALUES (2106, 'еҸ‘еёғиҚүзЁҝ', 'mp:free-publish:submit', 3, 2, 2104, '', '', '', NULL, 0, b'1', b'1', b'1', '1',
        '2023-01-13 07:19:46', '1', '2023-01-13 07:19:46', b'0');
INSERT INTO `system_menu`
VALUES (2107, 'еҲ йҷӨеҸ‘еёғи®°еҪ•', 'mp:free-publish:delete', 3, 3, 2104, '', '', '', NULL, 0, b'1', b'1', b'1', '1',
        '2023-01-13 07:20:01', '1', '2023-01-13 07:20:01', b'0');
INSERT INTO `system_menu`
VALUES (2108, 'еӣҫж–ҮиҚүзЁҝз®ұ', '', 2, 9, 2084, 'draft', 'ep:edit', 'mp/draft/index', 'MpDraft', 0, b'1', b'1', b'1', '1',
        '2023-01-13 07:40:21', '1', '2024-02-29 12:43:26', b'0');
INSERT INTO `system_menu`
VALUES (2109, 'ж–°е»әиҚүзЁҝ', 'mp:draft:create', 3, 1, 2108, '', '', '', NULL, 0, b'1', b'1', b'1', '1',
        '2023-01-13 23:15:30', '1', '2023-01-13 23:15:44', b'0');
INSERT INTO `system_menu`
VALUES (2110, 'дҝ®ж”№иҚүзЁҝ', 'mp:draft:update', 3, 2, 2108, '', '', '', NULL, 0, b'1', b'1', b'1', '1',
        '2023-01-14 10:08:47', '1', '2023-01-14 10:08:47', b'0');
INSERT INTO `system_menu`
VALUES (2111, 'жҹҘиҜўиҚүзЁҝ', 'mp:draft:query', 3, 0, 2108, '', '', '', NULL, 0, b'1', b'1', b'1', '1',
        '2023-01-14 10:09:01', '1', '2023-01-14 10:09:01', b'0');
INSERT INTO `system_menu`
VALUES (2112, 'еҲ йҷӨиҚүзЁҝ', 'mp:draft:delete', 3, 3, 2108, '', '', '', NULL, 0, b'1', b'1', b'1', '1',
        '2023-01-14 10:09:19', '1', '2023-01-14 10:09:19', b'0');
INSERT INTO `system_menu`
VALUES (2113, 'зҙ жқҗз®ЎзҗҶ', '', 2, 8, 2084, 'material', 'ep:basketball', 'mp/material/index', 'MpMaterial', 0, b'1', b'1',
        b'1', '1', '2023-01-14 14:12:07', '1', '2024-02-29 12:43:18', b'0');
INSERT INTO `system_menu`
VALUES (2114, 'дёҠдј дёҙж—¶зҙ жқҗ', 'mp:material:upload-temporary', 3, 1, 2113, '', '', '', NULL, 0, b'1', b'1', b'1', '1',
        '2023-01-14 15:33:55', '1', '2023-01-14 15:33:55', b'0');
INSERT INTO `system_menu`
VALUES (2115, 'дёҠдј ж°ёд№…зҙ жқҗ', 'mp:material:upload-permanent', 3, 2, 2113, '', '', '', NULL, 0, b'1', b'1', b'1', '1',
        '2023-01-14 15:34:14', '1', '2023-01-14 15:34:14', b'0');
INSERT INTO `system_menu`
VALUES (2116, 'еҲ йҷӨзҙ жқҗ', 'mp:material:delete', 3, 3, 2113, '', '', '', NULL, 0, b'1', b'1', b'1', '1',
        '2023-01-14 15:35:37', '1', '2023-01-14 15:35:37', b'0');
INSERT INTO `system_menu`
VALUES (2117, 'дёҠдј еӣҫж–ҮеӣҫзүҮ', 'mp:material:upload-news-image', 3, 4, 2113, '', '', '', NULL, 0, b'1', b'1', b'1', '1',
        '2023-01-14 15:36:31', '1', '2023-01-14 15:36:31', b'0');
INSERT INTO `system_menu`
VALUES (2118, 'жҹҘиҜўзҙ жқҗ', 'mp:material:query', 3, 5, 2113, '', '', '', NULL, 0, b'1', b'1', b'1', '1',
        '2023-01-14 15:39:22', '1', '2023-01-14 15:39:22', b'0');
INSERT INTO `system_menu`
VALUES (2119, 'иҸңеҚ•з®ЎзҗҶ', '', 2, 6, 2084, 'menu', 'ep:menu', 'mp/menu/index', 'MpMenu', 0, b'1', b'1', b'1', '1',
        '2023-01-14 17:43:54', '1', '2025-04-01 20:21:02', b'0');
INSERT INTO `system_menu`
VALUES (2120, 'иҮӘеҠЁеӣһеӨҚ', '', 2, 7, 2084, 'auto-reply', 'fa-solid:republican', 'mp/autoReply/index', 'MpAutoReply', 0,
        b'1', b'1', b'1', '1', '2023-01-15 22:13:09', '1', '2024-02-29 12:43:10', b'0');
INSERT INTO `system_menu`
VALUES (2121, 'жҹҘиҜўеӣһеӨҚ', 'mp:auto-reply:query', 3, 0, 2120, '', '', '', NULL, 0, b'1', b'1', b'1', '1',
        '2023-01-16 22:28:41', '1', '2023-01-16 22:28:41', b'0');
INSERT INTO `system_menu`
VALUES (2122, 'ж–°еўһеӣһеӨҚ', 'mp:auto-reply:create', 3, 1, 2120, '', '', '', NULL, 0, b'1', b'1', b'1', '1',
        '2023-01-16 22:28:54', '1', '2023-01-16 22:28:54', b'0');
INSERT INTO `system_menu`
VALUES (2123, 'дҝ®ж”№еӣһеӨҚ', 'mp:auto-reply:update', 3, 2, 2120, '', '', '', NULL, 0, b'1', b'1', b'1', '1',
        '2023-01-16 22:29:05', '1', '2023-01-16 22:29:05', b'0');
INSERT INTO `system_menu`
VALUES (2124, 'еҲ йҷӨеӣһеӨҚ', 'mp:auto-reply:delete', 3, 3, 2120, '', '', '', NULL, 0, b'1', b'1', b'1', '1',
        '2023-01-16 22:29:34', '1', '2023-01-16 22:29:34', b'0');
INSERT INTO `system_menu`
VALUES (2125, 'жҹҘиҜўиҸңеҚ•', 'mp:menu:query', 3, 0, 2119, '', '', '', NULL, 0, b'1', b'1', b'1', '1',
        '2023-01-17 23:05:41', '1', '2023-01-17 23:05:41', b'0');
INSERT INTO `system_menu`
VALUES (2126, 'дҝқеӯҳиҸңеҚ•', 'mp:menu:save', 3, 1, 2119, '', '', '', NULL, 0, b'1', b'1', b'1', '1', '2023-01-17 23:06:01',
        '1', '2023-01-17 23:06:01', b'0');
INSERT INTO `system_menu`
VALUES (2127, 'еҲ йҷӨиҸңеҚ•', 'mp:menu:delete', 3, 2, 2119, '', '', '', NULL, 0, b'1', b'1', b'1', '1',
        '2023-01-17 23:06:16', '1', '2023-01-17 23:06:16', b'0');
INSERT INTO `system_menu`
VALUES (2128, 'жҹҘиҜўж¶ҲжҒҜ', 'mp:message:query', 3, 0, 2103, '', '', '', NULL, 0, b'1', b'1', b'1', '1',
        '2023-01-17 23:07:14', '1', '2023-01-17 23:07:14', b'0');
INSERT INTO `system_menu`
VALUES (2129, 'еҸ‘йҖҒж¶ҲжҒҜ', 'mp:message:send', 3, 1, 2103, '', '', '', NULL, 0, b'1', b'1', b'1', '1',
        '2023-01-17 23:07:26', '1', '2023-01-17 23:07:26', b'0');
INSERT INTO `system_menu`
VALUES (2130, 'йӮ®з®ұз®ЎзҗҶ', '', 2, 2, 2739, 'mail', 'fa-solid:mail-bulk', NULL, NULL, 0, b'1', b'1', b'1', '1',
        '2023-01-25 17:27:44', '1', '2024-04-22 23:56:08', b'0');
INSERT INTO `system_menu`
VALUES (2131, 'йӮ®з®ұиҙҰеҸ·', '', 2, 0, 2130, 'mail-account', 'fa:universal-access', 'system/mail/account/index',
        'SystemMailAccount', 0, b'1', b'1', b'1', '', '2023-01-25 09:33:48', '1', '2024-02-29 08:48:16', b'0');
INSERT INTO `system_menu`
VALUES (2132, 'иҙҰеҸ·жҹҘиҜў', 'system:mail-account:query', 3, 1, 2131, '', '', '', NULL, 0, b'1', b'1', b'1', '',
        '2023-01-25 09:33:48', '', '2023-01-25 09:33:48', b'0');
INSERT INTO `system_menu`
VALUES (2133, 'иҙҰеҸ·еҲӣе»ә', 'system:mail-account:create', 3, 2, 2131, '', '', '', NULL, 0, b'1', b'1', b'1', '',
        '2023-01-25 09:33:48', '', '2023-01-25 09:33:48', b'0');
INSERT INTO `system_menu`
VALUES (2134, 'иҙҰеҸ·жӣҙж–°', 'system:mail-account:update', 3, 3, 2131, '', '', '', NULL, 0, b'1', b'1', b'1', '',
        '2023-01-25 09:33:48', '', '2023-01-25 09:33:48', b'0');
INSERT INTO `system_menu`
VALUES (2135, 'иҙҰеҸ·еҲ йҷӨ', 'system:mail-account:delete', 3, 4, 2131, '', '', '', NULL, 0, b'1', b'1', b'1', '',
        '2023-01-25 09:33:48', '', '2023-01-25 09:33:48', b'0');
INSERT INTO `system_menu`
VALUES (2136, 'йӮ®д»¶жЁЎзүҲ', '', 2, 0, 2130, 'mail-template', 'fa:tag', 'system/mail/template/index', 'SystemMailTemplate',
        0, b'1', b'1', b'1', '', '2023-01-25 12:05:31', '1', '2024-02-29 08:48:41', b'0');
INSERT INTO `system_menu`
VALUES (2137, 'жЁЎзүҲжҹҘиҜў', 'system:mail-template:query', 3, 1, 2136, '', '', '', NULL, 0, b'1', b'1', b'1', '',
        '2023-01-25 12:05:31', '', '2023-01-25 12:05:31', b'0');
INSERT INTO `system_menu`
VALUES (2138, 'жЁЎзүҲеҲӣе»ә', 'system:mail-template:create', 3, 2, 2136, '', '', '', NULL, 0, b'1', b'1', b'1', '',
        '2023-01-25 12:05:31', '', '2023-01-25 12:05:31', b'0');
INSERT INTO `system_menu`
VALUES (2139, 'жЁЎзүҲжӣҙж–°', 'system:mail-template:update', 3, 3, 2136, '', '', '', NULL, 0, b'1', b'1', b'1', '',
        '2023-01-25 12:05:31', '', '2023-01-25 12:05:31', b'0');
INSERT INTO `system_menu`
VALUES (2140, 'жЁЎзүҲеҲ йҷӨ', 'system:mail-template:delete', 3, 4, 2136, '', '', '', NULL, 0, b'1', b'1', b'1', '',
        '2023-01-25 12:05:31', '', '2023-01-25 12:05:31', b'0');
INSERT INTO `system_menu`
VALUES (2141, 'йӮ®д»¶и®°еҪ•', '', 2, 0, 2130, 'mail-log', 'fa:edit', 'system/mail/log/index', 'SystemMailLog', 0, b'1',
        b'1', b'1', '', '2023-01-26 02:16:50', '1', '2024-02-29 08:48:51', b'0');
INSERT INTO `system_menu`
VALUES (2142, 'ж—Ҙеҝ—жҹҘиҜў', 'system:mail-log:query', 3, 1, 2141, '', '', '', NULL, 0, b'1', b'1', b'1', '',
        '2023-01-26 02:16:50', '', '2023-01-26 02:16:50', b'0');
INSERT INTO `system_menu`
VALUES (2143, 'еҸ‘йҖҒжөӢиҜ•йӮ®д»¶', 'system:mail-template:send-mail', 3, 5, 2136, '', '', '', NULL, 0, b'1', b'1', b'1', '1',
        '2023-01-26 23:29:15', '1', '2023-01-26 23:29:15', b'0');
INSERT INTO `system_menu`
VALUES (2144, 'з«ҷеҶ…дҝЎз®ЎзҗҶ', '', 1, 3, 2739, 'notify', 'ep:message-box', NULL, NULL, 0, b'1', b'1', b'1', '1',
        '2023-01-28 10:25:18', '1', '2024-04-22 23:56:12', b'0');
INSERT INTO `system_menu`
VALUES (2145, 'жЁЎжқҝз®ЎзҗҶ', '', 2, 0, 2144, 'notify-template', 'fa:archive', 'system/notify/template/index',
        'SystemNotifyTemplate', 0, b'1', b'1', b'1', '', '2023-01-28 02:26:42', '1', '2024-02-29 08:49:14', b'0');
INSERT INTO `system_menu`
VALUES (2146, 'з«ҷеҶ…дҝЎжЁЎжқҝжҹҘиҜў', 'system:notify-template:query', 3, 1, 2145, '', '', '', NULL, 0, b'1', b'1', b'1', '',
        '2023-01-28 02:26:42', '', '2023-01-28 02:26:42', b'0');
INSERT INTO `system_menu`
VALUES (2147, 'з«ҷеҶ…дҝЎжЁЎжқҝеҲӣе»ә', 'system:notify-template:create', 3, 2, 2145, '', '', '', NULL, 0, b'1', b'1', b'1', '',
        '2023-01-28 02:26:42', '', '2023-01-28 02:26:42', b'0');
INSERT INTO `system_menu`
VALUES (2148, 'з«ҷеҶ…дҝЎжЁЎжқҝжӣҙж–°', 'system:notify-template:update', 3, 3, 2145, '', '', '', NULL, 0, b'1', b'1', b'1', '',
        '2023-01-28 02:26:42', '', '2023-01-28 02:26:42', b'0');
INSERT INTO `system_menu`
VALUES (2149, 'з«ҷеҶ…дҝЎжЁЎжқҝеҲ йҷӨ', 'system:notify-template:delete', 3, 4, 2145, '', '', '', NULL, 0, b'1', b'1', b'1', '',
        '2023-01-28 02:26:42', '', '2023-01-28 02:26:42', b'0');
INSERT INTO `system_menu`
VALUES (2150, 'еҸ‘йҖҒжөӢиҜ•з«ҷеҶ…дҝЎ', 'system:notify-template:send-notify', 3, 5, 2145, '', '', '', NULL, 0, b'1', b'1', b'1',
        '1', '2023-01-28 10:54:43', '1', '2023-01-28 10:54:43', b'0');
INSERT INTO `system_menu`
VALUES (2151, 'ж¶ҲжҒҜи®°еҪ•', '', 2, 0, 2144, 'notify-message', 'fa:edit', 'system/notify/message/index',
        'SystemNotifyMessage', 0, b'1', b'1', b'1', '', '2023-01-28 04:28:22', '1', '2024-02-29 08:49:22', b'0');
INSERT INTO `system_menu`
VALUES (2152, 'з«ҷеҶ…дҝЎж¶ҲжҒҜжҹҘиҜў', 'system:notify-message:query', 3, 1, 2151, '', '', '', NULL, 0, b'1', b'1', b'1', '',
        '2023-01-28 04:28:22', '', '2023-01-28 04:28:22', b'0');
INSERT INTO `system_menu`
VALUES (2153, 'еӨ§еұҸи®ҫи®ЎеҷЁ', '', 2, 2, 1281, 'go-view', 'fa:area-chart', 'report/goview/index', 'GoView', 0, b'1', b'1',
        b'1', '1', '2023-02-07 00:03:19', '1', '2025-05-03 09:57:03', b'0');
INSERT INTO `system_menu`
VALUES (2154, 'еҲӣе»әйЎ№зӣ®', 'report:go-view-project:create', 3, 1, 2153, '', '', '', NULL, 0, b'1', b'1', b'1', '1',
        '2023-02-07 19:25:14', '1', '2023-02-07 19:25:14', b'0');
INSERT INTO `system_menu`
VALUES (2155, 'жӣҙж–°йЎ№зӣ®', 'report:go-view-project:update', 3, 2, 2153, '', '', '', '', 0, b'1', b'1', b'1', '1',
        '2023-02-07 19:25:34', '1', '2024-04-24 20:01:18', b'0');
INSERT INTO `system_menu`
VALUES (2156, 'жҹҘиҜўйЎ№зӣ®', 'report:go-view-project:query', 3, 0, 2153, '', '', '', NULL, 0, b'1', b'1', b'1', '1',
        '2023-02-07 19:25:53', '1', '2023-02-07 19:25:53', b'0');
INSERT INTO `system_menu`
VALUES (2157, 'дҪҝз”Ё SQL жҹҘиҜўж•°жҚ®', 'report:go-view-data:get-by-sql', 3, 3, 2153, '', '', '', NULL, 0, b'1', b'1', b'1',
        '1', '2023-02-07 19:26:15', '1', '2023-02-07 19:26:15', b'0');
INSERT INTO `system_menu`
VALUES (2158, 'дҪҝз”Ё HTTP жҹҘиҜўж•°жҚ®', 'report:go-view-data:get-by-http', 3, 4, 2153, '', '', '', NULL, 0, b'1', b'1',
        b'1', '1', '2023-02-07 19:26:35', '1', '2023-02-07 19:26:35', b'0');
INSERT INTO `system_menu`
VALUES (2159, 'Boot ејҖеҸ‘ж–ҮжЎЈ', '', 1, 1, 0, 'https://doc.iocoder.cn/', 'ep:document', NULL, NULL, 1, b'1', b'1', b'1',
        '1', '2023-02-10 22:46:28', '1', '2026-03-16 15:23:51', b'0');
INSERT INTO `system_menu`
VALUES (2160, 'Cloud ејҖеҸ‘ж–ҮжЎЈ', '', 1, 2, 0, 'https://cloud.iocoder.cn', 'ep:document-copy', NULL, NULL, 1, b'1', b'1',
        b'1', '1', '2023-02-10 22:47:07', '1', '2026-03-16 15:23:51', b'0');
INSERT INTO `system_menu`
VALUES (2161, 'жҺҘе…ҘзӨәдҫӢ', '', 1, 99, 1117, 'demo', 'fa-solid:dragon', 'pay/demo/index', NULL, 0, b'1', b'1', b'1', '',
        '2023-02-11 14:21:42', '1', '2024-01-18 23:50:00', b'0');
INSERT INTO `system_menu`
VALUES (2162, 'е•Ҷе“ҒеҜјеҮә', 'product:spu:export', 3, 5, 2014, '', '', '', NULL, 0, b'1', b'1', b'1', '',
        '2022-07-30 14:22:58', '', '2022-07-30 14:22:58', b'0');
INSERT INTO `system_menu`
VALUES (2164, 'й…ҚйҖҒз®ЎзҗҶ', '', 1, 3, 2072, 'delivery', 'ep:shopping-cart', '', '', 0, b'1', b'1', b'1', '1',
        '2023-05-18 09:18:02', '1', '2023-09-28 10:58:09', b'0');
INSERT INTO `system_menu`
VALUES (2165, 'еҝ«йҖ’еҸ‘иҙ§', '', 1, 0, 2164, 'express', 'ep:bicycle', '', '', 0, b'1', b'1', b'1', '1',
        '2023-05-18 09:22:06', '1', '2023-08-30 21:02:49', b'0');
INSERT INTO `system_menu`
VALUES (2166, 'й—Ёеә—иҮӘжҸҗ', '', 1, 1, 2164, 'pick-up-store', 'ep:add-location', '', '', 0, b'1', b'1', b'1', '1',
        '2023-05-18 09:23:14', '1', '2023-08-30 21:03:21', b'0');
INSERT INTO `system_menu`
VALUES (2167, 'еҝ«йҖ’е…¬еҸё', '', 2, 0, 2165, 'express', 'ep:compass', 'mall/trade/delivery/express/index', 'Express', 0,
        b'1', b'1', b'1', '1', '2023-05-18 09:27:21', '1', '2024-11-29 11:20:54', b'0');
INSERT INTO `system_menu`
VALUES (2168, 'еҝ«йҖ’е…¬еҸёжҹҘиҜў', 'trade:delivery:express:query', 3, 1, 2167, '', '', '', NULL, 0, b'1', b'1', b'1', '',
        '2023-05-18 09:37:53', '', '2023-05-18 09:37:53', b'0');
INSERT INTO `system_menu`
VALUES (2169, 'еҝ«йҖ’е…¬еҸёеҲӣе»ә', 'trade:delivery:express:create', 3, 2, 2167, '', '', '', NULL, 0, b'1', b'1', b'1', '',
        '2023-05-18 09:37:53', '', '2023-05-18 09:37:53', b'0');
INSERT INTO `system_menu`
VALUES (2170, 'еҝ«йҖ’е…¬еҸёжӣҙж–°', 'trade:delivery:express:update', 3, 3, 2167, '', '', '', NULL, 0, b'1', b'1', b'1', '',
        '2023-05-18 09:37:53', '', '2023-05-18 09:37:53', b'0');
INSERT INTO `system_menu`
VALUES (2171, 'еҝ«йҖ’е…¬еҸёеҲ йҷӨ', 'trade:delivery:express:delete', 3, 4, 2167, '', '', '', NULL, 0, b'1', b'1', b'1', '',
        '2023-05-18 09:37:53', '', '2023-05-18 09:37:53', b'0');
INSERT INTO `system_menu`
VALUES (2172, 'еҝ«йҖ’е…¬еҸёеҜјеҮә', 'trade:delivery:express:export', 3, 5, 2167, '', '', '', NULL, 0, b'1', b'1', b'1', '',
        '2023-05-18 09:37:53', '', '2023-05-18 09:37:53', b'0');
INSERT INTO `system_menu`
VALUES (2173, 'иҝҗиҙ№жЁЎзүҲ', 'trade:delivery:express-template:query', 2, 1, 2165, 'express-template', 'ep:coordinate',
        'mall/trade/delivery/expressTemplate/index', 'ExpressTemplate', 0, b'1', b'1', b'1', '1', '2023-05-20 06:48:10',
        '1', '2023-08-30 21:03:13', b'0');
INSERT INTO `system_menu`
VALUES (2174, 'еҝ«йҖ’иҝҗиҙ№жЁЎжқҝжҹҘиҜў', 'trade:delivery:express-template:query', 3, 1, 2173, '', '', '', NULL, 0, b'1', b'1',
        b'1', '', '2023-05-20 06:49:53', '', '2023-05-20 06:49:53', b'0');
INSERT INTO `system_menu`
VALUES (2175, 'еҝ«йҖ’иҝҗиҙ№жЁЎжқҝеҲӣе»ә', 'trade:delivery:express-template:create', 3, 2, 2173, '', '', '', NULL, 0, b'1', b'1',
        b'1', '', '2023-05-20 06:49:53', '', '2023-05-20 06:49:53', b'0');
INSERT INTO `system_menu`
VALUES (2176, 'еҝ«йҖ’иҝҗиҙ№жЁЎжқҝжӣҙж–°', 'trade:delivery:express-template:update', 3, 3, 2173, '', '', '', NULL, 0, b'1', b'1',
        b'1', '', '2023-05-20 06:49:53', '', '2023-05-20 06:49:53', b'0');
INSERT INTO `system_menu`
VALUES (2177, 'еҝ«йҖ’иҝҗиҙ№жЁЎжқҝеҲ йҷӨ', 'trade:delivery:express-template:delete', 3, 4, 2173, '', '', '', NULL, 0, b'1', b'1',
        b'1', '', '2023-05-20 06:49:53', '', '2023-05-20 06:49:53', b'0');
INSERT INTO `system_menu`
VALUES (2178, 'еҝ«йҖ’иҝҗиҙ№жЁЎжқҝеҜјеҮә', 'trade:delivery:express-template:export', 3, 5, 2173, '', '', '', NULL, 0, b'1', b'1',
        b'1', '', '2023-05-20 06:49:53', '', '2023-05-20 06:49:53', b'0');
INSERT INTO `system_menu`
VALUES (2179, 'й—Ёеә—з®ЎзҗҶ', '', 2, 1, 2166, 'pick-up-store', 'ep:basketball', 'mall/trade/delivery/pickUpStore/index',
        'PickUpStore', 0, b'1', b'1', b'1', '1', '2023-05-25 10:50:00', '1', '2023-08-30 21:03:28', b'0');
INSERT INTO `system_menu`
VALUES (2180, 'иҮӘжҸҗй—Ёеә—жҹҘиҜў', 'trade:delivery:pick-up-store:query', 3, 1, 2179, '', '', '', NULL, 0, b'1', b'1', b'1',
        '', '2023-05-25 10:53:29', '', '2023-05-25 10:53:29', b'0');
INSERT INTO `system_menu`
VALUES (2181, 'иҮӘжҸҗй—Ёеә—еҲӣе»ә', 'trade:delivery:pick-up-store:create', 3, 2, 2179, '', '', '', NULL, 0, b'1', b'1', b'1',
        '', '2023-05-25 10:53:29', '', '2023-05-25 10:53:29', b'0');
INSERT INTO `system_menu`
VALUES (2182, 'иҮӘжҸҗй—Ёеә—жӣҙж–°', 'trade:delivery:pick-up-store:update', 3, 3, 2179, '', '', '', NULL, 0, b'1', b'1', b'1',
        '', '2023-05-25 10:53:29', '', '2023-05-25 10:53:29', b'0');
INSERT INTO `system_menu`
VALUES (2183, 'иҮӘжҸҗй—Ёеә—еҲ йҷӨ', 'trade:delivery:pick-up-store:delete', 3, 4, 2179, '', '', '', NULL, 0, b'1', b'1', b'1',
        '', '2023-05-25 10:53:29', '', '2023-05-25 10:53:29', b'0');
INSERT INTO `system_menu`
VALUES (2184, 'иҮӘжҸҗй—Ёеә—еҜјеҮә', 'trade:delivery:pick-up-store:export', 3, 5, 2179, '', '', '', NULL, 0, b'1', b'1', b'1',
        '', '2023-05-25 10:53:29', '', '2023-05-25 10:53:29', b'0');
INSERT INTO `system_menu`
VALUES (2209, 'з§’жқҖжҙ»еҠЁ', '', 2, 3, 2030, 'seckill', 'ep:place', '', '', 0, b'1', b'1', b'1', '1',
        '2023-06-24 17:39:13', '1', '2023-06-24 18:55:15', b'0');
INSERT INTO `system_menu`
VALUES (2262, 'дјҡе‘ҳдёӯеҝғ', '', 1, 55, 0, '/member', 'ep:bicycle', NULL, NULL, 1, b'1', b'1', b'1', '1',
        '2023-06-10 00:42:03', '1', '2026-03-16 15:24:02', b'0');
INSERT INTO `system_menu`
VALUES (2275, 'дјҡе‘ҳй…ҚзҪ®', '', 2, 0, 2262, 'config', 'fa:archive', 'member/config/index', 'MemberConfig', 0, b'1', b'1',
        b'1', '', '2023-06-10 02:07:44', '1', '2023-10-01 23:41:29', b'0');
INSERT INTO `system_menu`
VALUES (2276, 'дјҡе‘ҳй…ҚзҪ®жҹҘиҜў', 'member:config:query', 3, 1, 2275, '', '', '', '', 0, b'1', b'1', b'1', '',
        '2023-06-10 02:07:44', '1', '2024-04-24 19:48:58', b'0');
INSERT INTO `system_menu`
VALUES (2277, 'дјҡе‘ҳй…ҚзҪ®дҝқеӯҳ', 'member:config:save', 3, 2, 2275, '', '', '', '', 0, b'1', b'1', b'1', '',
        '2023-06-10 02:07:44', '1', '2024-04-24 19:49:28', b'0');
INSERT INTO `system_menu`
VALUES (2281, 'зӯҫеҲ°й…ҚзҪ®', '', 2, 2, 2300, 'config', 'ep:calendar', 'member/signin/config/index', 'SignInConfig', 0,
        b'1', b'1', b'1', '', '2023-06-10 03:26:12', '1', '2023-08-20 19:25:51', b'0');
INSERT INTO `system_menu`
VALUES (2282, 'з§ҜеҲҶзӯҫеҲ°и§„еҲҷжҹҘиҜў', 'point:sign-in-config:query', 3, 1, 2281, '', '', '', NULL, 0, b'1', b'1', b'1', '',
        '2023-06-10 03:26:12', '', '2023-06-10 03:26:12', b'0');
INSERT INTO `system_menu`
VALUES (2283, 'з§ҜеҲҶзӯҫеҲ°и§„еҲҷеҲӣе»ә', 'point:sign-in-config:create', 3, 2, 2281, '', '', '', NULL, 0, b'1', b'1', b'1', '',
        '2023-06-10 03:26:12', '', '2023-06-10 03:26:12', b'0');
INSERT INTO `system_menu`
VALUES (2284, 'з§ҜеҲҶзӯҫеҲ°и§„еҲҷжӣҙж–°', 'point:sign-in-config:update', 3, 3, 2281, '', '', '', NULL, 0, b'1', b'1', b'1', '',
        '2023-06-10 03:26:12', '', '2023-06-10 03:26:12', b'0');
INSERT INTO `system_menu`
VALUES (2285, 'з§ҜеҲҶзӯҫеҲ°и§„еҲҷеҲ йҷӨ', 'point:sign-in-config:delete', 3, 4, 2281, '', '', '', NULL, 0, b'1', b'1', b'1', '',
        '2023-06-10 03:26:12', '', '2023-06-10 03:26:12', b'0');
INSERT INTO `system_menu`
VALUES (2287, 'дјҡе‘ҳз§ҜеҲҶ', '', 2, 10, 2262, 'record', 'fa:asterisk', 'member/point/record/index', 'PointRecord', 0, b'1',
        b'1', b'1', '', '2023-06-10 04:18:50', '1', '2023-10-01 23:42:11', b'0');
INSERT INTO `system_menu`
VALUES (2288, 'з”ЁжҲ·з§ҜеҲҶи®°еҪ•жҹҘиҜў', 'point:record:query', 3, 1, 2287, '', '', '', NULL, 0, b'1', b'1', b'1', '',
        '2023-06-10 04:18:50', '', '2023-06-10 04:18:50', b'0');
INSERT INTO `system_menu`
VALUES (2293, 'зӯҫеҲ°и®°еҪ•', '', 2, 3, 2300, 'record', 'ep:chicken', 'member/signin/record/index', 'SignInRecord', 0, b'1',
        b'1', b'1', '', '2023-06-10 04:48:22', '1', '2023-08-20 19:26:02', b'0');
INSERT INTO `system_menu`
VALUES (2294, 'з”ЁжҲ·зӯҫеҲ°з§ҜеҲҶжҹҘиҜў', 'point:sign-in-record:query', 3, 1, 2293, '', '', '', NULL, 0, b'1', b'1', b'1', '',
        '2023-06-10 04:48:22', '', '2023-06-10 04:48:22', b'0');
INSERT INTO `system_menu`
VALUES (2297, 'з”ЁжҲ·зӯҫеҲ°з§ҜеҲҶеҲ йҷӨ', 'point:sign-in-record:delete', 3, 4, 2293, '', '', '', NULL, 0, b'1', b'1', b'1', '',
        '2023-06-10 04:48:22', '', '2023-06-10 04:48:22', b'0');
INSERT INTO `system_menu`
VALUES (2300, 'дјҡе‘ҳзӯҫеҲ°', '', 1, 11, 2262, 'signin', 'ep:alarm-clock', '', '', 0, b'1', b'1', b'1', '1',
        '2023-06-27 22:49:53', '1', '2023-08-20 09:23:48', b'0');
INSERT INTO `system_menu`
VALUES (2301, 'еӣһи°ғйҖҡзҹҘ', '', 2, 5, 1117, 'notify', 'ep:mute-notification', 'pay/notify/index', 'PayNotify', 0, b'1',
        b'1', b'1', '', '2023-07-20 04:41:32', '1', '2024-01-18 23:56:48', b'0');
INSERT INTO `system_menu`
VALUES (2302, 'ж”Ҝд»ҳйҖҡзҹҘжҹҘиҜў', 'pay:notify:query', 3, 1, 2301, '', '', '', NULL, 0, b'1', b'1', b'1', '',
        '2023-07-20 04:41:32', '', '2023-07-20 04:41:32', b'0');
INSERT INTO `system_menu`
VALUES (2303, 'жӢјеӣўжҙ»еҠЁ', '', 2, 3, 2030, 'combination', 'fa:group', '', '', 0, b'1', b'1', b'1', '1',
        '2023-08-12 17:19:54', '1', '2023-08-12 17:20:05', b'0');
INSERT INTO `system_menu`
VALUES (2304, 'жӢјеӣўе•Ҷе“Ғ', '', 2, 1, 2303, 'acitivity', 'ep:apple', 'mall/promotion/combination/activity/index',
        'PromotionCombinationActivity', 0, b'1', b'1', b'1', '1', '2023-08-12 17:22:03', '1', '2023-08-12 17:22:29',
        b'0');
INSERT INTO `system_menu`
VALUES (2305, 'жӢјеӣўжҙ»еҠЁжҹҘиҜў', 'promotion:combination-activity:query', 3, 1, 2304, '', '', '', '', 0, b'1', b'1', b'1',
        '1', '2023-08-12 17:54:32', '1', '2023-11-24 11:57:40', b'0');
INSERT INTO `system_menu`
VALUES (2306, 'жӢјеӣўжҙ»еҠЁеҲӣе»ә', 'promotion:combination-activity:create', 3, 2, 2304, '', '', '', '', 0, b'1', b'1', b'1',
        '1', '2023-08-12 17:54:49', '1', '2023-08-12 17:54:49', b'0');
INSERT INTO `system_menu`
VALUES (2307, 'жӢјеӣўжҙ»еҠЁжӣҙж–°', 'promotion:combination-activity:update', 3, 3, 2304, '', '', '', '', 0, b'1', b'1', b'1',
        '1', '2023-08-12 17:55:04', '1', '2023-08-12 17:55:04', b'0');
INSERT INTO `system_menu`
VALUES (2308, 'жӢјеӣўжҙ»еҠЁеҲ йҷӨ', 'promotion:combination-activity:delete', 3, 4, 2304, '', '', '', '', 0, b'1', b'1', b'1',
        '1', '2023-08-12 17:55:23', '1', '2023-08-12 17:55:23', b'0');
INSERT INTO `system_menu`
VALUES (2309, 'жӢјеӣўжҙ»еҠЁе…ій—ӯ', 'promotion:combination-activity:close', 3, 5, 2304, '', '', '', '', 0, b'1', b'1', b'1',
        '1', '2023-08-12 17:55:37', '1', '2023-10-06 10:51:57', b'0');
INSERT INTO `system_menu`
VALUES (2310, 'з Қд»·жҙ»еҠЁ', '', 2, 4, 2030, 'bargain', 'ep:box', '', '', 0, b'1', b'1', b'1', '1', '2023-08-13 00:27:25',
        '1', '2023-08-13 00:27:25', b'0');
INSERT INTO `system_menu`
VALUES (2311, 'з Қд»·е•Ҷе“Ғ', '', 2, 1, 2310, 'activity', 'ep:burger', 'mall/promotion/bargain/activity/index',
        'PromotionBargainActivity', 0, b'1', b'1', b'1', '1', '2023-08-13 00:28:49', '1', '2023-10-05 01:16:23', b'0');
INSERT INTO `system_menu`
VALUES (2312, 'з Қд»·жҙ»еҠЁжҹҘиҜў', 'promotion:bargain-activity:query', 3, 1, 2311, '', '', '', '', 0, b'1', b'1', b'1', '1',
        '2023-08-13 00:32:30', '1', '2023-08-13 00:32:30', b'0');
INSERT INTO `system_menu`
VALUES (2313, 'з Қд»·жҙ»еҠЁеҲӣе»ә', 'promotion:bargain-activity:create', 3, 2, 2311, '', '', '', '', 0, b'1', b'1', b'1', '1',
        '2023-08-13 00:32:44', '1', '2023-08-13 00:32:44', b'0');
INSERT INTO `system_menu`
VALUES (2314, 'з Қд»·жҙ»еҠЁжӣҙж–°', 'promotion:bargain-activity:update', 3, 3, 2311, '', '', '', '', 0, b'1', b'1', b'1', '1',
        '2023-08-13 00:32:55', '1', '2023-08-13 00:32:55', b'0');
INSERT INTO `system_menu`
VALUES (2315, 'з Қд»·жҙ»еҠЁеҲ йҷӨ', 'promotion:bargain-activity:delete', 3, 4, 2311, '', '', '', '', 0, b'1', b'1', b'1', '1',
        '2023-08-13 00:34:50', '1', '2023-08-13 00:34:50', b'0');
INSERT INTO `system_menu`
VALUES (2316, 'з Қд»·жҙ»еҠЁе…ій—ӯ', 'promotion:bargain-activity:close', 3, 5, 2311, '', '', '', '', 0, b'1', b'1', b'1', '1',
        '2023-08-13 00:35:02', '1', '2023-08-13 00:35:02', b'0');
INSERT INTO `system_menu`
VALUES (2317, 'дјҡе‘ҳз®ЎзҗҶ', '', 2, 0, 2262, 'user', 'ep:avatar', 'member/user/index', 'MemberUser', 0, b'1', b'1', b'1',
        '', '2023-08-19 04:12:15', '1', '2023-08-24 00:50:55', b'0');
INSERT INTO `system_menu`
VALUES (2318, 'дјҡе‘ҳз”ЁжҲ·жҹҘиҜў', 'member:user:query', 3, 1, 2317, '', '', '', NULL, 0, b'1', b'1', b'1', '',
        '2023-08-19 04:12:15', '', '2023-08-19 04:12:15', b'0');
INSERT INTO `system_menu`
VALUES (2319, 'дјҡе‘ҳз”ЁжҲ·жӣҙж–°', 'member:user:update', 3, 3, 2317, '', '', '', NULL, 0, b'1', b'1', b'1', '',
        '2023-08-19 04:12:15', '', '2023-08-19 04:12:15', b'0');
INSERT INTO `system_menu`
VALUES (2320, 'дјҡе‘ҳж Үзӯҫ', '', 2, 1, 2262, 'tag', 'ep:collection-tag', 'member/tag/index', 'MemberTag', 0, b'1', b'1',
        b'1', '', '2023-08-20 01:03:08', '1', '2023-08-20 09:23:19', b'0');
INSERT INTO `system_menu`
VALUES (2321, 'дјҡе‘ҳж ҮзӯҫжҹҘиҜў', 'member:tag:query', 3, 1, 2320, '', '', '', NULL, 0, b'1', b'1', b'1', '',
        '2023-08-20 01:03:08', '', '2023-08-20 01:03:08', b'0');
INSERT INTO `system_menu`
VALUES (2322, 'дјҡе‘ҳж ҮзӯҫеҲӣе»ә', 'member:tag:create', 3, 2, 2320, '', '', '', NULL, 0, b'1', b'1', b'1', '',
        '2023-08-20 01:03:08', '', '2023-08-20 01:03:08', b'0');
INSERT INTO `system_menu`
VALUES (2323, 'дјҡе‘ҳж Үзӯҫжӣҙж–°', 'member:tag:update', 3, 3, 2320, '', '', '', NULL, 0, b'1', b'1', b'1', '',
        '2023-08-20 01:03:08', '', '2023-08-20 01:03:08', b'0');
INSERT INTO `system_menu`
VALUES (2324, 'дјҡе‘ҳж ҮзӯҫеҲ йҷӨ', 'member:tag:delete', 3, 4, 2320, '', '', '', NULL, 0, b'1', b'1', b'1', '',
        '2023-08-20 01:03:08', '', '2023-08-20 01:03:08', b'0');
INSERT INTO `system_menu`
VALUES (2325, 'дјҡе‘ҳзӯүзә§', '', 2, 2, 2262, 'level', 'fa:level-up', 'member/level/index', 'MemberLevel', 0, b'1', b'1',
        b'1', '', '2023-08-22 12:41:01', '1', '2023-08-22 21:47:00', b'0');
INSERT INTO `system_menu`
VALUES (2326, 'дјҡе‘ҳзӯүзә§жҹҘиҜў', 'member:level:query', 3, 1, 2325, '', '', '', NULL, 0, b'1', b'1', b'1', '',
        '2023-08-22 12:41:02', '', '2023-08-22 12:41:02', b'0');
INSERT INTO `system_menu`
VALUES (2327, 'дјҡе‘ҳзӯүзә§еҲӣе»ә', 'member:level:create', 3, 2, 2325, '', '', '', NULL, 0, b'1', b'1', b'1', '',
        '2023-08-22 12:41:02', '', '2023-08-22 12:41:02', b'0');
INSERT INTO `system_menu`
VALUES (2328, 'дјҡе‘ҳзӯүзә§жӣҙж–°', 'member:level:update', 3, 3, 2325, '', '', '', NULL, 0, b'1', b'1', b'1', '',
        '2023-08-22 12:41:02', '', '2023-08-22 12:41:02', b'0');
INSERT INTO `system_menu`
VALUES (2329, 'дјҡе‘ҳзӯүзә§еҲ йҷӨ', 'member:level:delete', 3, 4, 2325, '', '', '', NULL, 0, b'1', b'1', b'1', '',
        '2023-08-22 12:41:02', '', '2023-08-22 12:41:02', b'0');
INSERT INTO `system_menu`
VALUES (2330, 'дјҡе‘ҳеҲҶз»„', '', 2, 3, 2262, 'group', 'fa:group', 'member/group/index', 'MemberGroup', 0, b'1', b'1', b'1',
        '', '2023-08-22 13:50:06', '1', '2023-10-01 23:42:01', b'0');
INSERT INTO `system_menu`
VALUES (2331, 'з”ЁжҲ·еҲҶз»„жҹҘиҜў', 'member:group:query', 3, 1, 2330, '', '', '', NULL, 0, b'1', b'1', b'1', '',
        '2023-08-22 13:50:06', '', '2023-08-22 13:50:06', b'0');
INSERT INTO `system_menu`
VALUES (2332, 'з”ЁжҲ·еҲҶз»„еҲӣе»ә', 'member:group:create', 3, 2, 2330, '', '', '', NULL, 0, b'1', b'1', b'1', '',
        '2023-08-22 13:50:06', '', '2023-08-22 13:50:06', b'0');
INSERT INTO `system_menu`
VALUES (2333, 'з”ЁжҲ·еҲҶз»„жӣҙж–°', 'member:group:update', 3, 3, 2330, '', '', '', NULL, 0, b'1', b'1', b'1', '',
        '2023-08-22 13:50:06', '', '2023-08-22 13:50:06', b'0');
INSERT INTO `system_menu`
VALUES (2334, 'з”ЁжҲ·еҲҶз»„еҲ йҷӨ', 'member:group:delete', 3, 4, 2330, '', '', '', NULL, 0, b'1', b'1', b'1', '',
        '2023-08-22 13:50:06', '', '2023-08-22 13:50:06', b'0');
INSERT INTO `system_menu`
VALUES (2335, 'з”ЁжҲ·зӯүзә§дҝ®ж”№', 'member:user:update-level', 3, 5, 2317, '', '', '', NULL, 0, b'1', b'1', b'1', '',
        '2023-08-23 16:49:05', '', '2023-08-23 16:50:48', b'0');
INSERT INTO `system_menu`
VALUES (2336, 'е•Ҷе“ҒиҜ„и®ә', '', 2, 5, 2000, 'comment', 'ep:comment', 'mall/product/comment/index', 'ProductComment', 0,
        b'1', b'1', b'1', '1', '2023-08-26 11:03:00', '1', '2023-08-26 11:03:38', b'0');
INSERT INTO `system_menu`
VALUES (2337, 'иҜ„и®әжҹҘиҜў', 'product:comment:query', 3, 1, 2336, '', '', '', '', 0, b'1', b'1', b'1', '1',
        '2023-08-26 11:04:01', '1', '2023-08-26 11:04:01', b'0');
INSERT INTO `system_menu`
VALUES (2338, 'ж·»еҠ иҮӘиҜ„', 'product:comment:create', 3, 2, 2336, '', '', '', '', 0, b'1', b'1', b'1', '1',
        '2023-08-26 11:04:23', '1', '2023-08-26 11:08:18', b'0');
INSERT INTO `system_menu`
VALUES (2339, 'е•Ҷе®¶еӣһеӨҚ', 'product:comment:update', 3, 3, 2336, '', '', '', '', 0, b'1', b'1', b'1', '1',
        '2023-08-26 11:04:37', '1', '2023-08-26 11:04:37', b'0');
INSERT INTO `system_menu`
VALUES (2340, 'жҳҫйҡҗиҜ„и®ә', 'product:comment:update', 3, 4, 2336, '', '', '', '', 0, b'1', b'1', b'1', '1',
        '2023-08-26 11:04:55', '1', '2023-08-26 11:04:55', b'0');
INSERT INTO `system_menu`
VALUES (2341, 'дјҳжғ еҠөеҸ‘йҖҒ', 'promotion:coupon:send', 3, 2, 2038, '', '', '', '', 0, b'1', b'1', b'1', '1',
        '2023-09-02 00:03:14', '1', '2023-09-02 00:03:14', b'0');
INSERT INTO `system_menu`
VALUES (2342, 'дәӨжҳ“й…ҚзҪ®', '', 2, 0, 2072, 'config', 'ep:setting', 'mall/trade/config/index', 'TradeConfig', 0, b'1',
        b'1', b'1', '', '2023-09-28 02:46:22', '1', '2024-02-26 20:30:53', b'0');
INSERT INTO `system_menu`
VALUES (2343, 'дәӨжҳ“дёӯеҝғй…ҚзҪ®жҹҘиҜў', 'trade:config:query', 3, 1, 2342, '', '', '', NULL, 0, b'1', b'1', b'1', '',
        '2023-09-28 02:46:22', '', '2023-09-28 02:46:22', b'0');
INSERT INTO `system_menu`
VALUES (2344, 'дәӨжҳ“дёӯеҝғй…ҚзҪ®дҝқеӯҳ', 'trade:config:save', 3, 2, 2342, '', '', '', NULL, 0, b'1', b'1', b'1', '',
        '2023-09-28 02:46:22', '', '2023-09-28 02:46:22', b'0');
INSERT INTO `system_menu`
VALUES (2345, 'еҲҶй”Җз®ЎзҗҶ', '', 1, 4, 2072, 'brokerage', 'fa-solid:project-diagram', '', '', 0, b'1', b'1', b'1', '',
        '2023-09-28 02:46:22', '1', '2023-09-28 10:58:44', b'0');
INSERT INTO `system_menu`
VALUES (2346, 'еҲҶй”Җз”ЁжҲ·', '', 2, 0, 2345, 'brokerage-user', 'fa-solid:user-tie', 'mall/trade/brokerage/user/index',
        'TradeBrokerageUser', 0, b'1', b'1', b'1', '', '2023-09-28 02:46:22', '1', '2024-02-26 20:33:23', b'0');
INSERT INTO `system_menu`
VALUES (2347, 'еҲҶй”Җз”ЁжҲ·жҹҘиҜў', 'trade:brokerage-user:query', 3, 1, 2346, '', '', '', NULL, 0, b'1', b'1', b'1', '',
        '2023-09-28 02:46:22', '', '2023-09-28 02:46:22', b'0');
INSERT INTO `system_menu`
VALUES (2348, 'еҲҶй”Җз”ЁжҲ·жҺЁе№ҝдәәжҹҘиҜў', 'trade:brokerage-user:user-query', 3, 2, 2346, '', '', '', NULL, 0, b'1', b'1',
        b'1', '', '2023-09-28 02:46:22', '', '2023-09-28 02:46:22', b'0');
INSERT INTO `system_menu`
VALUES (2349, 'еҲҶй”Җз”ЁжҲ·жҺЁе№ҝи®ўеҚ•жҹҘиҜў', 'trade:brokerage-user:order-query', 3, 3, 2346, '', '', '', NULL, 0, b'1', b'1',
        b'1', '', '2023-09-28 02:46:22', '', '2023-09-28 02:46:22', b'0');
INSERT INTO `system_menu`
VALUES (2350, 'еҲҶй”Җз”ЁжҲ·дҝ®ж”№жҺЁе№ҝиө„ж ј', 'trade:brokerage-user:update-brokerage-enable', 3, 4, 2346, '', '', '', NULL, 0,
        b'1', b'1', b'1', '', '2023-09-28 02:46:22', '', '2023-09-28 02:46:22', b'0');
INSERT INTO `system_menu`
VALUES (2351, 'дҝ®ж”№жҺЁе№ҝе‘ҳ', 'trade:brokerage-user:update-bind-user', 3, 5, 2346, '', '', '', '', 0, b'1', b'1', b'1',
        '', '2023-09-28 02:46:22', '1', '2024-12-01 14:33:07', b'0');
INSERT INTO `system_menu`
VALUES (2352, 'жё…йҷӨжҺЁе№ҝе‘ҳ', 'trade:brokerage-user:clear-bind-user', 3, 6, 2346, '', '', '', '', 0, b'1', b'1', b'1', '',
        '2023-09-28 02:46:22', '1', '2024-12-01 14:33:14', b'0');
INSERT INTO `system_menu`
VALUES (2353, 'дҪЈйҮ‘и®°еҪ•', '', 2, 1, 2345, 'brokerage-record', 'fa:money', 'mall/trade/brokerage/record/index',
        'TradeBrokerageRecord', 0, b'1', b'1', b'1', '', '2023-09-28 02:46:22', '1', '2024-02-26 20:33:30', b'0');
INSERT INTO `system_menu`
VALUES (2354, 'дҪЈйҮ‘и®°еҪ•жҹҘиҜў', 'trade:brokerage-record:query', 3, 1, 2353, '', '', '', NULL, 0, b'1', b'1', b'1', '',
        '2023-09-28 02:46:22', '', '2023-09-28 02:46:22', b'0');
INSERT INTO `system_menu`
VALUES (2355, 'дҪЈйҮ‘жҸҗзҺ°', '', 2, 2, 2345, 'brokerage-withdraw', 'fa:credit-card', 'mall/trade/brokerage/withdraw/index',
        'TradeBrokerageWithdraw', 0, b'1', b'1', b'1', '', '2023-09-28 02:46:22', '1', '2024-02-26 20:33:35', b'0');
INSERT INTO `system_menu`
VALUES (2356, 'дҪЈйҮ‘жҸҗзҺ°жҹҘиҜў', 'trade:brokerage-withdraw:query', 3, 1, 2355, '', '', '', NULL, 0, b'1', b'1', b'1', '',
        '2023-09-28 02:46:22', '', '2023-09-28 02:46:22', b'0');
INSERT INTO `system_menu`
VALUES (2357, 'дҪЈйҮ‘жҸҗзҺ°е®Ўж ё', 'trade:brokerage-withdraw:audit', 3, 2, 2355, '', '', '', NULL, 0, b'1', b'1', b'1', '',
        '2023-09-28 02:46:22', '', '2023-09-28 02:46:22', b'0');
INSERT INTO `system_menu`
VALUES (2358, 'з»ҹи®Ўдёӯеҝғ', '', 1, 75, 2362, 'statistics', 'ep:data-line', '', '', 0, b'1', b'1', b'1', '',
        '2023-09-30 03:22:40', '1', '2023-09-30 11:54:48', b'0');
INSERT INTO `system_menu`
VALUES (2359, 'дәӨжҳ“з»ҹи®Ў', '', 2, 4, 2358, 'trade', 'fa-solid:credit-card', 'mall/statistics/trade/index',
        'TradeStatistics', 0, b'1', b'1', b'1', '', '2023-09-30 03:22:40', '1', '2024-02-26 20:42:00', b'0');
INSERT INTO `system_menu`
VALUES (2360, 'дәӨжҳ“з»ҹи®ЎжҹҘиҜў', 'statistics:trade:query', 3, 1, 2359, '', '', '', NULL, 0, b'1', b'1', b'1', '',
        '2023-09-30 03:22:40', '', '2023-09-30 03:22:40', b'0');
INSERT INTO `system_menu`
VALUES (2361, 'дәӨжҳ“з»ҹи®ЎеҜјеҮә', 'statistics:trade:export', 3, 2, 2359, '', '', '', NULL, 0, b'1', b'1', b'1', '',
        '2023-09-30 03:22:40', '', '2023-09-30 03:22:40', b'0');
INSERT INTO `system_menu`
VALUES (2362, 'е•ҶеҹҺзі»з»ҹ', '', 1, 59, 0, '/mall', 'ep:shop', '', '', 1, b'1', b'1', b'1', '1', '2023-09-30 11:52:02',
        '1', '2026-03-16 15:24:02', b'0');
INSERT INTO `system_menu`
VALUES (2363, 'з”ЁжҲ·з§ҜеҲҶдҝ®ж”№', 'member:user:update-point', 3, 6, 2317, '', '', '', NULL, 0, b'1', b'1', b'1', '',
        '2023-10-01 14:39:43', '', '2023-10-01 14:39:43', b'0');
INSERT INTO `system_menu`
VALUES (2364, 'з”ЁжҲ·дҪҷйўқдҝ®ж”№', 'pay:wallet:update-balance', 3, 7, 2317, '', '', '', '', 0, b'1', b'1', b'1', '',
        '2023-10-01 14:39:43', '1', '2024-10-01 09:42:57', b'0');
INSERT INTO `system_menu`
VALUES (2365, 'дјҳжғ еҠө', '', 1, 2, 2030, 'coupon', 'fa-solid:disease', '', '', 0, b'1', b'1', b'1', '1',
        '2023-10-03 12:39:15', '1', '2023-10-05 00:16:07', b'0');
INSERT INTO `system_menu`
VALUES (2366, 'з Қд»·и®°еҪ•', '', 2, 2, 2310, 'record', 'ep:list', 'mall/promotion/bargain/record/index',
        'PromotionBargainRecord', 0, b'1', b'1', b'1', '', '2023-10-05 02:49:06', '1', '2023-10-05 10:50:38', b'0');
INSERT INTO `system_menu`
VALUES (2367, 'з Қд»·и®°еҪ•жҹҘиҜў', 'promotion:bargain-record:query', 3, 1, 2366, '', '', '', NULL, 0, b'1', b'1', b'1', '',
        '2023-10-05 02:49:06', '', '2023-10-05 02:49:06', b'0');
INSERT INTO `system_menu`
VALUES (2368, 'еҠ©еҠӣи®°еҪ•жҹҘиҜў', 'promotion:bargain-help:query', 3, 2, 2366, '', '', '', '', 0, b'1', b'1', b'1', '1',
        '2023-10-05 12:27:49', '1', '2023-10-05 12:27:49', b'0');
INSERT INTO `system_menu`
VALUES (2369, 'жӢјеӣўи®°еҪ•', 'promotion:combination-record:query', 2, 2, 2303, 'record', 'ep:avatar',
        'mall/promotion/combination/record/index.vue', 'PromotionCombinationRecord', 0, b'1', b'1', b'1', '1',
        '2023-10-08 07:10:22', '1', '2023-10-08 07:34:11', b'0');
INSERT INTO `system_menu`
VALUES (2374, 'дјҡе‘ҳз»ҹи®Ў', '', 2, 2, 2358, 'member', 'ep:avatar', 'mall/statistics/member/index', 'MemberStatistics', 0,
        b'1', b'1', b'1', '', '2023-10-11 04:39:24', '1', '2024-02-26 20:41:46', b'0');
INSERT INTO `system_menu`
VALUES (2375, 'дјҡе‘ҳз»ҹи®ЎжҹҘиҜў', 'statistics:member:query', 3, 1, 2374, '', '', '', NULL, 0, b'1', b'1', b'1', '',
        '2023-10-11 04:39:24', '', '2023-10-11 04:39:24', b'0');
INSERT INTO `system_menu`
VALUES (2376, 'и®ўеҚ•ж ёй”Җ', 'trade:order:pick-up', 3, 10, 2076, '', '', '', '', 0, b'1', b'1', b'1', '1',
        '2023-10-14 17:11:58', '1', '2023-10-14 17:11:58', b'0');
INSERT INTO `system_menu`
VALUES (2377, 'ж–Үз« еҲҶзұ»', '', 2, 0, 2387, 'article/category', 'fa:certificate', 'mall/promotion/article/category/index',
        'ArticleCategory', 0, b'1', b'1', b'1', '', '2023-10-16 01:26:18', '1', '2023-10-16 09:38:26', b'0');
INSERT INTO `system_menu`
VALUES (2378, 'еҲҶзұ»жҹҘиҜў', 'promotion:article-category:query', 3, 1, 2377, '', '', '', NULL, 0, b'1', b'1', b'1', '',
        '2023-10-16 01:26:18', '', '2023-10-16 01:26:18', b'0');
INSERT INTO `system_menu`
VALUES (2379, 'еҲҶзұ»еҲӣе»ә', 'promotion:article-category:create', 3, 2, 2377, '', '', '', NULL, 0, b'1', b'1', b'1', '',
        '2023-10-16 01:26:18', '', '2023-10-16 01:26:18', b'0');
INSERT INTO `system_menu`
VALUES (2380, 'еҲҶзұ»жӣҙж–°', 'promotion:article-category:update', 3, 3, 2377, '', '', '', NULL, 0, b'1', b'1', b'1', '',
        '2023-10-16 01:26:18', '', '2023-10-16 01:26:18', b'0');
INSERT INTO `system_menu`
VALUES (2381, 'еҲҶзұ»еҲ йҷӨ', 'promotion:article-category:delete', 3, 4, 2377, '', '', '', NULL, 0, b'1', b'1', b'1', '',
        '2023-10-16 01:26:18', '', '2023-10-16 01:26:18', b'0');
INSERT INTO `system_menu`
VALUES (2382, 'ж–Үз« еҲ—иЎЁ', '', 2, 2, 2387, 'article', 'ep:connection', 'mall/promotion/article/index', 'Article', 0,
        b'1', b'1', b'1', '', '2023-10-16 01:26:18', '1', '2023-10-16 09:41:19', b'0');
INSERT INTO `system_menu`
VALUES (2383, 'ж–Үз« з®ЎзҗҶжҹҘиҜў', 'promotion:article:query', 3, 1, 2382, '', '', '', NULL, 0, b'1', b'1', b'1', '',
        '2023-10-16 01:26:18', '', '2023-10-16 01:26:18', b'0');
INSERT INTO `system_menu`
VALUES (2384, 'ж–Үз« з®ЎзҗҶеҲӣе»ә', 'promotion:article:create', 3, 2, 2382, '', '', '', NULL, 0, b'1', b'1', b'1', '',
        '2023-10-16 01:26:18', '', '2023-10-16 01:26:18', b'0');
INSERT INTO `system_menu`
VALUES (2385, 'ж–Үз« з®ЎзҗҶжӣҙж–°', 'promotion:article:update', 3, 3, 2382, '', '', '', NULL, 0, b'1', b'1', b'1', '',
        '2023-10-16 01:26:18', '', '2023-10-16 01:26:18', b'0');
INSERT INTO `system_menu`
VALUES (2386, 'ж–Үз« з®ЎзҗҶеҲ йҷӨ', 'promotion:article:delete', 3, 4, 2382, '', '', '', NULL, 0, b'1', b'1', b'1', '',
        '2023-10-16 01:26:18', '', '2023-10-16 01:26:18', b'0');
INSERT INTO `system_menu`
VALUES (2387, 'еҶ…е®№з®ЎзҗҶ', '', 1, 1, 2030, 'content', 'ep:collection', '', '', 0, b'1', b'1', b'1', '1',
        '2023-10-16 09:37:31', '1', '2023-10-16 09:37:31', b'0');
INSERT INTO `system_menu`
VALUES (2388, 'е•ҶеҹҺйҰ–йЎө', '', 2, 1, 2362, 'home', 'ep:home-filled', 'mall/home/index', 'MallHome', 0, b'1', b'1', b'1',
        '', '2023-10-16 12:10:33', '', '2023-10-16 12:10:33', b'0');
INSERT INTO `system_menu`
VALUES (2389, 'ж ёй”Җи®ўеҚ•', '', 2, 2, 2166, 'pick-up-order', 'ep:list', 'mall/trade/delivery/pickUpOrder/index',
        'PickUpOrder', 0, b'1', b'1', b'1', '', '2023-10-19 16:09:51', '', '2023-10-19 16:09:51', b'0');
INSERT INTO `system_menu`
VALUES (2390, 'дјҳжғ жҙ»еҠЁ', '', 1, 99, 2030, 'youhui', 'ep:aim', '', '', 0, b'1', b'1', b'1', '1', '2023-10-21 19:23:49',
        '1', '2023-10-21 19:23:49', b'0');
INSERT INTO `system_menu`
VALUES (2391, 'е®ўжҲ·з®ЎзҗҶ', '', 2, 10, 2397, 'customer', 'fa:address-book-o', 'crm/customer/index', 'CrmCustomer', 0,
        b'1', b'1', b'1', '', '2023-10-29 09:04:21', '1', '2024-02-17 17:13:32', b'0');
INSERT INTO `system_menu`
VALUES (2392, 'е®ўжҲ·жҹҘиҜў', 'crm:customer:query', 3, 1, 2391, '', '', '', NULL, 0, b'1', b'1', b'1', '',
        '2023-10-29 09:04:21', '', '2023-10-29 09:04:21', b'0');
INSERT INTO `system_menu`
VALUES (2393, 'е®ўжҲ·еҲӣе»ә', 'crm:customer:create', 3, 2, 2391, '', '', '', NULL, 0, b'1', b'1', b'1', '',
        '2023-10-29 09:04:21', '', '2023-10-29 09:04:21', b'0');
INSERT INTO `system_menu`
VALUES (2394, 'е®ўжҲ·жӣҙж–°', 'crm:customer:update', 3, 3, 2391, '', '', '', NULL, 0, b'1', b'1', b'1', '',
        '2023-10-29 09:04:21', '', '2023-10-29 09:04:21', b'0');
INSERT INTO `system_menu`
VALUES (2395, 'е®ўжҲ·еҲ йҷӨ', 'crm:customer:delete', 3, 4, 2391, '', '', '', NULL, 0, b'1', b'1', b'1', '',
        '2023-10-29 09:04:21', '', '2023-10-29 09:04:21', b'0');
INSERT INTO `system_menu`
VALUES (2396, 'е®ўжҲ·еҜјеҮә', 'crm:customer:export', 3, 5, 2391, '', '', '', NULL, 0, b'1', b'1', b'1', '',
        '2023-10-29 09:04:21', '', '2023-10-29 09:04:21', b'0');
INSERT INTO `system_menu`
VALUES (2397, 'CRM зі»з»ҹ', '', 1, 200, 0, '/crm', 'simple-icons:civicrm', '', '', 1, b'1', b'1', b'1', '1',
        '2023-10-29 17:08:30', '1', '2026-03-16 15:24:03', b'0');
INSERT INTO `system_menu`
VALUES (2398, 'еҗҲеҗҢз®ЎзҗҶ', '', 2, 50, 2397, 'contract', 'ep:notebook', 'crm/contract/index', 'CrmContract', 0, b'1',
        b'1', b'1', '', '2023-10-29 10:50:41', '1', '2024-02-17 17:15:09', b'0');
INSERT INTO `system_menu`
VALUES (2399, 'еҗҲеҗҢжҹҘиҜў', 'crm:contract:query', 3, 1, 2398, '', '', '', NULL, 0, b'1', b'1', b'1', '',
        '2023-10-29 10:50:41', '', '2023-10-29 10:50:41', b'0');
INSERT INTO `system_menu`
VALUES (2400, 'еҗҲеҗҢеҲӣе»ә', 'crm:contract:create', 3, 2, 2398, '', '', '', NULL, 0, b'1', b'1', b'1', '',
        '2023-10-29 10:50:41', '', '2023-10-29 10:50:41', b'0');
INSERT INTO `system_menu`
VALUES (2401, 'еҗҲеҗҢжӣҙж–°', 'crm:contract:update', 3, 3, 2398, '', '', '', NULL, 0, b'1', b'1', b'1', '',
        '2023-10-29 10:50:41', '', '2023-10-29 10:50:41', b'0');
INSERT INTO `system_menu`
VALUES (2402, 'еҗҲеҗҢеҲ йҷӨ', 'crm:contract:delete', 3, 4, 2398, '', '', '', NULL, 0, b'1', b'1', b'1', '',
        '2023-10-29 10:50:41', '', '2023-10-29 10:50:41', b'0');
INSERT INTO `system_menu`
VALUES (2403, 'еҗҲеҗҢеҜјеҮә', 'crm:contract:export', 3, 5, 2398, '', '', '', NULL, 0, b'1', b'1', b'1', '',
        '2023-10-29 10:50:41', '', '2023-10-29 10:50:41', b'0');
INSERT INTO `system_menu`
VALUES (2404, 'зәҝзҙўз®ЎзҗҶ', '', 2, 8, 2397, 'clue', 'fa:pagelines', 'crm/clue/index', 'CrmClue', 0, b'1', b'1', b'1', '',
        '2023-10-29 11:06:29', '1', '2024-02-17 17:15:41', b'0');
INSERT INTO `system_menu`
VALUES (2405, 'зәҝзҙўжҹҘиҜў', 'crm:clue:query', 3, 1, 2404, '', '', '', NULL, 0, b'1', b'1', b'1', '',
        '2023-10-29 11:06:29', '', '2023-10-29 11:06:29', b'0');
INSERT INTO `system_menu`
VALUES (2406, 'зәҝзҙўеҲӣе»ә', 'crm:clue:create', 3, 2, 2404, '', '', '', NULL, 0, b'1', b'1', b'1', '',
        '2023-10-29 11:06:29', '', '2023-10-29 11:06:29', b'0');
INSERT INTO `system_menu`
VALUES (2407, 'зәҝзҙўжӣҙж–°', 'crm:clue:update', 3, 3, 2404, '', '', '', NULL, 0, b'1', b'1', b'1', '',
        '2023-10-29 11:06:29', '', '2023-10-29 11:06:29', b'0');
INSERT INTO `system_menu`
VALUES (2408, 'зәҝзҙўеҲ йҷӨ', 'crm:clue:delete', 3, 4, 2404, '', '', '', NULL, 0, b'1', b'1', b'1', '',
        '2023-10-29 11:06:29', '', '2023-10-29 11:06:29', b'0');
INSERT INTO `system_menu`
VALUES (2409, 'зәҝзҙўеҜјеҮә', 'crm:clue:export', 3, 5, 2404, '', '', '', NULL, 0, b'1', b'1', b'1', '',
        '2023-10-29 11:06:29', '', '2023-10-29 11:06:29', b'0');
INSERT INTO `system_menu`
VALUES (2410, 'е•Ҷжңәз®ЎзҗҶ', '', 2, 40, 2397, 'business', 'fa:bus', 'crm/business/index', 'CrmBusiness', 0, b'1', b'1',
        b'1', '', '2023-10-29 11:12:35', '1', '2024-02-17 17:14:55', b'0');
INSERT INTO `system_menu`
VALUES (2411, 'е•ҶжңәжҹҘиҜў', 'crm:business:query', 3, 1, 2410, '', '', '', NULL, 0, b'1', b'1', b'1', '',
        '2023-10-29 11:12:35', '', '2023-10-29 11:12:35', b'0');
INSERT INTO `system_menu`
VALUES (2412, 'е•ҶжңәеҲӣе»ә', 'crm:business:create', 3, 2, 2410, '', '', '', NULL, 0, b'1', b'1', b'1', '',
        '2023-10-29 11:12:35', '', '2023-10-29 11:12:35', b'0');
INSERT INTO `system_menu`
VALUES (2413, 'е•Ҷжңәжӣҙж–°', 'crm:business:update', 3, 3, 2410, '', '', '', NULL, 0, b'1', b'1', b'1', '',
        '2023-10-29 11:12:35', '', '2023-10-29 11:12:35', b'0');
INSERT INTO `system_menu`
VALUES (2414, 'е•ҶжңәеҲ йҷӨ', 'crm:business:delete', 3, 4, 2410, '', '', '', NULL, 0, b'1', b'1', b'1', '',
        '2023-10-29 11:12:35', '', '2023-10-29 11:12:35', b'0');
INSERT INTO `system_menu`
VALUES (2415, 'е•ҶжңәеҜјеҮә', 'crm:business:export', 3, 5, 2410, '', '', '', NULL, 0, b'1', b'1', b'1', '',
        '2023-10-29 11:12:35', '', '2023-10-29 11:12:35', b'0');
INSERT INTO `system_menu`
VALUES (2416, 'иҒ”зі»дәәз®ЎзҗҶ', '', 2, 20, 2397, 'contact', 'fa:address-book-o', 'crm/contact/index', 'CrmContact', 0, b'1',
        b'1', b'1', '', '2023-10-29 11:14:56', '1', '2024-02-17 17:13:49', b'0');
INSERT INTO `system_menu`
VALUES (2417, 'иҒ”зі»дәәжҹҘиҜў', 'crm:contact:query', 3, 1, 2416, '', '', '', NULL, 0, b'1', b'1', b'1', '',
        '2023-10-29 11:14:56', '', '2023-10-29 11:14:56', b'0');
INSERT INTO `system_menu`
VALUES (2418, 'иҒ”зі»дәәеҲӣе»ә', 'crm:contact:create', 3, 2, 2416, '', '', '', NULL, 0, b'1', b'1', b'1', '',
        '2023-10-29 11:14:56', '', '2023-10-29 11:14:56', b'0');
INSERT INTO `system_menu`
VALUES (2419, 'иҒ”зі»дәәжӣҙж–°', 'crm:contact:update', 3, 3, 2416, '', '', '', NULL, 0, b'1', b'1', b'1', '',
        '2023-10-29 11:14:56', '', '2023-10-29 11:14:56', b'0');
INSERT INTO `system_menu`
VALUES (2420, 'иҒ”зі»дәәеҲ йҷӨ', 'crm:contact:delete', 3, 4, 2416, '', '', '', NULL, 0, b'1', b'1', b'1', '',
        '2023-10-29 11:14:56', '', '2023-10-29 11:14:56', b'0');
INSERT INTO `system_menu`
VALUES (2421, 'иҒ”зі»дәәеҜјеҮә', 'crm:contact:export', 3, 5, 2416, '', '', '', NULL, 0, b'1', b'1', b'1', '',
        '2023-10-29 11:14:56', '', '2023-10-29 11:14:56', b'0');
INSERT INTO `system_menu`
VALUES (2422, 'еӣһж¬ҫз®ЎзҗҶ', '', 2, 60, 2397, 'receivable', 'ep:money', 'crm/receivable/index', 'CrmReceivable', 0, b'1',
        b'1', b'1', '', '2023-10-29 11:18:09', '1', '2024-02-17 17:16:18', b'0');
INSERT INTO `system_menu`
VALUES (2423, 'еӣһж¬ҫз®ЎзҗҶжҹҘиҜў', 'crm:receivable:query', 3, 1, 2422, '', '', '', NULL, 0, b'1', b'1', b'1', '',
        '2023-10-29 11:18:09', '', '2023-10-29 11:18:09', b'0');
INSERT INTO `system_menu`
VALUES (2424, 'еӣһж¬ҫз®ЎзҗҶеҲӣе»ә', 'crm:receivable:create', 3, 2, 2422, '', '', '', NULL, 0, b'1', b'1', b'1', '',
        '2023-10-29 11:18:09', '', '2023-10-29 11:18:09', b'0');
INSERT INTO `system_menu`
VALUES (2425, 'еӣһж¬ҫз®ЎзҗҶжӣҙж–°', 'crm:receivable:update', 3, 3, 2422, '', '', '', NULL, 0, b'1', b'1', b'1', '',
        '2023-10-29 11:18:09', '', '2023-10-29 11:18:09', b'0');
INSERT INTO `system_menu`
VALUES (2426, 'еӣһж¬ҫз®ЎзҗҶеҲ йҷӨ', 'crm:receivable:delete', 3, 4, 2422, '', '', '', NULL, 0, b'1', b'1', b'1', '',
        '2023-10-29 11:18:09', '', '2023-10-29 11:18:09', b'0');
INSERT INTO `system_menu`
VALUES (2427, 'еӣһж¬ҫз®ЎзҗҶеҜјеҮә', 'crm:receivable:export', 3, 5, 2422, '', '', '', NULL, 0, b'1', b'1', b'1', '',
        '2023-10-29 11:18:09', '', '2023-10-29 11:18:09', b'0');
INSERT INTO `system_menu`
VALUES (2428, 'еӣһж¬ҫи®ЎеҲ’', '', 2, 61, 2397, 'receivable-plan', 'fa:money', 'crm/receivable/plan/index',
        'CrmReceivablePlan', 0, b'1', b'1', b'1', '', '2023-10-29 11:18:09', '1', '2024-02-17 17:16:11', b'0');
INSERT INTO `system_menu`
VALUES (2429, 'еӣһж¬ҫи®ЎеҲ’жҹҘиҜў', 'crm:receivable-plan:query', 3, 1, 2428, '', '', '', NULL, 0, b'1', b'1', b'1', '',
        '2023-10-29 11:18:09', '', '2023-10-29 11:18:09', b'0');
INSERT INTO `system_menu`
VALUES (2430, 'еӣһж¬ҫи®ЎеҲ’еҲӣе»ә', 'crm:receivable-plan:create', 3, 2, 2428, '', '', '', NULL, 0, b'1', b'1', b'1', '',
        '2023-10-29 11:18:09', '', '2023-10-29 11:18:09', b'0');
INSERT INTO `system_menu`
VALUES (2431, 'еӣһж¬ҫи®ЎеҲ’жӣҙж–°', 'crm:receivable-plan:update', 3, 3, 2428, '', '', '', NULL, 0, b'1', b'1', b'1', '',
        '2023-10-29 11:18:09', '', '2023-10-29 11:18:09', b'0');
INSERT INTO `system_menu`
VALUES (2432, 'еӣһж¬ҫи®ЎеҲ’еҲ йҷӨ', 'crm:receivable-plan:delete', 3, 4, 2428, '', '', '', NULL, 0, b'1', b'1', b'1', '',
        '2023-10-29 11:18:09', '', '2023-10-29 11:18:09', b'0');
INSERT INTO `system_menu`
VALUES (2433, 'еӣһж¬ҫи®ЎеҲ’еҜјеҮә', 'crm:receivable-plan:export', 3, 5, 2428, '', '', '', NULL, 0, b'1', b'1', b'1', '',
        '2023-10-29 11:18:09', '', '2023-10-29 11:18:09', b'0');
INSERT INTO `system_menu`
VALUES (2435, 'е•ҶеҹҺиЈ…дҝ®', '', 2, 20, 2030, 'diy-template', 'fa6-solid:brush', 'mall/promotion/diy/template/index', '',
        0, b'1', b'1', b'1', '', '2023-10-29 14:19:25', '1', '2025-03-15 21:34:33', b'0');
INSERT INTO `system_menu`
VALUES (2436, 'иЈ…дҝ®жЁЎжқҝ', '', 2, 1, 2435, 'diy-template', 'fa6-solid:brush', 'mall/promotion/diy/template/index',
        'DiyTemplate', 0, b'1', b'1', b'1', '', '2023-10-29 14:19:25', '', '2023-10-29 14:19:25', b'0');
INSERT INTO `system_menu`
VALUES (2437, 'иЈ…дҝ®жЁЎжқҝжҹҘиҜў', 'promotion:diy-template:query', 3, 1, 2436, '', '', '', NULL, 0, b'1', b'1', b'1', '',
        '2023-10-29 14:19:25', '', '2023-10-29 14:19:25', b'0');
INSERT INTO `system_menu`
VALUES (2438, 'иЈ…дҝ®жЁЎжқҝеҲӣе»ә', 'promotion:diy-template:create', 3, 2, 2436, '', '', '', NULL, 0, b'1', b'1', b'1', '',
        '2023-10-29 14:19:25', '', '2023-10-29 14:19:25', b'0');
INSERT INTO `system_menu`
VALUES (2439, 'иЈ…дҝ®жЁЎжқҝжӣҙж–°', 'promotion:diy-template:update', 3, 3, 2436, '', '', '', NULL, 0, b'1', b'1', b'1', '',
        '2023-10-29 14:19:25', '', '2023-10-29 14:19:25', b'0');
INSERT INTO `system_menu`
VALUES (2440, 'иЈ…дҝ®жЁЎжқҝеҲ йҷӨ', 'promotion:diy-template:delete', 3, 4, 2436, '', '', '', NULL, 0, b'1', b'1', b'1', '',
        '2023-10-29 14:19:25', '', '2023-10-29 14:19:25', b'0');
INSERT INTO `system_menu`
VALUES (2441, 'иЈ…дҝ®жЁЎжқҝдҪҝз”Ё', 'promotion:diy-template:use', 3, 5, 2436, '', '', '', NULL, 0, b'1', b'1', b'1', '',
        '2023-10-29 14:19:25', '', '2023-10-29 14:19:25', b'0');
INSERT INTO `system_menu`
VALUES (2442, 'иЈ…дҝ®йЎөйқў', '', 2, 2, 2435, 'diy-page', 'foundation:page-edit', 'mall/promotion/diy/page/index',
        'DiyPage', 0, b'1', b'1', b'1', '', '2023-10-29 14:19:25', '', '2023-10-29 14:19:25', b'0');
INSERT INTO `system_menu`
VALUES (2443, 'иЈ…дҝ®йЎөйқўжҹҘиҜў', 'promotion:diy-page:query', 3, 1, 2442, '', '', '', NULL, 0, b'1', b'1', b'1', '',
        '2023-10-29 14:19:25', '', '2023-10-29 14:19:25', b'0');
INSERT INTO `system_menu`
VALUES (2444, 'иЈ…дҝ®йЎөйқўеҲӣе»ә', 'promotion:diy-page:create', 3, 2, 2442, '', '', '', NULL, 0, b'1', b'1', b'1', '',
        '2023-10-29 14:19:26', '', '2023-10-29 14:19:26', b'0');
INSERT INTO `system_menu`
VALUES (2445, 'иЈ…дҝ®йЎөйқўжӣҙж–°', 'promotion:diy-page:update', 3, 3, 2442, '', '', '', NULL, 0, b'1', b'1', b'1', '',
        '2023-10-29 14:19:26', '', '2023-10-29 14:19:26', b'0');
INSERT INTO `system_menu`
VALUES (2446, 'иЈ…дҝ®йЎөйқўеҲ йҷӨ', 'promotion:diy-page:delete', 3, 4, 2442, '', '', '', NULL, 0, b'1', b'1', b'1', '',
        '2023-10-29 14:19:26', '', '2023-10-29 14:19:26', b'0');
INSERT INTO `system_menu`
VALUES (2447, 'дёүж–№зҷ»еҪ•', '', 1, 10, 1, 'social', 'fa:rocket', '', '', 0, b'1', b'1', b'1', '1', '2023-11-04 12:12:01',
        '1', '2024-02-29 01:14:05', b'0');
INSERT INTO `system_menu`
VALUES (2448, 'дёүж–№еә”з”Ё', '', 2, 1, 2447, 'client', 'ep:set-up', 'system/social/client/index.vue', 'SocialClient', 0,
        b'1', b'1', b'1', '1', '2023-11-04 12:17:19', '1', '2024-05-04 19:09:54', b'0');
INSERT INTO `system_menu`
VALUES (2449, 'дёүж–№еә”з”ЁжҹҘиҜў', 'system:social-client:query', 3, 1, 2448, '', '', '', '', 0, b'1', b'1', b'1', '1',
        '2023-11-04 12:43:12', '1', '2023-11-04 12:43:33', b'0');
INSERT INTO `system_menu`
VALUES (2450, 'дёүж–№еә”з”ЁеҲӣе»ә', 'system:social-client:create', 3, 2, 2448, '', '', '', '', 0, b'1', b'1', b'1', '1',
        '2023-11-04 12:43:58', '1', '2023-11-04 12:43:58', b'0');
INSERT INTO `system_menu`
VALUES (2451, 'дёүж–№еә”з”Ёжӣҙж–°', 'system:social-client:update', 3, 3, 2448, '', '', '', '', 0, b'1', b'1', b'1', '1',
        '2023-11-04 12:44:27', '1', '2023-11-04 12:44:27', b'0');
INSERT INTO `system_menu`
VALUES (2452, 'дёүж–№еә”з”ЁеҲ йҷӨ', 'system:social-client:delete', 3, 4, 2448, '', '', '', '', 0, b'1', b'1', b'1', '1',
        '2023-11-04 12:44:43', '1', '2023-11-04 12:44:43', b'0');
INSERT INTO `system_menu`
VALUES (2453, 'дёүж–№з”ЁжҲ·', 'system:social-user:query', 2, 2, 2447, 'user', 'ep:avatar', 'system/social/user/index.vue',
        'SocialUser', 0, b'1', b'1', b'1', '1', '2023-11-04 14:01:05', '1', '2023-11-04 14:01:05', b'0');
INSERT INTO `system_menu`
VALUES (2472, 'дё»еӯҗиЎЁпјҲеҶ…еөҢпјү', '', 2, 12, 1070, 'demo03-inner', 'fa:power-off', 'infra/demo/demo03/inner/index',
        'Demo03StudentInner', 0, b'1', b'1', b'1', '', '2023-11-13 04:39:51', '1', '2023-11-16 23:53:46', b'0');
INSERT INTO `system_menu`
VALUES (2478, 'еҚ•иЎЁпјҲеўһеҲ ж”№жҹҘпјү', '', 2, 1, 1070, 'demo01-contact', 'ep:bicycle', 'infra/demo/demo01/index',
        'Demo01Contact', 0, b'1', b'1', b'1', '', '2023-11-15 14:42:30', '1', '2023-11-16 20:34:40', b'0');
INSERT INTO `system_menu`
VALUES (2479, 'зӨәдҫӢиҒ”зі»дәәжҹҘиҜў', 'infra:demo01-contact:query', 3, 1, 2478, '', '', '', NULL, 0, b'1', b'1', b'1', '',
        '2023-11-15 14:42:30', '', '2023-11-15 14:42:30', b'0');
INSERT INTO `system_menu`
VALUES (2480, 'зӨәдҫӢиҒ”зі»дәәеҲӣе»ә', 'infra:demo01-contact:create', 3, 2, 2478, '', '', '', NULL, 0, b'1', b'1', b'1', '',
        '2023-11-15 14:42:30', '', '2023-11-15 14:42:30', b'0');
INSERT INTO `system_menu`
VALUES (2481, 'зӨәдҫӢиҒ”зі»дәәжӣҙж–°', 'infra:demo01-contact:update', 3, 3, 2478, '', '', '', NULL, 0, b'1', b'1', b'1', '',
        '2023-11-15 14:42:30', '', '2023-11-15 14:42:30', b'0');
INSERT INTO `system_menu`
VALUES (2482, 'зӨәдҫӢиҒ”зі»дәәеҲ йҷӨ', 'infra:demo01-contact:delete', 3, 4, 2478, '', '', '', NULL, 0, b'1', b'1', b'1', '',
        '2023-11-15 14:42:30', '', '2023-11-15 14:42:30', b'0');
INSERT INTO `system_menu`
VALUES (2483, 'зӨәдҫӢиҒ”зі»дәәеҜјеҮә', 'infra:demo01-contact:export', 3, 5, 2478, '', '', '', NULL, 0, b'1', b'1', b'1', '',
        '2023-11-15 14:42:30', '', '2023-11-15 14:42:30', b'0');
INSERT INTO `system_menu`
VALUES (2484, 'ж ‘иЎЁпјҲеўһеҲ ж”№жҹҘпјү', '', 2, 2, 1070, 'demo02-category', 'fa:tree', 'infra/demo/demo02/index',
        'Demo02Category', 0, b'1', b'1', b'1', '', '2023-11-16 12:18:27', '1', '2023-11-16 20:35:01', b'0');
INSERT INTO `system_menu`
VALUES (2485, 'зӨәдҫӢеҲҶзұ»жҹҘиҜў', 'infra:demo02-category:query', 3, 1, 2484, '', '', '', NULL, 0, b'1', b'1', b'1', '',
        '2023-11-16 12:18:27', '', '2023-11-16 12:18:27', b'0');
INSERT INTO `system_menu`
VALUES (2486, 'зӨәдҫӢеҲҶзұ»еҲӣе»ә', 'infra:demo02-category:create', 3, 2, 2484, '', '', '', NULL, 0, b'1', b'1', b'1', '',
        '2023-11-16 12:18:27', '', '2023-11-16 12:18:27', b'0');
INSERT INTO `system_menu`
VALUES (2487, 'зӨәдҫӢеҲҶзұ»жӣҙж–°', 'infra:demo02-category:update', 3, 3, 2484, '', '', '', NULL, 0, b'1', b'1', b'1', '',
        '2023-11-16 12:18:27', '', '2023-11-16 12:18:27', b'0');
INSERT INTO `system_menu`
VALUES (2488, 'зӨәдҫӢеҲҶзұ»еҲ йҷӨ', 'infra:demo02-category:delete', 3, 4, 2484, '', '', '', NULL, 0, b'1', b'1', b'1', '',
        '2023-11-16 12:18:27', '', '2023-11-16 12:18:27', b'0');
INSERT INTO `system_menu`
VALUES (2489, 'зӨәдҫӢеҲҶзұ»еҜјеҮә', 'infra:demo02-category:export', 3, 5, 2484, '', '', '', NULL, 0, b'1', b'1', b'1', '',
        '2023-11-16 12:18:27', '', '2023-11-16 12:18:27', b'0');
INSERT INTO `system_menu`
VALUES (2490, 'дё»еӯҗиЎЁпјҲж ҮеҮҶпјү', '', 2, 10, 1070, 'demo03-normal', 'fa:battery-3', 'infra/demo/demo03/normal/index',
        'Demo03StudentNormal', 0, b'1', b'1', b'1', '', '2023-11-16 12:53:37', '1', '2023-11-16 23:10:03', b'0');
INSERT INTO `system_menu`
VALUES (2491, 'еӯҰз”ҹжҹҘиҜў', 'infra:demo03-student:query', 3, 1, 2490, '', '', '', NULL, 0, b'1', b'1', b'1', '',
        '2023-11-16 12:53:37', '', '2023-11-16 12:53:37', b'0');
INSERT INTO `system_menu`
VALUES (2492, 'еӯҰз”ҹеҲӣе»ә', 'infra:demo03-student:create', 3, 2, 2490, '', '', '', NULL, 0, b'1', b'1', b'1', '',
        '2023-11-16 12:53:37', '', '2023-11-16 12:53:37', b'0');
INSERT INTO `system_menu`
VALUES (2493, 'еӯҰз”ҹжӣҙж–°', 'infra:demo03-student:update', 3, 3, 2490, '', '', '', NULL, 0, b'1', b'1', b'1', '',
        '2023-11-16 12:53:37', '', '2023-11-16 12:53:37', b'0');
INSERT INTO `system_menu`
VALUES (2494, 'еӯҰз”ҹеҲ йҷӨ', 'infra:demo03-student:delete', 3, 4, 2490, '', '', '', NULL, 0, b'1', b'1', b'1', '',
        '2023-11-16 12:53:37', '', '2023-11-16 12:53:37', b'0');
INSERT INTO `system_menu`
VALUES (2495, 'еӯҰз”ҹеҜјеҮә', 'infra:demo03-student:export', 3, 5, 2490, '', '', '', NULL, 0, b'1', b'1', b'1', '',
        '2023-11-16 12:53:37', '', '2023-11-16 12:53:37', b'0');
INSERT INTO `system_menu`
VALUES (2497, 'дё»еӯҗиЎЁпјҲERPпјү', '', 2, 11, 1070, 'demo03-erp', 'ep:calendar', 'infra/demo/demo03/erp/index',
        'Demo03StudentERP', 0, b'1', b'1', b'1', '', '2023-11-16 15:50:59', '1', '2023-11-17 13:19:56', b'0');
INSERT INTO `system_menu`
VALUES (2516, 'е®ўжҲ·е…¬жө·й…ҚзҪ®', '', 2, 0, 2524, 'customer-pool-config', 'ep:data-analysis',
        'crm/customer/poolConfig/index', 'CrmCustomerPoolConfig', 0, b'1', b'1', b'1', '', '2023-11-18 13:33:31', '1',
        '2024-01-03 19:52:06', b'0');
INSERT INTO `system_menu`
VALUES (2517, 'е®ўжҲ·е…¬жө·й…ҚзҪ®дҝқеӯҳ', 'crm:customer-pool-config:update', 3, 1, 2516, '', '', '', NULL, 0, b'1', b'1', b'1',
        '', '2023-11-18 13:33:31', '', '2023-11-18 13:33:31', b'0');
INSERT INTO `system_menu`
VALUES (2518, 'е®ўжҲ·йҷҗеҲ¶й…ҚзҪ®', '', 2, 1, 2524, 'customer-limit-config', 'ep:avatar', 'crm/customer/limitConfig/index',
        'CrmCustomerLimitConfig', 0, b'1', b'1', b'1', '', '2023-11-18 13:33:53', '1', '2024-02-24 16:43:33', b'0');
INSERT INTO `system_menu`
VALUES (2519, 'е®ўжҲ·йҷҗеҲ¶й…ҚзҪ®жҹҘиҜў', 'crm:customer-limit-config:query', 3, 1, 2518, '', '', '', NULL, 0, b'1', b'1', b'1',
        '', '2023-11-18 13:33:53', '', '2023-11-18 13:33:53', b'0');
INSERT INTO `system_menu`
VALUES (2520, 'е®ўжҲ·йҷҗеҲ¶й…ҚзҪ®еҲӣе»ә', 'crm:customer-limit-config:create', 3, 2, 2518, '', '', '', NULL, 0, b'1', b'1', b'1',
        '', '2023-11-18 13:33:53', '', '2023-11-18 13:33:53', b'0');
INSERT INTO `system_menu`
VALUES (2521, 'е®ўжҲ·йҷҗеҲ¶й…ҚзҪ®жӣҙж–°', 'crm:customer-limit-config:update', 3, 3, 2518, '', '', '', NULL, 0, b'1', b'1', b'1',
        '', '2023-11-18 13:33:53', '', '2023-11-18 13:33:53', b'0');
INSERT INTO `system_menu`
VALUES (2522, 'е®ўжҲ·йҷҗеҲ¶й…ҚзҪ®еҲ йҷӨ', 'crm:customer-limit-config:delete', 3, 4, 2518, '', '', '', NULL, 0, b'1', b'1', b'1',
        '', '2023-11-18 13:33:53', '', '2023-11-18 13:33:53', b'0');
INSERT INTO `system_menu`
VALUES (2523, 'е®ўжҲ·йҷҗеҲ¶й…ҚзҪ®еҜјеҮә', 'crm:customer-limit-config:export', 3, 5, 2518, '', '', '', NULL, 0, b'1', b'1', b'1',
        '', '2023-11-18 13:33:53', '', '2023-11-18 13:33:53', b'0');
INSERT INTO `system_menu`
VALUES (2524, 'зі»з»ҹй…ҚзҪ®', '', 1, 999, 2397, 'config', 'ep:connection', '', '', 0, b'1', b'1', b'1', '1',
        '2023-11-18 21:58:00', '1', '2024-02-17 17:14:34', b'0');
INSERT INTO `system_menu`
VALUES (2525, 'WebSocket', '', 2, 5, 2, 'websocket', 'ep:connection', 'infra/webSocket/index', 'InfraWebSocket', 0,
        b'1', b'1', b'1', '1', '2023-11-23 19:41:55', '1', '2024-04-23 00:02:00', b'0');
INSERT INTO `system_menu`
VALUES (2526, 'дә§е“Ғз®ЎзҗҶ', '', 2, 80, 2397, 'product', 'fa:product-hunt', 'crm/product/index', 'CrmProduct', 0, b'1',
        b'1', b'1', '1', '2023-12-05 22:45:26', '1', '2024-02-20 20:36:20', b'0');
INSERT INTO `system_menu`
VALUES (2527, 'дә§е“ҒжҹҘиҜў', 'crm:product:query', 3, 1, 2526, '', '', '', '', 0, b'1', b'1', b'1', '1',
        '2023-12-05 22:47:16', '1', '2023-12-05 22:47:16', b'0');
INSERT INTO `system_menu`
VALUES (2528, 'дә§е“ҒеҲӣе»ә', 'crm:product:create', 3, 2, 2526, '', '', '', '', 0, b'1', b'1', b'1', '1',
        '2023-12-05 22:47:41', '1', '2023-12-05 22:47:48', b'0');
INSERT INTO `system_menu`
VALUES (2529, 'дә§е“Ғжӣҙж–°', 'crm:product:update', 3, 3, 2526, '', '', '', '', 0, b'1', b'1', b'1', '1',
        '2023-12-05 22:48:03', '1', '2023-12-05 22:48:03', b'0');
INSERT INTO `system_menu`
VALUES (2530, 'дә§е“ҒеҲ йҷӨ', 'crm:product:delete', 3, 4, 2526, '', '', '', '', 0, b'1', b'1', b'1', '1',
        '2023-12-05 22:48:17', '1', '2023-12-05 22:48:17', b'0');
INSERT INTO `system_menu`
VALUES (2531, 'дә§е“ҒеҜјеҮә', 'crm:product:export', 3, 5, 2526, '', '', '', '', 0, b'1', b'1', b'1', '1',
        '2023-12-05 22:48:29', '1', '2023-12-05 22:48:29', b'0');
INSERT INTO `system_menu`
VALUES (2532, 'дә§е“ҒеҲҶзұ»й…ҚзҪ®', '', 2, 3, 2524, 'product/category', 'fa-solid:window-restore',
        'crm/product/category/index', 'CrmProductCategory', 0, b'1', b'1', b'1', '1', '2023-12-06 12:52:36', '1',
        '2023-12-06 12:52:51', b'0');
INSERT INTO `system_menu`
VALUES (2533, 'дә§е“ҒеҲҶзұ»жҹҘиҜў', 'crm:product-category:query', 3, 1, 2532, '', '', '', '', 0, b'1', b'1', b'1', '1',
        '2023-12-06 12:53:23', '1', '2023-12-06 12:53:23', b'0');
INSERT INTO `system_menu`
VALUES (2534, 'дә§е“ҒеҲҶзұ»еҲӣе»ә', 'crm:product-category:create', 3, 2, 2532, '', '', '', '', 0, b'1', b'1', b'1', '1',
        '2023-12-06 12:53:41', '1', '2023-12-06 12:53:41', b'0');
INSERT INTO `system_menu`
VALUES (2535, 'дә§е“ҒеҲҶзұ»жӣҙж–°', 'crm:product-category:update', 3, 3, 2532, '', '', '', '', 0, b'1', b'1', b'1', '1',
        '2023-12-06 12:53:59', '1', '2023-12-06 12:53:59', b'0');
INSERT INTO `system_menu`
VALUES (2536, 'дә§е“ҒеҲҶзұ»еҲ йҷӨ', 'crm:product-category:delete', 3, 4, 2532, '', '', '', '', 0, b'1', b'1', b'1', '1',
        '2023-12-06 12:54:14', '1', '2023-12-06 12:54:14', b'0');
INSERT INTO `system_menu`
VALUES (2543, 'е…іиҒ”е•Ҷжңә', 'crm:contact:create-business', 3, 10, 2416, '', '', '', '', 0, b'1', b'1', b'1', '1',
        '2024-01-02 17:28:25', '1', '2024-01-02 17:28:25', b'0');
INSERT INTO `system_menu`
VALUES (2544, 'еҸ–е…іе•Ҷжңә', 'crm:contact:delete-business', 3, 11, 2416, '', '', '', '', 0, b'1', b'1', b'1', '1',
        '2024-01-02 17:28:43', '1', '2024-01-02 17:28:51', b'0');
INSERT INTO `system_menu`
VALUES (2545, 'е•Ҷе“Ғз»ҹи®Ў', '', 2, 3, 2358, 'product', 'fa:product-hunt', 'mall/statistics/product/index',
        'ProductStatistics', 0, b'1', b'1', b'1', '', '2023-12-15 18:54:28', '1', '2024-02-26 20:41:52', b'0');
INSERT INTO `system_menu`
VALUES (2546, 'е®ўжҲ·е…¬жө·', '', 2, 30, 2397, 'customer/pool', 'fa-solid:swimming-pool', 'crm/customer/pool/index',
        'CrmCustomerPool', 0, b'1', b'1', b'1', '1', '2024-01-15 21:29:34', '1', '2024-02-17 17:14:18', b'0');
INSERT INTO `system_menu`
VALUES (2547, 'и®ўеҚ•жҹҘиҜў', 'trade:order:query', 3, 1, 2076, '', '', '', '', 0, b'1', b'1', b'1', '1',
        '2024-01-16 08:52:00', '1', '2024-01-16 08:52:00', b'0');
INSERT INTO `system_menu`
VALUES (2548, 'и®ўеҚ•жӣҙж–°', 'trade:order:update', 3, 2, 2076, '', '', '', '', 0, b'1', b'1', b'1', '1',
        '2024-01-16 08:52:21', '1', '2024-01-16 08:52:21', b'0');
INSERT INTO `system_menu`
VALUES (2549, 'ж”Ҝд»ҳ&йҖҖж¬ҫжЎҲдҫӢ', '', 2, 1, 2161, 'order', 'fa:paypal', 'pay/demo/order/index', '', 0, b'1', b'1', b'1',
        '1', '2024-01-18 23:45:00', '1', '2024-01-18 23:47:21', b'0');
INSERT INTO `system_menu`
VALUES (2550, 'жҸҗзҺ°иҪ¬иҙҰжЎҲдҫӢ', '', 2, 2, 2161, 'transfer', 'fa:transgender-alt', 'pay/demo/withdraw/index', '', 0, b'1',
        b'1', b'1', '1', '2024-01-18 23:51:16', '1', '2025-05-08 13:04:36', b'0');
INSERT INTO `system_menu`
VALUES (2551, 'й’ұеҢ…з®ЎзҗҶ', '', 1, 4, 1117, 'wallet', 'ep:wallet', '', '', 0, b'1', b'1', b'1', '', '2023-12-29 02:32:54',
        '1', '2024-02-29 08:58:54', b'0');
INSERT INTO `system_menu`
VALUES (2552, 'е……еҖјеҘ—йӨҗ', '', 2, 2, 2551, 'wallet-recharge-package', 'fa:leaf', 'pay/wallet/rechargePackage/index',
        'WalletRechargePackage', 0, b'1', b'1', b'1', '', '2023-12-29 02:32:54', '', '2023-12-29 02:32:54', b'0');
INSERT INTO `system_menu`
VALUES (2553, 'й’ұеҢ…е……еҖјеҘ—йӨҗжҹҘиҜў', 'pay:wallet-recharge-package:query', 3, 1, 2552, '', '', '', NULL, 0, b'1', b'1',
        b'1', '', '2023-12-29 02:32:54', '', '2023-12-29 02:32:54', b'0');
INSERT INTO `system_menu`
VALUES (2554, 'й’ұеҢ…е……еҖјеҘ—йӨҗеҲӣе»ә', 'pay:wallet-recharge-package:create', 3, 2, 2552, '', '', '', NULL, 0, b'1', b'1',
        b'1', '', '2023-12-29 02:32:54', '', '2023-12-29 02:32:54', b'0');
INSERT INTO `system_menu`
VALUES (2555, 'й’ұеҢ…е……еҖјеҘ—йӨҗжӣҙж–°', 'pay:wallet-recharge-package:update', 3, 3, 2552, '', '', '', NULL, 0, b'1', b'1',
        b'1', '', '2023-12-29 02:32:54', '', '2023-12-29 02:32:54', b'0');
INSERT INTO `system_menu`
VALUES (2556, 'й’ұеҢ…е……еҖјеҘ—йӨҗеҲ йҷӨ', 'pay:wallet-recharge-package:delete', 3, 4, 2552, '', '', '', NULL, 0, b'1', b'1',
        b'1', '', '2023-12-29 02:32:54', '', '2023-12-29 02:32:54', b'0');
INSERT INTO `system_menu`
VALUES (2557, 'й’ұеҢ…дҪҷйўқ', '', 2, 1, 2551, 'wallet-balance', 'fa:leaf', 'pay/wallet/balance/index', 'WalletBalance', 0,
        b'1', b'1', b'1', '', '2023-12-29 02:32:54', '', '2023-12-29 02:32:54', b'0');
INSERT INTO `system_menu`
VALUES (2558, 'й’ұеҢ…дҪҷйўқжҹҘиҜў', 'pay:wallet:query', 3, 1, 2557, '', '', '', NULL, 0, b'1', b'1', b'1', '',
        '2023-12-29 02:32:54', '', '2023-12-29 02:32:54', b'0');
INSERT INTO `system_menu`
VALUES (2559, 'иҪ¬иҙҰи®ўеҚ•', '', 2, 3, 1117, 'transfer', 'ep:credit-card', 'pay/transfer/index', 'PayTransfer', 0, b'1',
        b'1', b'1', '', '2023-12-29 02:32:54', '', '2023-12-29 02:32:54', b'0');
INSERT INTO `system_menu`
VALUES (2560, 'ж•°жҚ®з»ҹи®Ў', '', 1, 200, 2397, 'statistics', 'ep:data-line', '', '', 0, b'1', b'1', b'1', '1',
        '2024-01-26 22:50:35', '1', '2024-02-24 20:10:07', b'0');
INSERT INTO `system_menu`
VALUES (2561, 'жҺ’иЎҢжҰң', 'crm:statistics-rank:query', 2, 1, 2560, 'ranking', 'fa:area-chart',
        'crm/statistics/rank/index', 'CrmStatisticsRank', 0, b'1', b'1', b'1', '1', '2024-01-26 22:52:09', '1',
        '2024-04-24 19:39:11', b'0');
INSERT INTO `system_menu`
VALUES (2562, 'е®ўжҲ·еҜје…Ҙ', 'crm:customer:import', 3, 6, 2391, '', '', '', '', 0, b'1', b'1', b'1', '1',
        '2024-02-01 13:09:00', '1', '2024-02-01 13:09:05', b'0');
INSERT INTO `system_menu`
VALUES (2563, 'ERP зі»з»ҹ', '', 1, 300, 0, '/erp', 'simple-icons:erpnext', '', '', 1, b'1', b'1', b'1', '1',
        '2024-02-04 15:37:25', '1', '2026-03-16 15:24:04', b'0');
INSERT INTO `system_menu`
VALUES (2564, 'дә§е“Ғз®ЎзҗҶ', '', 1, 40, 2563, 'product', 'fa:product-hunt', '', '', 0, b'1', b'1', b'1', '1',
        '2024-02-04 15:38:43', '1', '2024-02-04 15:38:43', b'0');
INSERT INTO `system_menu`
VALUES (2565, 'дә§е“ҒдҝЎжҒҜ', '', 2, 0, 2564, 'product', 'fa-solid:apple-alt', 'erp/product/product/index', 'ErpProduct', 0,
        b'1', b'1', b'1', '', '2024-02-04 07:52:15', '1', '2024-02-05 14:42:11', b'0');
INSERT INTO `system_menu`
VALUES (2566, 'дә§е“ҒжҹҘиҜў', 'erp:product:query', 3, 1, 2565, '', '', '', '', 0, b'1', b'1', b'1', '',
        '2024-02-04 07:52:15', '1', '2024-02-04 17:21:57', b'0');
INSERT INTO `system_menu`
VALUES (2567, 'дә§е“ҒеҲӣе»ә', 'erp:product:create', 3, 2, 2565, '', '', '', '', 0, b'1', b'1', b'1', '',
        '2024-02-04 07:52:15', '1', '2024-02-04 17:22:12', b'0');
INSERT INTO `system_menu`
VALUES (2568, 'дә§е“Ғжӣҙж–°', 'erp:product:update', 3, 3, 2565, '', '', '', '', 0, b'1', b'1', b'1', '',
        '2024-02-04 07:52:15', '1', '2024-02-04 17:22:16', b'0');
INSERT INTO `system_menu`
VALUES (2569, 'дә§е“ҒеҲ йҷӨ', 'erp:product:delete', 3, 4, 2565, '', '', '', '', 0, b'1', b'1', b'1', '',
        '2024-02-04 07:52:15', '1', '2024-02-04 17:22:22', b'0');
INSERT INTO `system_menu`
VALUES (2570, 'дә§е“ҒеҜјеҮә', 'erp:product:export', 3, 5, 2565, '', '', '', '', 0, b'1', b'1', b'1', '',
        '2024-02-04 07:52:15', '1', '2024-02-04 17:22:26', b'0');
INSERT INTO `system_menu`
VALUES (2571, 'дә§е“ҒеҲҶзұ»', '', 2, 1, 2564, 'product-category', 'fa:certificate', 'erp/product/category/index',
        'ErpProductCategory', 0, b'1', b'1', b'1', '', '2024-02-04 09:21:04', '1', '2024-02-04 17:24:58', b'0');
INSERT INTO `system_menu`
VALUES (2572, 'еҲҶзұ»жҹҘиҜў', 'erp:product-category:query', 3, 1, 2571, '', '', '', NULL, 0, b'1', b'1', b'1', '',
        '2024-02-04 09:21:04', '', '2024-02-04 09:21:04', b'0');
INSERT INTO `system_menu`
VALUES (2573, 'еҲҶзұ»еҲӣе»ә', 'erp:product-category:create', 3, 2, 2571, '', '', '', NULL, 0, b'1', b'1', b'1', '',
        '2024-02-04 09:21:04', '', '2024-02-04 09:21:04', b'0');
INSERT INTO `system_menu`
VALUES (2574, 'еҲҶзұ»жӣҙж–°', 'erp:product-category:update', 3, 3, 2571, '', '', '', NULL, 0, b'1', b'1', b'1', '',
        '2024-02-04 09:21:04', '', '2024-02-04 09:21:04', b'0');
INSERT INTO `system_menu`
VALUES (2575, 'еҲҶзұ»еҲ йҷӨ', 'erp:product-category:delete', 3, 4, 2571, '', '', '', NULL, 0, b'1', b'1', b'1', '',
        '2024-02-04 09:21:04', '', '2024-02-04 09:21:04', b'0');
INSERT INTO `system_menu`
VALUES (2576, 'еҲҶзұ»еҜјеҮә', 'erp:product-category:export', 3, 5, 2571, '', '', '', NULL, 0, b'1', b'1', b'1', '',
        '2024-02-04 09:21:04', '', '2024-02-04 09:21:04', b'0');
INSERT INTO `system_menu`
VALUES (2577, 'дә§е“ҒеҚ•дҪҚ', '', 2, 2, 2564, 'unit', 'ep:opportunity', 'erp/product/unit/index', 'ErpProductUnit', 0, b'1',
        b'1', b'1', '', '2024-02-04 11:54:08', '1', '2024-02-04 19:54:37', b'0');
INSERT INTO `system_menu`
VALUES (2578, 'еҚ•дҪҚжҹҘиҜў', 'erp:product-unit:query', 3, 1, 2577, '', '', '', NULL, 0, b'1', b'1', b'1', '',
        '2024-02-04 11:54:08', '', '2024-02-04 11:54:08', b'0');
INSERT INTO `system_menu`
VALUES (2579, 'еҚ•дҪҚеҲӣе»ә', 'erp:product-unit:create', 3, 2, 2577, '', '', '', NULL, 0, b'1', b'1', b'1', '',
        '2024-02-04 11:54:08', '', '2024-02-04 11:54:08', b'0');
INSERT INTO `system_menu`
VALUES (2580, 'еҚ•дҪҚжӣҙж–°', 'erp:product-unit:update', 3, 3, 2577, '', '', '', NULL, 0, b'1', b'1', b'1', '',
        '2024-02-04 11:54:08', '', '2024-02-04 11:54:08', b'0');
INSERT INTO `system_menu`
VALUES (2581, 'еҚ•дҪҚеҲ йҷӨ', 'erp:product-unit:delete', 3, 4, 2577, '', '', '', NULL, 0, b'1', b'1', b'1', '',
        '2024-02-04 11:54:08', '', '2024-02-04 11:54:08', b'0');
INSERT INTO `system_menu`
VALUES (2582, 'еҚ•дҪҚеҜјеҮә', 'erp:product-unit:export', 3, 5, 2577, '', '', '', NULL, 0, b'1', b'1', b'1', '',
        '2024-02-04 11:54:08', '', '2024-02-04 11:54:08', b'0');
INSERT INTO `system_menu`
VALUES (2583, 'еә“еӯҳз®ЎзҗҶ', '', 1, 30, 2563, 'stock', 'fa:window-restore', '', '', 0, b'1', b'1', b'1', '1',
        '2024-02-05 00:29:37', '1', '2024-02-05 00:29:37', b'0');
INSERT INTO `system_menu`
VALUES (2584, 'д»“еә“дҝЎжҒҜ', '', 2, 0, 2583, 'warehouse', 'ep:house', 'erp/stock/warehouse/index', 'ErpWarehouse', 0, b'1',
        b'1', b'1', '', '2024-02-04 17:12:09', '1', '2024-02-05 01:12:53', b'0');
INSERT INTO `system_menu`
VALUES (2585, 'д»“еә“жҹҘиҜў', 'erp:warehouse:query', 3, 1, 2584, '', '', '', NULL, 0, b'1', b'1', b'1', '',
        '2024-02-04 17:12:09', '', '2024-02-04 17:12:09', b'0');
INSERT INTO `system_menu`
VALUES (2586, 'д»“еә“еҲӣе»ә', 'erp:warehouse:create', 3, 2, 2584, '', '', '', NULL, 0, b'1', b'1', b'1', '',
        '2024-02-04 17:12:09', '', '2024-02-04 17:12:09', b'0');
INSERT INTO `system_menu`
VALUES (2587, 'д»“еә“жӣҙж–°', 'erp:warehouse:update', 3, 3, 2584, '', '', '', NULL, 0, b'1', b'1', b'1', '',
        '2024-02-04 17:12:09', '', '2024-02-04 17:12:09', b'0');
INSERT INTO `system_menu`
VALUES (2588, 'д»“еә“еҲ йҷӨ', 'erp:warehouse:delete', 3, 4, 2584, '', '', '', NULL, 0, b'1', b'1', b'1', '',
        '2024-02-04 17:12:09', '', '2024-02-04 17:12:09', b'0');
INSERT INTO `system_menu`
VALUES (2589, 'д»“еә“еҜјеҮә', 'erp:warehouse:export', 3, 5, 2584, '', '', '', NULL, 0, b'1', b'1', b'1', '',
        '2024-02-04 17:12:09', '', '2024-02-04 17:12:09', b'0');
INSERT INTO `system_menu`
VALUES (2590, 'дә§е“Ғеә“еӯҳ', '', 2, 1, 2583, 'stock', 'ep:coffee', 'erp/stock/stock/index', 'ErpStock', 0, b'1', b'1',
        b'1', '', '2024-02-05 06:40:50', '1', '2024-02-05 14:42:44', b'0');
INSERT INTO `system_menu`
VALUES (2591, 'еә“еӯҳжҹҘиҜў', 'erp:stock:query', 3, 1, 2590, '', '', '', NULL, 0, b'1', b'1', b'1', '',
        '2024-02-05 06:40:50', '', '2024-02-05 06:40:50', b'0');
INSERT INTO `system_menu`
VALUES (2592, 'еә“еӯҳеҜјеҮә', 'erp:stock:export', 3, 5, 2590, '', '', '', NULL, 0, b'1', b'1', b'1', '',
        '2024-02-05 06:40:50', '', '2024-02-05 06:40:50', b'0');
INSERT INTO `system_menu`
VALUES (2593, 'еҮәе…Ҙеә“жҳҺз»Ҷ', '', 2, 2, 2583, 'record', 'fa-solid:blog', 'erp/stock/record/index', 'ErpStockRecord', 0,
        b'1', b'1', b'1', '', '2024-02-05 10:27:21', '1', '2024-02-06 17:26:11', b'0');
INSERT INTO `system_menu`
VALUES (2594, 'еә“еӯҳжҳҺз»ҶжҹҘиҜў', 'erp:stock-record:query', 3, 1, 2593, '', '', '', NULL, 0, b'1', b'1', b'1', '',
        '2024-02-05 10:27:21', '', '2024-02-05 10:27:21', b'0');
INSERT INTO `system_menu`
VALUES (2595, 'еә“еӯҳжҳҺз»ҶеҜјеҮә', 'erp:stock-record:export', 3, 5, 2593, '', '', '', NULL, 0, b'1', b'1', b'1', '',
        '2024-02-05 10:27:21', '', '2024-02-05 10:27:21', b'0');
INSERT INTO `system_menu`
VALUES (2596, 'е…¶е®ғе…Ҙеә“', '', 2, 3, 2583, 'in', 'ep:zoom-in', 'erp/stock/in/index', 'ErpStockIn', 0, b'1', b'1', b'1',
        '', '2024-02-05 16:08:56', '1', '2024-02-07 19:06:51', b'0');
INSERT INTO `system_menu`
VALUES (2597, 'е…¶е®ғе…Ҙеә“еҚ•жҹҘиҜў', 'erp:stock-in:query', 3, 1, 2596, '', '', '', NULL, 0, b'1', b'1', b'1', '',
        '2024-02-05 16:08:56', '', '2024-02-05 16:08:56', b'0');
INSERT INTO `system_menu`
VALUES (2598, 'е…¶е®ғе…Ҙеә“еҚ•еҲӣе»ә', 'erp:stock-in:create', 3, 2, 2596, '', '', '', NULL, 0, b'1', b'1', b'1', '',
        '2024-02-05 16:08:56', '', '2024-02-05 16:08:56', b'0');
INSERT INTO `system_menu`
VALUES (2599, 'е…¶е®ғе…Ҙеә“еҚ•жӣҙж–°', 'erp:stock-in:update', 3, 3, 2596, '', '', '', NULL, 0, b'1', b'1', b'1', '',
        '2024-02-05 16:08:56', '', '2024-02-05 16:08:56', b'0');
INSERT INTO `system_menu`
VALUES (2600, 'е…¶е®ғе…Ҙеә“еҚ•еҲ йҷӨ', 'erp:stock-in:delete', 3, 4, 2596, '', '', '', NULL, 0, b'1', b'1', b'1', '',
        '2024-02-05 16:08:56', '', '2024-02-05 16:08:56', b'0');
INSERT INTO `system_menu`
VALUES (2601, 'е…¶е®ғе…Ҙеә“еҚ•еҜјеҮә', 'erp:stock-in:export', 3, 5, 2596, '', '', '', NULL, 0, b'1', b'1', b'1', '',
        '2024-02-05 16:08:56', '', '2024-02-05 16:08:56', b'0');
INSERT INTO `system_menu`
VALUES (2602, 'йҮҮиҙӯз®ЎзҗҶ', '', 1, 10, 2563, 'purchase', 'fa:buysellads', '', '', 0, b'1', b'1', b'1', '1',
        '2024-02-06 16:01:01', '1', '2024-02-06 16:01:23', b'0');
INSERT INTO `system_menu`
VALUES (2603, 'дҫӣеә”е•ҶдҝЎжҒҜ', '', 2, 4, 2602, 'supplier', 'fa:superpowers', 'erp/purchase/supplier/index', 'ErpSupplier',
        0, b'1', b'1', b'1', '', '2024-02-06 08:21:55', '1', '2024-02-06 16:22:25', b'0');
INSERT INTO `system_menu`
VALUES (2604, 'дҫӣеә”е•ҶжҹҘиҜў', 'erp:supplier:query', 3, 1, 2603, '', '', '', NULL, 0, b'1', b'1', b'1', '',
        '2024-02-06 08:21:55', '', '2024-02-06 08:21:55', b'0');
INSERT INTO `system_menu`
VALUES (2605, 'дҫӣеә”е•ҶеҲӣе»ә', 'erp:supplier:create', 3, 2, 2603, '', '', '', NULL, 0, b'1', b'1', b'1', '',
        '2024-02-06 08:21:55', '', '2024-02-06 08:21:55', b'0');
INSERT INTO `system_menu`
VALUES (2606, 'дҫӣеә”е•Ҷжӣҙж–°', 'erp:supplier:update', 3, 3, 2603, '', '', '', NULL, 0, b'1', b'1', b'1', '',
        '2024-02-06 08:21:55', '', '2024-02-06 08:21:55', b'0');
INSERT INTO `system_menu`
VALUES (2607, 'дҫӣеә”е•ҶеҲ йҷӨ', 'erp:supplier:delete', 3, 4, 2603, '', '', '', NULL, 0, b'1', b'1', b'1', '',
        '2024-02-06 08:21:55', '', '2024-02-06 08:21:55', b'0');
INSERT INTO `system_menu`
VALUES (2608, 'дҫӣеә”е•ҶеҜјеҮә', 'erp:supplier:export', 3, 5, 2603, '', '', '', NULL, 0, b'1', b'1', b'1', '',
        '2024-02-06 08:21:55', '', '2024-02-06 08:21:55', b'0');
INSERT INTO `system_menu`
VALUES (2609, 'е…¶е®ғе…Ҙеә“еҚ•е®Ўжү№', 'erp:stock-in:update-status', 3, 6, 2596, '', '', '', NULL, 0, b'1', b'1', b'1', '',
        '2024-02-05 16:08:56', '', '2024-02-05 16:08:56', b'0');
INSERT INTO `system_menu`
VALUES (2610, 'е…¶е®ғеҮәеә“', '', 2, 4, 2583, 'out', 'ep:zoom-out', 'erp/stock/out/index', 'ErpStockOut', 0, b'1', b'1',
        b'1', '', '2024-02-05 16:08:56', '1', '2024-02-07 19:06:55', b'0');
INSERT INTO `system_menu`
VALUES (2611, 'е…¶е®ғеҮәеә“еҚ•жҹҘиҜў', 'erp:stock-out:query', 3, 1, 2610, '', '', '', NULL, 0, b'1', b'1', b'1', '',
        '2024-02-05 16:08:56', '', '2024-02-07 06:43:39', b'0');
INSERT INTO `system_menu`
VALUES (2612, 'е…¶е®ғеҮәеә“еҚ•еҲӣе»ә', 'erp:stock-out:create', 3, 2, 2610, '', '', '', NULL, 0, b'1', b'1', b'1', '',
        '2024-02-05 16:08:56', '', '2024-02-07 06:43:42', b'0');
INSERT INTO `system_menu`
VALUES (2613, 'е…¶е®ғеҮәеә“еҚ•жӣҙж–°', 'erp:stock-out:update', 3, 3, 2610, '', '', '', NULL, 0, b'1', b'1', b'1', '',
        '2024-02-05 16:08:56', '', '2024-02-07 06:43:44', b'0');
INSERT INTO `system_menu`
VALUES (2614, 'е…¶е®ғеҮәеә“еҚ•еҲ йҷӨ', 'erp:stock-out:delete', 3, 4, 2610, '', '', '', NULL, 0, b'1', b'1', b'1', '',
        '2024-02-05 16:08:56', '', '2024-02-07 06:43:56', b'0');
INSERT INTO `system_menu`
VALUES (2615, 'е…¶е®ғеҮәеә“еҚ•еҜјеҮә', 'erp:stock-out:export', 3, 5, 2610, '', '', '', NULL, 0, b'1', b'1', b'1', '',
        '2024-02-05 16:08:56', '', '2024-02-07 06:43:57', b'0');
INSERT INTO `system_menu`
VALUES (2616, 'е…¶е®ғеҮәеә“еҚ•е®Ўжү№', 'erp:stock-out:update-status', 3, 6, 2610, '', '', '', NULL, 0, b'1', b'1', b'1', '',
        '2024-02-05 16:08:56', '', '2024-02-07 06:43:58', b'0');
INSERT INTO `system_menu`
VALUES (2617, 'й”Җе”®з®ЎзҗҶ', '', 1, 20, 2563, 'sale', 'fa:sellsy', '', '', 0, b'1', b'1', b'1', '1', '2024-02-07 15:12:32',
        '1', '2024-02-07 15:12:32', b'0');
INSERT INTO `system_menu`
VALUES (2618, 'е®ўжҲ·дҝЎжҒҜ', '', 2, 4, 2617, 'customer', 'ep:avatar', 'erp/sale/customer/index', 'ErpCustomer', 0, b'1',
        b'1', b'1', '', '2024-02-07 07:21:45', '1', '2024-02-07 15:22:25', b'0');
INSERT INTO `system_menu`
VALUES (2619, 'е®ўжҲ·жҹҘиҜў', 'erp:customer:query', 3, 1, 2618, '', '', '', NULL, 0, b'1', b'1', b'1', '',
        '2024-02-07 07:21:45', '', '2024-02-07 07:21:45', b'0');
INSERT INTO `system_menu`
VALUES (2620, 'е®ўжҲ·еҲӣе»ә', 'erp:customer:create', 3, 2, 2618, '', '', '', NULL, 0, b'1', b'1', b'1', '',
        '2024-02-07 07:21:45', '', '2024-02-07 07:21:45', b'0');
INSERT INTO `system_menu`
VALUES (2621, 'е®ўжҲ·жӣҙж–°', 'erp:customer:update', 3, 3, 2618, '', '', '', NULL, 0, b'1', b'1', b'1', '',
        '2024-02-07 07:21:45', '', '2024-02-07 07:21:45', b'0');
INSERT INTO `system_menu`
VALUES (2622, 'е®ўжҲ·еҲ йҷӨ', 'erp:customer:delete', 3, 4, 2618, '', '', '', NULL, 0, b'1', b'1', b'1', '',
        '2024-02-07 07:21:45', '', '2024-02-07 07:21:45', b'0');
INSERT INTO `system_menu`
VALUES (2623, 'е®ўжҲ·еҜјеҮә', 'erp:customer:export', 3, 5, 2618, '', '', '', NULL, 0, b'1', b'1', b'1', '',
        '2024-02-07 07:21:45', '', '2024-02-07 07:21:45', b'0');
INSERT INTO `system_menu`
VALUES (2624, 'еә“еӯҳи°ғжӢЁ', '', 2, 5, 2583, 'move', 'ep:folder-remove', 'erp/stock/move/index', 'ErpStockMove', 0, b'1',
        b'1', b'1', '', '2024-02-05 16:08:56', '1', '2024-02-16 18:53:55', b'0');
INSERT INTO `system_menu`
VALUES (2625, 'еә“еӯҳи°ғеәҰеҚ•жҹҘиҜў', 'erp:stock-move:query', 3, 1, 2624, '', '', '', NULL, 0, b'1', b'1', b'1', '',
        '2024-02-05 16:08:56', '', '2024-02-07 11:12:49', b'0');
INSERT INTO `system_menu`
VALUES (2626, 'еә“еӯҳи°ғеәҰеҚ•еҲӣе»ә', 'erp:stock-move:create', 3, 2, 2624, '', '', '', NULL, 0, b'1', b'1', b'1', '',
        '2024-02-05 16:08:56', '', '2024-02-07 11:12:52', b'0');
INSERT INTO `system_menu`
VALUES (2627, 'еә“еӯҳи°ғеәҰеҚ•жӣҙж–°', 'erp:stock-move:update', 3, 3, 2624, '', '', '', NULL, 0, b'1', b'1', b'1', '',
        '2024-02-05 16:08:56', '', '2024-02-07 11:12:55', b'0');
INSERT INTO `system_menu`
VALUES (2628, 'еә“еӯҳи°ғеәҰеҚ•еҲ йҷӨ', 'erp:stock-move:delete', 3, 4, 2624, '', '', '', NULL, 0, b'1', b'1', b'1', '',
        '2024-02-05 16:08:56', '', '2024-02-07 11:12:57', b'0');
INSERT INTO `system_menu`
VALUES (2629, 'еә“еӯҳи°ғеәҰеҚ•еҜјеҮә', 'erp:stock-move:export', 3, 5, 2624, '', '', '', NULL, 0, b'1', b'1', b'1', '',
        '2024-02-05 16:08:56', '', '2024-02-07 11:12:59', b'0');
INSERT INTO `system_menu`
VALUES (2630, 'еә“еӯҳи°ғеәҰеҚ•е®Ўжү№', 'erp:stock-move:update-status', 3, 6, 2624, '', '', '', NULL, 0, b'1', b'1', b'1', '',
        '2024-02-05 16:08:56', '', '2024-02-07 11:13:03', b'0');
INSERT INTO `system_menu`
VALUES (2631, 'еә“еӯҳзӣҳзӮ№', '', 2, 6, 2583, 'check', 'ep:circle-check-filled', 'erp/stock/check/index', 'ErpStockCheck',
        0, b'1', b'1', b'1', '', '2024-02-05 16:08:56', '1', '2024-02-08 08:31:09', b'0');
INSERT INTO `system_menu`
VALUES (2632, 'еә“еӯҳзӣҳзӮ№еҚ•жҹҘиҜў', 'erp:stock-check:query', 3, 1, 2631, '', '', '', NULL, 0, b'1', b'1', b'1', '',
        '2024-02-05 16:08:56', '', '2024-02-07 11:12:49', b'0');
INSERT INTO `system_menu`
VALUES (2633, 'еә“еӯҳзӣҳзӮ№еҚ•еҲӣе»ә', 'erp:stock-check:create', 3, 2, 2631, '', '', '', NULL, 0, b'1', b'1', b'1', '',
        '2024-02-05 16:08:56', '', '2024-02-07 11:12:52', b'0');
INSERT INTO `system_menu`
VALUES (2634, 'еә“еӯҳзӣҳзӮ№еҚ•жӣҙж–°', 'erp:stock-check:update', 3, 3, 2631, '', '', '', NULL, 0, b'1', b'1', b'1', '',
        '2024-02-05 16:08:56', '', '2024-02-07 11:12:55', b'0');
INSERT INTO `system_menu`
VALUES (2635, 'еә“еӯҳзӣҳзӮ№еҚ•еҲ йҷӨ', 'erp:stock-check:delete', 3, 4, 2631, '', '', '', NULL, 0, b'1', b'1', b'1', '',
        '2024-02-05 16:08:56', '', '2024-02-07 11:12:57', b'0');
INSERT INTO `system_menu`
VALUES (2636, 'еә“еӯҳзӣҳзӮ№еҚ•еҜјеҮә', 'erp:stock-check:export', 3, 5, 2631, '', '', '', NULL, 0, b'1', b'1', b'1', '',
        '2024-02-05 16:08:56', '', '2024-02-07 11:12:59', b'0');
INSERT INTO `system_menu`
VALUES (2637, 'еә“еӯҳзӣҳзӮ№еҚ•е®Ўжү№', 'erp:stock-check:update-status', 3, 6, 2631, '', '', '', NULL, 0, b'1', b'1', b'1', '',
        '2024-02-05 16:08:56', '', '2024-02-07 11:13:03', b'0');
INSERT INTO `system_menu`
VALUES (2638, 'й”Җе”®и®ўеҚ•', '', 2, 1, 2617, 'order', 'fa:first-order', 'erp/sale/order/index', 'ErpSaleOrder', 0, b'1',
        b'1', b'1', '', '2024-02-05 16:08:56', '1', '2024-02-10 21:59:20', b'0');
INSERT INTO `system_menu`
VALUES (2639, 'й”Җе”®и®ўеҚ•жҹҘиҜў', 'erp:sale-order:query', 3, 1, 2638, '', '', '', NULL, 0, b'1', b'1', b'1', '',
        '2024-02-05 16:08:56', '', '2024-02-07 11:12:49', b'0');
INSERT INTO `system_menu`
VALUES (2640, 'й”Җе”®и®ўеҚ•еҲӣе»ә', 'erp:sale-order:create', 3, 2, 2638, '', '', '', NULL, 0, b'1', b'1', b'1', '',
        '2024-02-05 16:08:56', '', '2024-02-07 11:12:52', b'0');
INSERT INTO `system_menu`
VALUES (2641, 'й”Җе”®и®ўеҚ•жӣҙж–°', 'erp:sale-order:update', 3, 3, 2638, '', '', '', NULL, 0, b'1', b'1', b'1', '',
        '2024-02-05 16:08:56', '', '2024-02-07 11:12:55', b'0');
INSERT INTO `system_menu`
VALUES (2642, 'й”Җе”®и®ўеҚ•еҲ йҷӨ', 'erp:sale-order:delete', 3, 4, 2638, '', '', '', NULL, 0, b'1', b'1', b'1', '',
        '2024-02-05 16:08:56', '', '2024-02-07 11:12:57', b'0');
INSERT INTO `system_menu`
VALUES (2643, 'й”Җе”®и®ўеҚ•еҜјеҮә', 'erp:sale-order:export', 3, 5, 2638, '', '', '', NULL, 0, b'1', b'1', b'1', '',
        '2024-02-05 16:08:56', '', '2024-02-07 11:12:59', b'0');
INSERT INTO `system_menu`
VALUES (2644, 'й”Җе”®и®ўеҚ•е®Ўжү№', 'erp:sale-order:update-status', 3, 6, 2638, '', '', '', NULL, 0, b'1', b'1', b'1', '',
        '2024-02-05 16:08:56', '', '2024-02-07 11:13:03', b'0');
INSERT INTO `system_menu`
VALUES (2645, 'иҙўеҠЎз®ЎзҗҶ', '', 1, 50, 2563, 'finance', 'ep:money', '', '', 0, b'1', b'1', b'1', '1',
        '2024-02-10 08:05:58', '1', '2024-02-10 08:06:07', b'0');
INSERT INTO `system_menu`
VALUES (2646, 'з»“з®—иҙҰжҲ·', '', 2, 10, 2645, 'account', 'fa:universal-access', 'erp/finance/account/index', 'ErpAccount',
        0, b'1', b'1', b'1', '', '2024-02-10 00:15:07', '1', '2024-02-14 08:24:31', b'0');
INSERT INTO `system_menu`
VALUES (2647, 'з»“з®—иҙҰжҲ·жҹҘиҜў', 'erp:account:query', 3, 1, 2646, '', '', '', NULL, 0, b'1', b'1', b'1', '',
        '2024-02-10 00:15:07', '', '2024-02-10 00:15:07', b'0');
INSERT INTO `system_menu`
VALUES (2648, 'з»“з®—иҙҰжҲ·еҲӣе»ә', 'erp:account:create', 3, 2, 2646, '', '', '', NULL, 0, b'1', b'1', b'1', '',
        '2024-02-10 00:15:07', '', '2024-02-10 00:15:07', b'0');
INSERT INTO `system_menu`
VALUES (2649, 'з»“з®—иҙҰжҲ·жӣҙж–°', 'erp:account:update', 3, 3, 2646, '', '', '', NULL, 0, b'1', b'1', b'1', '',
        '2024-02-10 00:15:07', '', '2024-02-10 00:15:07', b'0');
INSERT INTO `system_menu`
VALUES (2650, 'з»“з®—иҙҰжҲ·еҲ йҷӨ', 'erp:account:delete', 3, 4, 2646, '', '', '', NULL, 0, b'1', b'1', b'1', '',
        '2024-02-10 00:15:07', '', '2024-02-10 00:15:07', b'0');
INSERT INTO `system_menu`
VALUES (2651, 'з»“з®—иҙҰжҲ·еҜјеҮә', 'erp:account:export', 3, 5, 2646, '', '', '', NULL, 0, b'1', b'1', b'1', '',
        '2024-02-10 00:15:07', '', '2024-02-10 00:15:07', b'0');
INSERT INTO `system_menu`
VALUES (2652, 'й”Җе”®еҮәеә“', '', 2, 2, 2617, 'out', 'ep:sold-out', 'erp/sale/out/index', 'ErpSaleOut', 0, b'1', b'1', b'1',
        '', '2024-02-05 16:08:56', '1', '2024-02-10 22:02:07', b'0');
INSERT INTO `system_menu`
VALUES (2653, 'й”Җе”®еҮәеә“жҹҘиҜў', 'erp:sale-out:query', 3, 1, 2652, '', '', '', NULL, 0, b'1', b'1', b'1', '',
        '2024-02-05 16:08:56', '', '2024-02-07 11:12:49', b'0');
INSERT INTO `system_menu`
VALUES (2654, 'й”Җе”®еҮәеә“еҲӣе»ә', 'erp:sale-out:create', 3, 2, 2652, '', '', '', NULL, 0, b'1', b'1', b'1', '',
        '2024-02-05 16:08:56', '', '2024-02-07 11:12:52', b'0');
INSERT INTO `system_menu`
VALUES (2655, 'й”Җе”®еҮәеә“жӣҙж–°', 'erp:sale-out:update', 3, 3, 2652, '', '', '', NULL, 0, b'1', b'1', b'1', '',
        '2024-02-05 16:08:56', '', '2024-02-07 11:12:55', b'0');
INSERT INTO `system_menu`
VALUES (2656, 'й”Җе”®еҮәеә“еҲ йҷӨ', 'erp:sale-out:delete', 3, 4, 2652, '', '', '', NULL, 0, b'1', b'1', b'1', '',
        '2024-02-05 16:08:56', '', '2024-02-07 11:12:57', b'0');
INSERT INTO `system_menu`
VALUES (2657, 'й”Җе”®еҮәеә“еҜјеҮә', 'erp:sale-out:export', 3, 5, 2652, '', '', '', NULL, 0, b'1', b'1', b'1', '',
        '2024-02-05 16:08:56', '', '2024-02-07 11:12:59', b'0');
INSERT INTO `system_menu`
VALUES (2658, 'й”Җе”®еҮәеә“е®Ўжү№', 'erp:sale-out:update-status', 3, 6, 2652, '', '', '', NULL, 0, b'1', b'1', b'1', '',
        '2024-02-05 16:08:56', '', '2024-02-07 11:13:03', b'0');
INSERT INTO `system_menu`
VALUES (2659, 'й”Җе”®йҖҖиҙ§', '', 2, 3, 2617, 'return', 'fa-solid:bone', 'erp/sale/return/index', 'ErpSaleReturn', 0, b'1',
        b'1', b'1', '', '2024-02-05 16:08:56', '1', '2024-02-12 06:12:58', b'0');
INSERT INTO `system_menu`
VALUES (2660, 'й”Җе”®йҖҖиҙ§жҹҘиҜў', 'erp:sale-return:query', 3, 1, 2659, '', '', '', NULL, 0, b'1', b'1', b'1', '',
        '2024-02-05 16:08:56', '', '2024-02-07 11:12:49', b'0');
INSERT INTO `system_menu`
VALUES (2661, 'й”Җе”®йҖҖиҙ§еҲӣе»ә', 'erp:sale-return:create', 3, 2, 2659, '', '', '', NULL, 0, b'1', b'1', b'1', '',
        '2024-02-05 16:08:56', '', '2024-02-07 11:12:52', b'0');
INSERT INTO `system_menu`
VALUES (2662, 'й”Җе”®йҖҖиҙ§жӣҙж–°', 'erp:sale-return:update', 3, 3, 2659, '', '', '', NULL, 0, b'1', b'1', b'1', '',
        '2024-02-05 16:08:56', '', '2024-02-07 11:12:55', b'0');
INSERT INTO `system_menu`
VALUES (2663, 'й”Җе”®йҖҖиҙ§еҲ йҷӨ', 'erp:sale-return:delete', 3, 4, 2659, '', '', '', NULL, 0, b'1', b'1', b'1', '',
        '2024-02-05 16:08:56', '', '2024-02-07 11:12:57', b'0');
INSERT INTO `system_menu`
VALUES (2664, 'й”Җе”®йҖҖиҙ§еҜјеҮә', 'erp:sale-return:export', 3, 5, 2659, '', '', '', NULL, 0, b'1', b'1', b'1', '',
        '2024-02-05 16:08:56', '', '2024-02-07 11:12:59', b'0');
INSERT INTO `system_menu`
VALUES (2665, 'й”Җе”®йҖҖиҙ§е®Ўжү№', 'erp:sale-return:update-status', 3, 6, 2659, '', '', '', NULL, 0, b'1', b'1', b'1', '',
        '2024-02-05 16:08:56', '', '2024-02-07 11:13:03', b'0');
INSERT INTO `system_menu`
VALUES (2666, 'йҮҮиҙӯи®ўеҚ•', '', 2, 1, 2602, 'order', 'fa-solid:border-all', 'erp/purchase/order/index',
        'ErpPurchaseOrder', 0, b'1', b'1', b'1', '', '2024-02-05 16:08:56', '1', '2024-02-12 08:51:49', b'0');
INSERT INTO `system_menu`
VALUES (2667, 'йҮҮиҙӯи®ўеҚ•жҹҘиҜў', 'erp:purchase-order:query', 3, 1, 2666, '', '', '', NULL, 0, b'1', b'1', b'1', '',
        '2024-02-05 16:08:56', '', '2024-02-12 00:45:17', b'0');
INSERT INTO `system_menu`
VALUES (2668, 'йҮҮиҙӯи®ўеҚ•еҲӣе»ә', 'erp:purchase-order:create', 3, 2, 2666, '', '', '', NULL, 0, b'1', b'1', b'1', '',
        '2024-02-05 16:08:56', '', '2024-02-12 00:44:54', b'0');
INSERT INTO `system_menu`
VALUES (2669, 'йҮҮиҙӯи®ўеҚ•жӣҙж–°', 'erp:purchase-order:update', 3, 3, 2666, '', '', '', NULL, 0, b'1', b'1', b'1', '',
        '2024-02-05 16:08:56', '', '2024-02-12 00:44:58', b'0');
INSERT INTO `system_menu`
VALUES (2670, 'йҮҮиҙӯи®ўеҚ•еҲ йҷӨ', 'erp:purchase-order:delete', 3, 4, 2666, '', '', '', NULL, 0, b'1', b'1', b'1', '',
        '2024-02-05 16:08:56', '', '2024-02-12 00:45:00', b'0');
INSERT INTO `system_menu`
VALUES (2671, 'йҮҮиҙӯи®ўеҚ•еҜјеҮә', 'erp:purchase-order:export', 3, 5, 2666, '', '', '', NULL, 0, b'1', b'1', b'1', '',
        '2024-02-05 16:08:56', '', '2024-02-12 00:45:05', b'0');
INSERT INTO `system_menu`
VALUES (2672, 'йҮҮиҙӯи®ўеҚ•е®Ўжү№', 'erp:purchase-order:update-status', 3, 6, 2666, '', '', '', NULL, 0, b'1', b'1', b'1', '',
        '2024-02-05 16:08:56', '', '2024-02-12 00:45:08', b'0');
INSERT INTO `system_menu`
VALUES (2673, 'йҮҮиҙӯе…Ҙеә“', '', 2, 2, 2602, 'in', 'fa-solid:gopuram', 'erp/purchase/in/index', 'ErpPurchaseIn', 0, b'1',
        b'1', b'1', '', '2024-02-05 16:08:56', '1', '2024-02-12 11:19:27', b'0');
INSERT INTO `system_menu`
VALUES (2674, 'йҮҮиҙӯе…Ҙеә“жҹҘиҜў', 'erp:purchase-in:query', 3, 1, 2673, '', '', '', NULL, 0, b'1', b'1', b'1', '',
        '2024-02-05 16:08:56', '', '2024-02-12 00:45:17', b'0');
INSERT INTO `system_menu`
VALUES (2675, 'йҮҮиҙӯе…Ҙеә“еҲӣе»ә', 'erp:purchase-in:create', 3, 2, 2673, '', '', '', NULL, 0, b'1', b'1', b'1', '',
        '2024-02-05 16:08:56', '', '2024-02-12 00:44:54', b'0');
INSERT INTO `system_menu`
VALUES (2676, 'йҮҮиҙӯе…Ҙеә“жӣҙж–°', 'erp:purchase-in:update', 3, 3, 2673, '', '', '', NULL, 0, b'1', b'1', b'1', '',
        '2024-02-05 16:08:56', '', '2024-02-12 00:44:58', b'0');
INSERT INTO `system_menu`
VALUES (2677, 'йҮҮиҙӯе…Ҙеә“еҲ йҷӨ', 'erp:purchase-in:delete', 3, 4, 2673, '', '', '', NULL, 0, b'1', b'1', b'1', '',
        '2024-02-05 16:08:56', '', '2024-02-12 00:45:00', b'0');
INSERT INTO `system_menu`
VALUES (2678, 'йҮҮиҙӯе…Ҙеә“еҜјеҮә', 'erp:purchase-in:export', 3, 5, 2673, '', '', '', NULL, 0, b'1', b'1', b'1', '',
        '2024-02-05 16:08:56', '', '2024-02-12 00:45:05', b'0');
INSERT INTO `system_menu`
VALUES (2679, 'йҮҮиҙӯе…Ҙеә“е®Ўжү№', 'erp:purchase-in:update-status', 3, 6, 2673, '', '', '', NULL, 0, b'1', b'1', b'1', '',
        '2024-02-05 16:08:56', '', '2024-02-12 00:45:08', b'0');
INSERT INTO `system_menu`
VALUES (2680, 'йҮҮиҙӯйҖҖиҙ§', '', 2, 3, 2602, 'return', 'ep:minus', 'erp/purchase/return/index', 'ErpPurchaseReturn', 0,
        b'1', b'1', b'1', '', '2024-02-05 16:08:56', '1', '2024-02-12 20:51:02', b'0');
INSERT INTO `system_menu`
VALUES (2681, 'йҮҮиҙӯйҖҖиҙ§жҹҘиҜў', 'erp:purchase-return:query', 3, 1, 2680, '', '', '', NULL, 0, b'1', b'1', b'1', '',
        '2024-02-05 16:08:56', '', '2024-02-12 00:45:17', b'0');
INSERT INTO `system_menu`
VALUES (2682, 'йҮҮиҙӯйҖҖиҙ§еҲӣе»ә', 'erp:purchase-return:create', 3, 2, 2680, '', '', '', NULL, 0, b'1', b'1', b'1', '',
        '2024-02-05 16:08:56', '', '2024-02-12 00:44:54', b'0');
INSERT INTO `system_menu`
VALUES (2683, 'йҮҮиҙӯйҖҖиҙ§жӣҙж–°', 'erp:purchase-return:update', 3, 3, 2680, '', '', '', NULL, 0, b'1', b'1', b'1', '',
        '2024-02-05 16:08:56', '', '2024-02-12 00:44:58', b'0');
INSERT INTO `system_menu`
VALUES (2684, 'йҮҮиҙӯйҖҖиҙ§еҲ йҷӨ', 'erp:purchase-return:delete', 3, 4, 2680, '', '', '', NULL, 0, b'1', b'1', b'1', '',
        '2024-02-05 16:08:56', '', '2024-02-12 00:45:00', b'0');
INSERT INTO `system_menu`
VALUES (2685, 'йҮҮиҙӯйҖҖиҙ§еҜјеҮә', 'erp:purchase-return:export', 3, 5, 2680, '', '', '', NULL, 0, b'1', b'1', b'1', '',
        '2024-02-05 16:08:56', '', '2024-02-12 00:45:05', b'0');
INSERT INTO `system_menu`
VALUES (2686, 'йҮҮиҙӯйҖҖиҙ§е®Ўжү№', 'erp:purchase-return:update-status', 3, 6, 2680, '', '', '', NULL, 0, b'1', b'1', b'1',
        '', '2024-02-05 16:08:56', '', '2024-02-12 00:45:08', b'0');
INSERT INTO `system_menu`
VALUES (2687, 'д»ҳж¬ҫеҚ•', '', 2, 1, 2645, 'payment', 'ep:caret-right', 'erp/finance/payment/index', 'ErpFinancePayment',
        0, b'1', b'1', b'1', '', '2024-02-05 16:08:56', '1', '2024-02-14 08:24:23', b'0');
INSERT INTO `system_menu`
VALUES (2688, 'д»ҳж¬ҫеҚ•жҹҘиҜў', 'erp:finance-payment:query', 3, 1, 2687, '', '', '', NULL, 0, b'1', b'1', b'1', '',
        '2024-02-05 16:08:56', '', '2024-02-12 00:45:17', b'0');
INSERT INTO `system_menu`
VALUES (2689, 'д»ҳж¬ҫеҚ•еҲӣе»ә', 'erp:finance-payment:create', 3, 2, 2687, '', '', '', NULL, 0, b'1', b'1', b'1', '',
        '2024-02-05 16:08:56', '', '2024-02-12 00:44:54', b'0');
INSERT INTO `system_menu`
VALUES (2690, 'д»ҳж¬ҫеҚ•жӣҙж–°', 'erp:finance-payment:update', 3, 3, 2687, '', '', '', NULL, 0, b'1', b'1', b'1', '',
        '2024-02-05 16:08:56', '', '2024-02-12 00:44:58', b'0');
INSERT INTO `system_menu`
VALUES (2691, 'д»ҳж¬ҫеҚ•еҲ йҷӨ', 'erp:finance-payment:delete', 3, 4, 2687, '', '', '', NULL, 0, b'1', b'1', b'1', '',
        '2024-02-05 16:08:56', '', '2024-02-12 00:45:00', b'0');
INSERT INTO `system_menu`
VALUES (2692, 'д»ҳж¬ҫеҚ•еҜјеҮә', 'erp:finance-payment:export', 3, 5, 2687, '', '', '', NULL, 0, b'1', b'1', b'1', '',
        '2024-02-05 16:08:56', '', '2024-02-12 00:45:05', b'0');
INSERT INTO `system_menu`
VALUES (2693, 'д»ҳж¬ҫеҚ•е®Ўжү№', 'erp:finance-payment:update-status', 3, 6, 2687, '', '', '', NULL, 0, b'1', b'1', b'1', '',
        '2024-02-05 16:08:56', '', '2024-02-12 00:45:08', b'0');
INSERT INTO `system_menu`
VALUES (2694, 'ж”¶ж¬ҫеҚ•', '', 2, 2, 2645, 'receipt', 'ep:expand', 'erp/finance/receipt/index', 'ErpFinanceReceipt', 0,
        b'1', b'1', b'1', '', '2024-02-05 16:08:56', '1', '2024-02-15 19:35:45', b'0');
INSERT INTO `system_menu`
VALUES (2695, 'ж”¶ж¬ҫеҚ•жҹҘиҜў', 'erp:finance-receipt:query', 3, 1, 2694, '', '', '', NULL, 0, b'1', b'1', b'1', '',
        '2024-02-05 16:08:56', '', '2024-02-12 00:45:17', b'0');
INSERT INTO `system_menu`
VALUES (2696, 'ж”¶ж¬ҫеҚ•еҲӣе»ә', 'erp:finance-receipt:create', 3, 2, 2694, '', '', '', NULL, 0, b'1', b'1', b'1', '',
        '2024-02-05 16:08:56', '', '2024-02-12 00:44:54', b'0');
INSERT INTO `system_menu`
VALUES (2697, 'ж”¶ж¬ҫеҚ•жӣҙж–°', 'erp:finance-receipt:update', 3, 3, 2694, '', '', '', NULL, 0, b'1', b'1', b'1', '',
        '2024-02-05 16:08:56', '', '2024-02-12 00:44:58', b'0');
INSERT INTO `system_menu`
VALUES (2698, 'ж”¶ж¬ҫеҚ•еҲ йҷӨ', 'erp:finance-receipt:delete', 3, 4, 2694, '', '', '', NULL, 0, b'1', b'1', b'1', '',
        '2024-02-05 16:08:56', '', '2024-02-12 00:45:00', b'0');
INSERT INTO `system_menu`
VALUES (2699, 'ж”¶ж¬ҫеҚ•еҜјеҮә', 'erp:finance-receipt:export', 3, 5, 2694, '', '', '', NULL, 0, b'1', b'1', b'1', '',
        '2024-02-05 16:08:56', '', '2024-02-12 00:45:05', b'0');
INSERT INTO `system_menu`
VALUES (2700, 'ж”¶ж¬ҫеҚ•е®Ўжү№', 'erp:finance-receipt:update-status', 3, 6, 2694, '', '', '', NULL, 0, b'1', b'1', b'1', '',
        '2024-02-05 16:08:56', '', '2024-02-12 00:45:08', b'0');
INSERT INTO `system_menu`
VALUES (2701, 'еҫ…еҠһдәӢйЎ№', '', 2, 0, 2397, 'backlog', 'fa-solid:tasks', 'crm/backlog/index', 'CrmBacklog', 0, b'1', b'1',
        b'1', '1', '2024-02-17 17:17:11', '1', '2024-02-17 17:17:11', b'0');
INSERT INTO `system_menu`
VALUES (2702, 'ERP йҰ–йЎө', 'erp:statistics:query', 2, 0, 2563, 'home', 'ep:home-filled', 'erp/home/index.vue', 'ErpHome',
        0, b'1', b'1', b'1', '1', '2024-02-18 16:49:40', '1', '2024-02-26 21:12:18', b'0');
INSERT INTO `system_menu`
VALUES (2703, 'е•ҶжңәзҠ¶жҖҒй…ҚзҪ®', '', 2, 4, 2524, 'business-status', 'fa-solid:charging-station',
        'crm/business/status/index', 'CrmBusinessStatus', 0, b'1', b'1', b'1', '1', '2024-02-21 20:15:17', '1',
        '2024-02-21 20:15:17', b'0');
INSERT INTO `system_menu`
VALUES (2704, 'е•ҶжңәзҠ¶жҖҒжҹҘиҜў', 'crm:business-status:query', 3, 1, 2703, '', '', '', '', 0, b'1', b'1', b'1', '1',
        '2024-02-21 20:35:36', '1', '2024-02-21 20:36:06', b'0');
INSERT INTO `system_menu`
VALUES (2705, 'е•ҶжңәзҠ¶жҖҒеҲӣе»ә', 'crm:business-status:create', 3, 2, 2703, '', '', '', '', 0, b'1', b'1', b'1', '1',
        '2024-02-21 20:35:57', '1', '2024-02-21 20:35:57', b'0');
INSERT INTO `system_menu`
VALUES (2706, 'е•ҶжңәзҠ¶жҖҒжӣҙж–°', 'crm:business-status:update', 3, 3, 2703, '', '', '', '', 0, b'1', b'1', b'1', '1',
        '2024-02-21 20:36:21', '1', '2024-02-21 20:36:21', b'0');
INSERT INTO `system_menu`
VALUES (2707, 'е•ҶжңәзҠ¶жҖҒеҲ йҷӨ', 'crm:business-status:delete', 3, 4, 2703, '', '', '', '', 0, b'1', b'1', b'1', '1',
        '2024-02-21 20:36:36', '1', '2024-02-21 20:36:36', b'0');
INSERT INTO `system_menu`
VALUES (2708, 'еҗҲеҗҢй…ҚзҪ®', '', 2, 5, 2524, 'contract-config', 'ep:connection', 'crm/contract/config/index',
        'CrmContractConfig', 0, b'1', b'1', b'1', '1', '2024-02-24 16:44:40', '1', '2024-02-24 16:44:48', b'0');
INSERT INTO `system_menu`
VALUES (2709, 'е®ўжҲ·е…¬жө·й…ҚзҪ®жҹҘиҜў', 'crm:customer-pool-config:query', 3, 2, 2516, '', '', '', '', 0, b'1', b'1', b'1',
        '1', '2024-02-24 16:45:19', '1', '2024-02-24 16:45:28', b'0');
INSERT INTO `system_menu`
VALUES (2710, 'еҗҲеҗҢй…ҚзҪ®жӣҙж–°', 'crm:contract-config:update', 3, 1, 2708, '', '', '', '', 0, b'1', b'1', b'1', '1',
        '2024-02-24 16:45:56', '1', '2024-02-24 16:45:56', b'0');
INSERT INTO `system_menu`
VALUES (2711, 'еҗҲеҗҢй…ҚзҪ®жҹҘиҜў', 'crm:contract-config:query', 3, 2, 2708, '', '', '', '', 0, b'1', b'1', b'1', '1',
        '2024-02-24 16:46:16', '1', '2024-02-24 16:46:16', b'0');
INSERT INTO `system_menu`
VALUES (2712, 'е®ўжҲ·еҲҶжһҗ', 'crm:statistics-customer:query', 2, 0, 2560, 'customer', 'ep:avatar',
        'crm/statistics/customer/index.vue', 'CrmStatisticsCustomer', 0, b'1', b'1', b'1', '1', '2024-03-09 16:43:56',
        '1', '2024-05-04 20:38:50', b'0');
INSERT INTO `system_menu`
VALUES (2713, 'жҠ„йҖҒжҲ‘зҡ„', 'bpm:process-instance-cc:query', 2, 30, 1200, 'copy', 'ep:copy-document',
        'bpm/task/copy/index', 'BpmProcessInstanceCopy', 0, b'1', b'1', b'1', '1', '2024-03-17 21:50:23', '1',
        '2024-04-24 19:55:12', b'0');
INSERT INTO `system_menu`
VALUES (2714, 'жөҒзЁӢеҲҶзұ»', '', 2, 3, 1186, 'category', 'fa:object-ungroup', 'bpm/category/index', 'BpmCategory', 0, b'1',
        b'1', b'1', '', '2024-03-08 02:00:51', '1', '2024-03-21 23:51:18', b'0');
INSERT INTO `system_menu`
VALUES (2715, 'еҲҶзұ»жҹҘиҜў', 'bpm:category:query', 3, 1, 2714, '', '', '', '', 0, b'1', b'1', b'1', '',
        '2024-03-08 02:00:51', '1', '2024-03-19 14:36:25', b'0');
INSERT INTO `system_menu`
VALUES (2716, 'еҲҶзұ»еҲӣе»ә', 'bpm:category:create', 3, 2, 2714, '', '', '', '', 0, b'1', b'1', b'1', '',
        '2024-03-08 02:00:51', '1', '2024-03-19 14:36:31', b'0');
INSERT INTO `system_menu`
VALUES (2717, 'еҲҶзұ»жӣҙж–°', 'bpm:category:update', 3, 3, 2714, '', '', '', '', 0, b'1', b'1', b'1', '',
        '2024-03-08 02:00:51', '1', '2024-03-19 14:36:35', b'0');
INSERT INTO `system_menu`
VALUES (2718, 'еҲҶзұ»еҲ йҷӨ', 'bpm:category:delete', 3, 4, 2714, '', '', '', '', 0, b'1', b'1', b'1', '',
        '2024-03-08 02:00:51', '1', '2024-03-19 14:36:41', b'0');
INSERT INTO `system_menu`
VALUES (2720, 'еҸ‘иө·жөҒзЁӢ', '', 2, 0, 1200, 'create', 'fa-solid:grin-stars', 'bpm/processInstance/create/index',
        'BpmProcessInstanceCreate', 0, b'1', b'0', b'1', '1', '2024-03-19 19:46:05', '1', '2024-03-23 19:03:42', b'0');
INSERT INTO `system_menu`
VALUES (2721, 'жөҒзЁӢе®һдҫӢ', '', 2, 10, 1186, 'process-instance/manager', 'fa:square', 'bpm/processInstance/manager/index',
        'BpmProcessInstanceManager', 0, b'1', b'1', b'1', '1', '2024-03-21 23:57:30', '1', '2024-03-21 23:57:30', b'0');
INSERT INTO `system_menu`
VALUES (2722, 'жөҒзЁӢе®һдҫӢзҡ„жҹҘиҜўпјҲз®ЎзҗҶе‘ҳпјү', 'bpm:process-instance:manager-query', 3, 1, 2721, '', '', '', '', 0, b'1', b'1',
        b'1', '1', '2024-03-22 08:18:27', '1', '2024-03-22 08:19:05', b'0');
INSERT INTO `system_menu`
VALUES (2723, 'жөҒзЁӢе®һдҫӢзҡ„еҸ–ж¶ҲпјҲз®ЎзҗҶе‘ҳпјү', 'bpm:process-instance:cancel-by-admin', 3, 2, 2721, '', '', '', '', 0, b'1',
        b'1', b'1', '1', '2024-03-22 08:19:25', '1', '2024-03-22 08:19:25', b'0');
INSERT INTO `system_menu`
VALUES (2724, 'жөҒзЁӢд»»еҠЎ', '', 2, 11, 1186, 'process-tasnk', 'ep:collection-tag', 'bpm/task/manager/index',
        'BpmManagerTask', 0, b'1', b'1', b'1', '1', '2024-03-22 08:43:22', '1', '2024-03-22 08:43:27', b'0');
INSERT INTO `system_menu`
VALUES (2725, 'жөҒзЁӢд»»еҠЎзҡ„жҹҘиҜўпјҲз®ЎзҗҶе‘ҳпјү', 'bpm:task:mananger-query', 3, 1, 2724, '', '', '', '', 0, b'1', b'1', b'1', '1',
        '2024-03-22 08:43:49', '1', '2024-03-22 08:43:49', b'0');
INSERT INTO `system_menu`
VALUES (2726, 'жөҒзЁӢзӣ‘еҗ¬еҷЁ', '', 2, 5, 1186, 'process-listener', 'fa:assistive-listening-systems',
        'bpm/processListener/index', 'BpmProcessListener', 0, b'1', b'1', b'1', '', '2024-03-09 16:05:34', '1',
        '2024-03-23 13:13:38', b'0');
INSERT INTO `system_menu`
VALUES (2727, 'жөҒзЁӢзӣ‘еҗ¬еҷЁжҹҘиҜў', 'bpm:process-listener:query', 3, 1, 2726, '', '', '', NULL, 0, b'1', b'1', b'1', '',
        '2024-03-09 16:05:34', '', '2024-03-09 16:05:34', b'0');
INSERT INTO `system_menu`
VALUES (2728, 'жөҒзЁӢзӣ‘еҗ¬еҷЁеҲӣе»ә', 'bpm:process-listener:create', 3, 2, 2726, '', '', '', NULL, 0, b'1', b'1', b'1', '',
        '2024-03-09 16:05:34', '', '2024-03-09 16:05:34', b'0');
INSERT INTO `system_menu`
VALUES (2729, 'жөҒзЁӢзӣ‘еҗ¬еҷЁжӣҙж–°', 'bpm:process-listener:update', 3, 3, 2726, '', '', '', NULL, 0, b'1', b'1', b'1', '',
        '2024-03-09 16:05:34', '', '2024-03-09 16:05:34', b'0');
INSERT INTO `system_menu`
VALUES (2730, 'жөҒзЁӢзӣ‘еҗ¬еҷЁеҲ йҷӨ', 'bpm:process-listener:delete', 3, 4, 2726, '', '', '', NULL, 0, b'1', b'1', b'1', '',
        '2024-03-09 16:05:34', '', '2024-03-09 16:05:34', b'0');
INSERT INTO `system_menu`
VALUES (2731, 'жөҒзЁӢиЎЁиҫҫејҸ', '', 2, 6, 1186, 'process-expression', 'fa:wpexplorer', 'bpm/processExpression/index',
        'BpmProcessExpression', 0, b'1', b'1', b'1', '', '2024-03-09 22:35:08', '1', '2024-03-23 19:43:05', b'0');
INSERT INTO `system_menu`
VALUES (2732, 'жөҒзЁӢиЎЁиҫҫејҸжҹҘиҜў', 'bpm:process-expression:query', 3, 1, 2731, '', '', '', NULL, 0, b'1', b'1', b'1', '',
        '2024-03-09 22:35:08', '', '2024-03-09 22:35:08', b'0');
INSERT INTO `system_menu`
VALUES (2733, 'жөҒзЁӢиЎЁиҫҫејҸеҲӣе»ә', 'bpm:process-expression:create', 3, 2, 2731, '', '', '', NULL, 0, b'1', b'1', b'1', '',
        '2024-03-09 22:35:08', '', '2024-03-09 22:35:08', b'0');
INSERT INTO `system_menu`
VALUES (2734, 'жөҒзЁӢиЎЁиҫҫејҸжӣҙж–°', 'bpm:process-expression:update', 3, 3, 2731, '', '', '', NULL, 0, b'1', b'1', b'1', '',
        '2024-03-09 22:35:08', '', '2024-03-09 22:35:08', b'0');
INSERT INTO `system_menu`
VALUES (2735, 'жөҒзЁӢиЎЁиҫҫејҸеҲ йҷӨ', 'bpm:process-expression:delete', 3, 4, 2731, '', '', '', NULL, 0, b'1', b'1', b'1', '',
        '2024-03-09 22:35:08', '', '2024-03-09 22:35:08', b'0');
INSERT INTO `system_menu`
VALUES (2736, 'е‘ҳе·Ҙдёҡз»©', 'crm:statistics-performance:query', 2, 3, 2560, 'performance', 'ep:dish-dot',
        'crm/statistics/performance/index', 'CrmStatisticsPerformance', 0, b'1', b'1', b'1', '1', '2024-04-05 13:49:20',
        '1', '2024-04-24 19:42:43', b'0');
INSERT INTO `system_menu`
VALUES (2737, 'е®ўжҲ·з”»еғҸ', 'crm:statistics-portrait:query', 2, 4, 2560, 'portrait', 'ep:picture',
        'crm/statistics/portrait/index', 'CrmStatisticsPortrait', 0, b'1', b'1', b'1', '1', '2024-04-05 13:57:40', '1',
        '2024-04-24 19:42:24', b'0');
INSERT INTO `system_menu`
VALUES (2738, 'й”Җе”®жјҸж–—', 'crm:statistics-funnel:query', 2, 5, 2560, 'funnel', 'ep:grape',
        'crm/statistics/funnel/index', 'CrmStatisticsFunnel', 0, b'1', b'1', b'1', '1', '2024-04-13 10:53:26', '1',
        '2024-04-24 19:39:33', b'0');
INSERT INTO `system_menu`
VALUES (2739, 'ж¶ҲжҒҜдёӯеҝғ', '', 1, 7, 1, 'messages', 'ep:chat-dot-round', '', '', 0, b'1', b'1', b'1', '1',
        '2024-04-22 23:54:30', '1', '2024-04-23 09:36:35', b'0');
INSERT INTO `system_menu`
VALUES (2740, 'зӣ‘жҺ§дёӯеҝғ', '', 1, 10, 2, 'monitors', 'ep:monitor', '', '', 0, b'1', b'1', b'1', '1',
        '2024-04-23 00:04:44', '1', '2024-04-23 00:04:44', b'0');
INSERT INTO `system_menu`
VALUES (2741, 'йўҶеҸ–е…¬жө·е®ўжҲ·', 'crm:customer:receive', 3, 1, 2546, '', '', '', '', 0, b'1', b'1', b'1', '1',
        '2024-04-24 19:47:45', '1', '2024-04-24 19:47:45', b'0');
INSERT INTO `system_menu`
VALUES (2742, 'еҲҶй…Қе…¬жө·е®ўжҲ·', 'crm:customer:distribute', 3, 2, 2546, '', '', '', '', 0, b'1', b'1', b'1', '1',
        '2024-04-24 19:48:05', '1', '2024-04-24 19:48:05', b'0');
INSERT INTO `system_menu`
VALUES (2743, 'е•Ҷе“Ғз»ҹи®ЎжҹҘиҜў', 'statistics:product:query', 3, 1, 2545, '', '', '', '', 0, b'1', b'1', b'1', '1',
        '2024-04-24 19:50:05', '1', '2024-04-24 19:50:05', b'0');
INSERT INTO `system_menu`
VALUES (2744, 'е•Ҷе“Ғз»ҹи®ЎеҜјеҮә', 'statistics:product:export', 3, 2, 2545, '', '', '', '', 0, b'1', b'1', b'1', '1',
        '2024-04-24 19:50:26', '1', '2024-04-24 19:50:26', b'0');
INSERT INTO `system_menu`
VALUES (2745, 'ж”Ҝд»ҳжё йҒ“жҹҘиҜў', 'pay:channel:query', 3, 10, 1126, '', '', '', '', 0, b'1', b'1', b'1', '1',
        '2024-04-24 19:53:01', '1', '2024-04-24 19:53:01', b'0');
INSERT INTO `system_menu`
VALUES (2746, 'ж”Ҝд»ҳжё йҒ“еҲӣе»ә', 'pay:channel:create', 3, 11, 1126, '', '', '', '', 0, b'1', b'1', b'1', '1',
        '2024-04-24 19:53:18', '1', '2024-04-24 19:53:18', b'0');
INSERT INTO `system_menu`
VALUES (2747, 'ж”Ҝд»ҳжё йҒ“жӣҙж–°', 'pay:channel:update', 3, 12, 1126, '', '', '', '', 0, b'1', b'1', b'1', '1',
        '2024-04-24 19:53:32', '1', '2024-04-24 19:53:58', b'0');
INSERT INTO `system_menu`
VALUES (2748, 'ж”Ҝд»ҳжё йҒ“еҲ йҷӨ', 'pay:channel:delete', 3, 13, 1126, '', '', '', '', 0, b'1', b'1', b'1', '1',
        '2024-04-24 19:54:34', '1', '2024-04-24 19:54:34', b'0');
INSERT INTO `system_menu`
VALUES (2749, 'е•Ҷе“Ғж”¶и—ҸжҹҘиҜў', 'product:favorite:query', 3, 10, 2014, '', '', '', '', 0, b'1', b'1', b'1', '1',
        '2024-04-24 19:55:47', '1', '2024-04-24 19:55:47', b'0');
INSERT INTO `system_menu`
VALUES (2750, 'е•Ҷе“ҒжөҸи§ҲжҹҘиҜў', 'product:browse-history:query', 3, 20, 2014, '', '', '', '', 0, b'1', b'1', b'1', '1',
        '2024-04-24 19:57:43', '1', '2024-04-24 19:57:43', b'0');
INSERT INTO `system_menu`
VALUES (2751, 'е”®еҗҺеҗҢж„Ҹ', 'trade:after-sale:agree', 3, 2, 2073, '', '', '', '', 0, b'1', b'1', b'1', '1',
        '2024-04-24 19:58:40', '1', '2024-04-24 19:58:40', b'0');
INSERT INTO `system_menu`
VALUES (2752, 'е”®еҗҺдёҚеҗҢж„Ҹ', 'trade:after-sale:disagree', 3, 3, 2073, '', '', '', '', 0, b'1', b'1', b'1', '1',
        '2024-04-24 19:59:03', '1', '2024-04-24 19:59:03', b'0');
INSERT INTO `system_menu`
VALUES (2753, 'е”®еҗҺзЎ®и®ӨйҖҖиҙ§', 'trade:after-sale:receive', 3, 4, 2073, '', '', '', '', 0, b'1', b'1', b'1', '1',
        '2024-04-24 20:00:07', '1', '2024-04-24 20:00:07', b'0');
INSERT INTO `system_menu`
VALUES (2754, 'е”®еҗҺзЎ®и®ӨйҖҖж¬ҫ', 'trade:after-sale:refund', 3, 5, 2073, '', '', '', '', 0, b'1', b'1', b'1', '1',
        '2024-04-24 20:00:24', '1', '2024-04-24 20:00:24', b'0');
INSERT INTO `system_menu`
VALUES (2755, 'еҲ йҷӨйЎ№зӣ®', 'report:go-view-project:delete', 3, 2, 2153, '', '', '', '', 0, b'1', b'1', b'1', '1',
        '2024-04-24 20:01:37', '1', '2024-04-24 20:01:37', b'0');
INSERT INTO `system_menu`
VALUES (2756, 'дјҡе‘ҳзӯүзә§и®°еҪ•жҹҘиҜў', 'member:level-record:query', 3, 10, 2325, '', '', '', '', 0, b'1', b'1', b'1', '1',
        '2024-04-24 20:02:32', '1', '2024-04-24 20:02:32', b'0');
INSERT INTO `system_menu`
VALUES (2757, 'дјҡе‘ҳз»ҸйӘҢи®°еҪ•жҹҘиҜў', 'member:experience-record:query', 3, 11, 2325, '', '', '', '', 0, b'1', b'1', b'1',
        '1', '2024-04-24 20:02:51', '1', '2024-04-24 20:02:51', b'0');
INSERT INTO `system_menu`
VALUES (2758, 'AI еӨ§жЁЎеһӢ', '', 1, 400, 0, '/ai', 'tabler:ai', '', '', 1, b'1', b'1', b'1', '1', '2024-05-07 15:07:56',
        '1', '2026-03-16 15:24:05', b'0');
INSERT INTO `system_menu`
VALUES (2759, 'AI еҜ№иҜқ', '', 2, 1, 2758, 'chat', 'ep:message', 'ai/chat/index/index.vue', 'AiChat', 0, b'1', b'1', b'1',
        '1', '2024-05-07 15:09:14', '1', '2024-07-07 17:15:36', b'0');
INSERT INTO `system_menu`
VALUES (2760, 'жҺ§еҲ¶еҸ°', '', 1, 100, 2758, 'console', 'ep:setting', '', '', 0, b'1', b'1', b'1', '1',
        '2024-05-09 22:39:09', '1', '2024-05-24 23:34:21', b'0');
INSERT INTO `system_menu`
VALUES (2761, 'API еҜҶй’Ҙ', '', 2, 0, 2760, 'api-key', 'ep:key', 'ai/model/apiKey/index.vue', 'AiApiKey', 0, b'1', b'1',
        b'1', '', '2024-05-09 14:52:56', '1', '2024-05-10 22:44:08', b'0');
INSERT INTO `system_menu`
VALUES (2762, 'API еҜҶй’ҘжҹҘиҜў', 'ai:api-key:query', 3, 1, 2761, '', '', '', '', 0, b'1', b'1', b'1', '',
        '2024-05-09 14:52:56', '1', '2024-05-13 20:36:32', b'0');
INSERT INTO `system_menu`
VALUES (2763, 'API еҜҶй’ҘеҲӣе»ә', 'ai:api-key:create', 3, 2, 2761, '', '', '', '', 0, b'1', b'1', b'1', '',
        '2024-05-09 14:52:56', '1', '2024-05-13 20:36:26', b'0');
INSERT INTO `system_menu`
VALUES (2764, 'API еҜҶй’Ҙжӣҙж–°', 'ai:api-key:update', 3, 3, 2761, '', '', '', '', 0, b'1', b'1', b'1', '',
        '2024-05-09 14:52:56', '1', '2024-05-13 20:36:42', b'0');
INSERT INTO `system_menu`
VALUES (2765, 'API еҜҶй’ҘеҲ йҷӨ', 'ai:api-key:delete', 3, 4, 2761, '', '', '', '', 0, b'1', b'1', b'1', '',
        '2024-05-09 14:52:56', '1', '2024-05-13 20:36:48', b'0');
INSERT INTO `system_menu`
VALUES (2767, 'жЁЎеһӢй…ҚзҪ®', '', 2, 0, 2760, 'model', 'fa-solid:abacus', 'ai/model/model/index.vue', 'AiModel', 0, b'1',
        b'1', b'1', '', '2024-05-10 14:42:48', '1', '2025-03-03 09:57:41', b'0');
INSERT INTO `system_menu`
VALUES (2768, 'иҒҠеӨ©жЁЎеһӢжҹҘиҜў', 'ai:model:query', 3, 1, 2767, '', '', '', '', 0, b'1', b'1', b'1', '',
        '2024-05-10 14:42:48', '1', '2025-03-03 09:19:46', b'0');
INSERT INTO `system_menu`
VALUES (2769, 'иҒҠеӨ©жЁЎеһӢеҲӣе»ә', 'ai:model:create', 3, 2, 2767, '', '', '', '', 0, b'1', b'1', b'1', '',
        '2024-05-10 14:42:48', '1', '2025-03-03 09:20:10', b'0');
INSERT INTO `system_menu`
VALUES (2770, 'иҒҠеӨ©жЁЎеһӢжӣҙж–°', 'ai:model:update', 3, 3, 2767, '', '', '', '', 0, b'1', b'1', b'1', '',
        '2024-05-10 14:42:48', '1', '2025-03-03 09:20:14', b'0');
INSERT INTO `system_menu`
VALUES (2771, 'иҒҠеӨ©жЁЎеһӢеҲ йҷӨ', 'ai:model:delete', 3, 4, 2767, '', '', '', '', 0, b'1', b'1', b'1', '',
        '2024-05-10 14:42:48', '1', '2025-03-03 09:20:27', b'0');
INSERT INTO `system_menu`
VALUES (2773, 'иҒҠеӨ©и§’иүІ', '', 2, 0, 2760, 'chat-role', 'fa:user-secret', 'ai/model/chatRole/index.vue', 'AiChatRole', 0,
        b'1', b'1', b'1', '', '2024-05-13 12:39:28', '1', '2024-05-13 20:41:45', b'0');
INSERT INTO `system_menu`
VALUES (2774, 'иҒҠеӨ©и§’иүІжҹҘиҜў', 'ai:chat-role:query', 3, 1, 2773, '', '', '', NULL, 0, b'1', b'1', b'1', '',
        '2024-05-13 12:39:28', '', '2024-05-13 12:39:28', b'0');
INSERT INTO `system_menu`
VALUES (2775, 'иҒҠеӨ©и§’иүІеҲӣе»ә', 'ai:chat-role:create', 3, 2, 2773, '', '', '', NULL, 0, b'1', b'1', b'1', '',
        '2024-05-13 12:39:28', '', '2024-05-13 12:39:28', b'0');
INSERT INTO `system_menu`
VALUES (2776, 'иҒҠеӨ©и§’иүІжӣҙж–°', 'ai:chat-role:update', 3, 3, 2773, '', '', '', NULL, 0, b'1', b'1', b'1', '',
        '2024-05-13 12:39:28', '', '2024-05-13 12:39:28', b'0');
INSERT INTO `system_menu`
VALUES (2777, 'иҒҠеӨ©и§’иүІеҲ йҷӨ', 'ai:chat-role:delete', 3, 4, 2773, '', '', '', '', 0, b'1', b'1', b'1', '1',
        '2024-05-13 21:43:38', '1', '2024-05-13 21:43:38', b'0');
INSERT INTO `system_menu`
VALUES (2778, 'иҒҠеӨ©з®ЎзҗҶ', '', 2, 10, 2760, 'chat-conversation', 'ep:chat-square', 'ai/chat/manager/index.vue',
        'AiChatManager', 0, b'1', b'1', b'1', '', '2024-05-24 15:39:18', '1', '2024-06-26 21:36:56', b'0');
INSERT INTO `system_menu`
VALUES (2779, 'дјҡиҜқжҹҘиҜў', 'ai:chat-conversation:query', 3, 1, 2778, '', '', '', '', 0, b'1', b'1', b'1', '',
        '2024-05-24 15:39:18', '1', '2024-05-25 08:38:30', b'0');
INSERT INTO `system_menu`
VALUES (2780, 'дјҡиҜқеҲ йҷӨ', 'ai:chat-conversation:delete', 3, 2, 2778, '', '', '', '', 0, b'1', b'1', b'1', '',
        '2024-05-24 15:39:18', '1', '2024-05-25 08:38:40', b'0');
INSERT INTO `system_menu`
VALUES (2781, 'ж¶ҲжҒҜжҹҘиҜў', 'ai:chat-message:query', 3, 11, 2778, '', '', '', '', 0, b'1', b'1', b'1', '1',
        '2024-05-25 08:38:56', '1', '2024-05-25 08:38:56', b'0');
INSERT INTO `system_menu`
VALUES (2782, 'ж¶ҲжҒҜеҲ йҷӨ', 'ai:chat-message:delete', 3, 12, 2778, '', '', '', '', 0, b'1', b'1', b'1', '1',
        '2024-05-25 08:39:10', '1', '2024-05-25 08:39:10', b'0');
INSERT INTO `system_menu`
VALUES (2783, 'AI з»ҳз”»', '', 2, 2, 2758, 'image', 'ep:picture-rounded', 'ai/image/index/index.vue', 'AiImage', 0, b'1',
        b'1', b'1', '1', '2024-05-26 11:45:17', '1', '2024-07-07 17:18:59', b'0');
INSERT INTO `system_menu`
VALUES (2784, 'з»ҳз”»з®ЎзҗҶ', '', 2, 11, 2760, 'image', 'fa:file-image-o', 'ai/image/manager/index.vue', 'AiImageManager',
        0, b'1', b'1', b'1', '', '2024-06-26 13:32:31', '1', '2024-06-26 21:37:13', b'0');
INSERT INTO `system_menu`
VALUES (2785, 'з»ҳз”»жҹҘиҜў', 'ai:image:query', 3, 1, 2784, '', '', '', '', 0, b'1', b'1', b'1', '', '2024-06-26 13:32:31',
        '1', '2024-06-26 22:21:57', b'0');
INSERT INTO `system_menu`
VALUES (2786, 'з»ҳз”»еҲ йҷӨ', 'ai:image:delete', 3, 4, 2784, '', '', '', '', 0, b'1', b'1', b'1', '', '2024-06-26 13:32:31',
        '1', '2024-06-26 22:22:08', b'0');
INSERT INTO `system_menu`
VALUES (2787, 'з»ҳеӣҫжӣҙж–°', 'ai:image:update', 3, 2, 2784, '', '', '', '', 0, b'1', b'1', b'1', '1',
        '2024-06-26 22:47:56', '1', '2024-08-31 09:21:35', b'0');
INSERT INTO `system_menu`
VALUES (2788, 'йҹід№җз®ЎзҗҶ', '', 2, 12, 2760, 'music', 'fa:music', 'ai/music/manager/index.vue', 'AiMusicManager', 0, b'1',
        b'1', b'1', '', '2024-06-27 15:03:33', '1', '2024-06-27 23:04:19', b'0');
INSERT INTO `system_menu`
VALUES (2789, 'йҹід№җжҹҘиҜў', 'ai:music:query', 3, 1, 2788, '', '', '', NULL, 0, b'1', b'1', b'1', '',
        '2024-06-27 15:03:33', '', '2024-06-27 15:03:33', b'0');
INSERT INTO `system_menu`
VALUES (2790, 'йҹід№җжӣҙж–°', 'ai:music:update', 3, 3, 2788, '', '', '', NULL, 0, b'1', b'1', b'1', '',
        '2024-06-27 15:03:33', '', '2024-06-27 15:03:33', b'0');
INSERT INTO `system_menu`
VALUES (2791, 'йҹід№җеҲ йҷӨ', 'ai:music:delete', 3, 4, 2788, '', '', '', NULL, 0, b'1', b'1', b'1', '',
        '2024-06-27 15:03:33', '', '2024-06-27 15:03:33', b'0');
INSERT INTO `system_menu`
VALUES (2792, 'AI еҶҷдҪң', '', 2, 3, 2758, 'write', 'fa-solid:book-reader', 'ai/write/index/index.vue', 'AiWrite', 0,
        b'1', b'1', b'1', '1', '2024-07-08 09:26:44', '1', '2024-07-16 13:03:06', b'0');
INSERT INTO `system_menu`
VALUES (2793, 'еҶҷдҪңз®ЎзҗҶ', '', 2, 13, 2760, 'write', 'fa:bookmark-o', 'ai/write/manager/index.vue', 'AiWriteManager', 0,
        b'1', b'1', b'1', '', '2024-07-10 13:24:34', '1', '2024-07-10 21:31:59', b'0');
INSERT INTO `system_menu`
VALUES (2794, 'AI еҶҷдҪңжҹҘиҜў', 'ai:write:query', 3, 1, 2793, '', '', '', NULL, 0, b'1', b'1', b'1', '',
        '2024-07-10 13:24:34', '', '2024-07-10 13:24:34', b'0');
INSERT INTO `system_menu`
VALUES (2795, 'AI еҶҷдҪңеҲ йҷӨ', 'ai:write:delete', 3, 4, 2793, '', '', '', NULL, 0, b'1', b'1', b'1', '',
        '2024-07-10 13:24:34', '', '2024-07-10 13:24:34', b'0');
INSERT INTO `system_menu`
VALUES (2796, 'AI йҹід№җ', '', 2, 4, 2758, 'music', 'fa:music', 'ai/music/index/index.vue', 'AiMusic', 0, b'1', b'1',
        b'1', '1', '2024-07-17 09:21:12', '1', '2024-07-29 21:11:52', b'0');
INSERT INTO `system_menu`
VALUES (2797, 'е®ўжңҚдёӯеҝғ', '', 2, 100, 2362, 'kefu', 'fa-solid:user-alt', 'mall/promotion/kefu/index', 'KeFu', 0, b'1',
        b'1', b'1', '1', '2024-07-17 23:49:05', '1', '2024-07-17 23:49:16', b'0');
INSERT INTO `system_menu`
VALUES (2798, 'AI жҖқз»ҙеҜјеӣҫ', '', 2, 6, 2758, 'mind-map', 'fa:sitemap', 'ai/mindmap/index/index.vue', 'AiMindMap', 0,
        b'1', b'1', b'1', '1', '2024-07-29 21:31:59', '1', '2025-03-02 18:57:31', b'0');
INSERT INTO `system_menu`
VALUES (2799, 'еҜјеӣҫз®ЎзҗҶ', '', 2, 14, 2760, 'mind-map', 'fa:map', 'ai/mindmap/manager/index', 'AiMindMapManager', 0,
        b'1', b'1', b'1', '', '2024-08-10 09:15:09', '1', '2024-08-10 17:24:28', b'0');
INSERT INTO `system_menu`
VALUES (2800, 'жҖқз»ҙеҜјеӣҫжҹҘиҜў', 'ai:mind-map:query', 3, 1, 2799, '', '', '', NULL, 0, b'1', b'1', b'1', '',
        '2024-08-10 09:15:09', '', '2024-08-10 09:15:09', b'0');
INSERT INTO `system_menu`
VALUES (2801, 'жҖқз»ҙеҜјеӣҫеҲ йҷӨ', 'ai:mind-map:delete', 3, 4, 2799, '', '', '', NULL, 0, b'1', b'1', b'1', '',
        '2024-08-10 09:15:09', '', '2024-08-10 09:15:09', b'0');
INSERT INTO `system_menu`
VALUES (2802, 'дјҡиҜқжҹҘиҜў', 'promotion:kefu-conversation:query', 3, 1, 2797, '', '', '', '', 0, b'1', b'1', b'1', '1',
        '2024-08-31 09:17:52', '1', '2024-08-31 09:18:52', b'0');
INSERT INTO `system_menu`
VALUES (2803, 'дјҡиҜқжӣҙж–°', 'promotion:kefu-conversation:update', 3, 2, 2797, '', '', '', '', 0, b'1', b'1', b'1', '1',
        '2024-08-31 09:18:15', '1', '2024-08-31 09:19:29', b'0');
INSERT INTO `system_menu`
VALUES (2804, 'ж¶ҲжҒҜжҹҘиҜў', 'promotion:kefu-message:query', 3, 10, 2797, '', '', '', '', 0, b'1', b'1', b'1', '1',
        '2024-08-31 09:18:42', '1', '2024-08-31 09:18:42', b'0');
INSERT INTO `system_menu`
VALUES (2805, 'дјҡиҜқеҲ йҷӨ', 'promotion:kefu-conversation:delete', 3, 3, 2797, '', '', '', '', 0, b'1', b'1', b'1', '1',
        '2024-08-31 09:19:51', '1', '2024-08-31 09:20:32', b'0');
INSERT INTO `system_menu`
VALUES (2806, 'ж¶ҲжҒҜеҸ‘йҖҒ', 'promotion:kefu-message:send', 3, 12, 2797, '', '', '', '', 0, b'1', b'1', b'1', '1',
        '2024-08-31 09:20:06', '1', '2024-08-31 09:20:06', b'0');
INSERT INTO `system_menu`
VALUES (2807, 'ж¶ҲжҒҜжӣҙж–°', 'promotion:kefu-message:update', 3, 11, 2797, '', '', '', '', 0, b'1', b'1', b'1', '1',
        '2024-08-31 09:20:22', '1', '2024-08-31 09:20:22', b'0');
INSERT INTO `system_menu`
VALUES (2808, 'з§ҜеҲҶе•ҶеҹҺ', '', 2, 5, 2030, 'point-activity', 'ep:bowl', 'mall/promotion/point/activity/index',
        'PointActivity', 0, b'1', b'1', b'1', '', '2024-09-21 05:36:42', '1', '2024-09-23 09:14:43', b'0');
INSERT INTO `system_menu`
VALUES (2809, 'з§ҜеҲҶе•ҶеҹҺжҙ»еҠЁжҹҘиҜў', 'promotion:point-activity:query', 3, 1, 2808, '', '', '', '', 0, b'1', b'1', b'1', '',
        '2024-09-21 05:36:42', '1', '2024-09-22 14:49:05', b'0');
INSERT INTO `system_menu`
VALUES (2810, 'з§ҜеҲҶе•ҶеҹҺжҙ»еҠЁеҲӣе»ә', 'promotion:point-activity:create', 3, 2, 2808, '', '', '', '', 0, b'1', b'1', b'1',
        '', '2024-09-21 05:36:42', '1', '2024-09-22 14:49:08', b'0');
INSERT INTO `system_menu`
VALUES (2811, 'з§ҜеҲҶе•ҶеҹҺжҙ»еҠЁжӣҙж–°', 'promotion:point-activity:update', 3, 3, 2808, '', '', '', '', 0, b'1', b'1', b'1',
        '', '2024-09-21 05:36:42', '1', '2024-09-22 14:49:10', b'0');
INSERT INTO `system_menu`
VALUES (2812, 'з§ҜеҲҶе•ҶеҹҺжҙ»еҠЁеҲ йҷӨ', 'promotion:point-activity:delete', 3, 4, 2808, '', '', '', '', 0, b'1', b'1', b'1',
        '', '2024-09-21 05:36:42', '1', '2024-09-22 14:49:12', b'0');
INSERT INTO `system_menu`
VALUES (2813, 'з§ҜеҲҶе•ҶеҹҺжҙ»еҠЁеҜјеҮә', 'promotion:point-activity:export', 3, 5, 2808, '', '', '', '', 0, b'1', b'1', b'1',
        '', '2024-09-21 05:36:42', '1', '2024-09-22 14:49:27', b'0');
INSERT INTO `system_menu`
VALUES (2912, 'еҲӣе»әжҺЁе№ҝе‘ҳ', 'trade:brokerage-user:create', 3, 7, 2346, '', '', '', '', 0, b'1', b'1', b'1', '1',
        '2024-12-01 14:32:39', '1', '2024-12-01 14:32:39', b'0');
INSERT INTO `system_menu`
VALUES (2913, 'жөҒзЁӢжё…зҗҶ', 'bpm:model:clean', 3, 7, 1193, '', '', '', '', 0, b'1', b'1', b'1', '1',
        '2025-01-17 19:32:06', '1', '2025-01-17 19:32:06', b'0');
INSERT INTO `system_menu`
VALUES (2914, 'з§ҜеҲҶе•ҶеҹҺжҙ»еҠЁе…ій—ӯ', 'promotion:point-activity:close', 3, 6, 2808, '', '', '', '', 0, b'1', b'1', b'1',
        '1', '2025-01-23 20:23:34', '1', '2025-01-23 20:23:34', b'0');
INSERT INTO `system_menu`
VALUES (2915, 'AI зҹҘиҜҶеә“', '', 2, 5, 2758, 'knowledge', 'ep:notebook', 'ai/knowledge/knowledge/index', 'AiKnowledge', 0,
        b'1', b'1', b'1', '', '2025-02-28 07:04:21', '1', '2025-03-02 18:58:37', b'0');
INSERT INTO `system_menu`
VALUES (2916, 'AI зҹҘиҜҶеә“жҹҘиҜў', 'ai:knowledge:query', 3, 1, 2915, '', '', '', NULL, 0, b'1', b'1', b'1', '',
        '2025-02-28 07:04:21', '', '2025-02-28 07:04:21', b'0');
INSERT INTO `system_menu`
VALUES (2917, 'AI зҹҘиҜҶеә“еҲӣе»ә', 'ai:knowledge:create', 3, 2, 2915, '', '', '', NULL, 0, b'1', b'1', b'1', '',
        '2025-02-28 07:04:21', '', '2025-02-28 07:04:21', b'0');
INSERT INTO `system_menu`
VALUES (2918, 'AI зҹҘиҜҶеә“жӣҙж–°', 'ai:knowledge:update', 3, 3, 2915, '', '', '', NULL, 0, b'1', b'1', b'1', '',
        '2025-02-28 07:04:21', '', '2025-02-28 07:04:21', b'0');
INSERT INTO `system_menu`
VALUES (2919, 'AI зҹҘиҜҶеә“еҲ йҷӨ', 'ai:knowledge:delete', 3, 4, 2915, '', '', '', NULL, 0, b'1', b'1', b'1', '',
        '2025-02-28 07:04:21', '', '2025-02-28 07:04:21', b'0');
INSERT INTO `system_menu`
VALUES (2920, 'е·Ҙе…·з®ЎзҗҶ', '', 2, 0, 2760, 'tool', 'fa-solid:tools', 'ai/model/tool/index.vue', 'AiTool', 0, b'1', b'1',
        b'1', '', '2025-03-14 11:19:29', '1', '2025-03-14 19:20:18', b'0');
INSERT INTO `system_menu`
VALUES (2921, 'е·Ҙе…·жҹҘиҜў', 'ai:tool:query', 3, 1, 2920, '', '', '', NULL, 0, b'1', b'1', b'1', '', '2025-03-14 11:19:29',
        '', '2025-03-14 11:19:29', b'0');
INSERT INTO `system_menu`
VALUES (2922, 'е·Ҙе…·еҲӣе»ә', 'ai:tool:create', 3, 2, 2920, '', '', '', NULL, 0, b'1', b'1', b'1', '',
        '2025-03-14 11:19:29', '', '2025-03-14 11:19:29', b'0');
INSERT INTO `system_menu`
VALUES (2923, 'е·Ҙе…·жӣҙж–°', 'ai:tool:update', 3, 3, 2920, '', '', '', NULL, 0, b'1', b'1', b'1', '',
        '2025-03-14 11:19:29', '', '2025-03-14 11:19:29', b'0');
INSERT INTO `system_menu`
VALUES (2924, 'е·Ҙе…·еҲ йҷӨ', 'ai:tool:delete', 3, 4, 2920, '', '', '', NULL, 0, b'1', b'1', b'1', '',
        '2025-03-14 11:19:29', '', '2025-03-14 11:19:29', b'0');
INSERT INTO `system_menu`
VALUES (4000, 'IoT зү©иҒ”зҪ‘', '', 1, 500, 0, '/iot', 'fa-solid:hdd', '', '', 1, b'1', b'1', b'1', '1',
        '2024-08-10 09:55:28', '1', '2026-03-16 15:24:05', b'0');
INSERT INTO `system_menu`
VALUES (4001, 'и®ҫеӨҮжҺҘе…Ҙ', '', 1, 2, 4000, 'device', 'ep:platform', '', '', 0, b'1', b'1', b'1', '1',
        '2024-08-10 09:57:56', '1', '2025-02-27 08:39:49', b'0');
INSERT INTO `system_menu`
VALUES (4002, 'дә§е“Ғз®ЎзҗҶ', '', 2, 1, 4001, 'product', 'fa-solid:tools', 'iot/product/product/index', 'IoTProduct', 0,
        b'1', b'1', b'1', '', '2024-08-10 02:38:02', '1', '2025-06-15 20:56:06', b'0');
INSERT INTO `system_menu`
VALUES (4003, 'дә§е“ҒжҹҘиҜў', 'iot:product:query', 3, 1, 4002, '', '', '', NULL, 0, b'1', b'1', b'1', '',
        '2024-08-10 02:38:02', '', '2024-12-07 15:55:00', b'0');
INSERT INTO `system_menu`
VALUES (4004, 'дә§е“ҒеҲӣе»ә', 'iot:product:create', 3, 2, 4002, '', '', '', NULL, 0, b'1', b'1', b'1', '',
        '2024-08-10 02:38:02', '', '2024-12-07 15:55:03', b'0');
INSERT INTO `system_menu`
VALUES (4005, 'дә§е“Ғжӣҙж–°', 'iot:product:update', 3, 3, 4002, '', '', '', NULL, 0, b'1', b'1', b'1', '',
        '2024-08-10 02:38:02', '', '2024-12-07 15:55:05', b'0');
INSERT INTO `system_menu`
VALUES (4006, 'дә§е“ҒеҲ йҷӨ', 'iot:product:delete', 3, 4, 4002, '', '', '', NULL, 0, b'1', b'1', b'1', '',
        '2024-08-10 02:38:02', '', '2024-12-07 15:55:06', b'0');
INSERT INTO `system_menu`
VALUES (4007, 'дә§е“ҒеҜјеҮә', 'iot:product:export', 3, 5, 4002, '', '', '', NULL, 0, b'1', b'1', b'1', '',
        '2024-08-10 02:38:02', '', '2024-12-07 15:55:13', b'0');
INSERT INTO `system_menu`
VALUES (4008, 'и®ҫеӨҮз®ЎзҗҶ', '', 2, 2, 4001, 'device', 'fa:mobile', 'iot/device/device/index', 'IoTDevice', 0, b'1', b'1',
        b'1', '', '2024-09-16 18:48:19', '1', '2025-06-15 20:56:10', b'0');
INSERT INTO `system_menu`
VALUES (4009, 'и®ҫеӨҮжҹҘиҜў', 'iot:device:query', 3, 1, 4008, '', '', '', '', 0, b'1', b'1', b'1', '',
        '2024-09-16 18:48:19', '1', '2024-12-07 15:55:40', b'0');
INSERT INTO `system_menu`
VALUES (4010, 'и®ҫеӨҮеҲӣе»ә', 'iot:device:create', 3, 2, 4008, '', '', '', '', 0, b'1', b'1', b'1', '',
        '2024-09-16 18:48:19', '1', '2024-12-07 15:55:41', b'0');
INSERT INTO `system_menu`
VALUES (4011, 'и®ҫеӨҮжӣҙж–°', 'iot:device:update', 3, 3, 4008, '', '', '', '', 0, b'1', b'1', b'1', '',
        '2024-09-16 18:48:19', '1', '2024-12-07 15:55:42', b'0');
INSERT INTO `system_menu`
VALUES (4012, 'и®ҫеӨҮеҲ йҷӨ', 'iot:device:delete', 3, 4, 4008, '', '', '', '', 0, b'1', b'1', b'1', '',
        '2024-09-16 18:48:19', '1', '2024-12-07 15:55:43', b'0');
INSERT INTO `system_menu`
VALUES (4013, 'и®ҫеӨҮеҜјеҮә', 'iot:device:export', 3, 5, 4008, '', '', '', '', 0, b'1', b'1', b'1', '',
        '2024-09-16 18:48:19', '1', '2024-12-07 15:55:44', b'0');
INSERT INTO `system_menu`
VALUES (4014, 'дә§е“ҒеҲҶзұ»', '', 2, 3, 4001, 'product-category', 'ep:notebook', 'iot/product/category/index',
        'IotProductCategory', 0, b'1', b'1', b'1', '', '2024-12-07 16:01:35', '1', '2025-06-15 20:56:39', b'0');
INSERT INTO `system_menu`
VALUES (4015, 'дә§е“ҒеҲҶзұ»жҹҘиҜў', 'iot:product-category:query', 3, 1, 4014, '', '', '', NULL, 0, b'1', b'1', b'1', '',
        '2024-12-07 16:01:35', '', '2024-12-07 16:01:35', b'0');
INSERT INTO `system_menu`
VALUES (4016, 'дә§е“ҒеҲҶзұ»еҲӣе»ә', 'iot:product-category:create', 3, 2, 4014, '', '', '', NULL, 0, b'1', b'1', b'1', '',
        '2024-12-07 16:01:35', '', '2024-12-07 16:01:35', b'0');
INSERT INTO `system_menu`
VALUES (4017, 'дә§е“ҒеҲҶзұ»жӣҙж–°', 'iot:product-category:update', 3, 3, 4014, '', '', '', NULL, 0, b'1', b'1', b'1', '',
        '2024-12-07 16:01:35', '', '2024-12-07 16:01:35', b'0');
INSERT INTO `system_menu`
VALUES (4018, 'дә§е“ҒеҲҶзұ»еҲ йҷӨ', 'iot:product-category:delete', 3, 4, 4014, '', '', '', NULL, 0, b'1', b'1', b'1', '',
        '2024-12-07 16:01:35', '', '2024-12-07 16:01:35', b'0');
INSERT INTO `system_menu`
VALUES (4031, 'и®ҫеӨҮеҲҶз»„', '', 2, 3, 4001, 'device-group', 'fa-solid:layer-group', 'iot/device/group/index',
        'IotDeviceGroup', 0, b'1', b'1', b'1', '', '2024-12-14 17:08:29', '1', '2024-12-14 17:09:17', b'0');
INSERT INTO `system_menu`
VALUES (4032, 'и®ҫеӨҮеҲҶз»„жҹҘиҜў', 'iot:device-group:query', 3, 1, 4031, '', '', '', NULL, 0, b'1', b'1', b'1', '',
        '2024-12-14 17:08:29', '', '2024-12-14 17:08:29', b'0');
INSERT INTO `system_menu`
VALUES (4033, 'и®ҫеӨҮеҲҶз»„еҲӣе»ә', 'iot:device-group:create', 3, 2, 4031, '', '', '', NULL, 0, b'1', b'1', b'1', '',
        '2024-12-14 17:08:29', '', '2024-12-14 17:08:29', b'0');
INSERT INTO `system_menu`
VALUES (4034, 'и®ҫеӨҮеҲҶз»„жӣҙж–°', 'iot:device-group:update', 3, 3, 4031, '', '', '', NULL, 0, b'1', b'1', b'1', '',
        '2024-12-14 17:08:29', '', '2024-12-14 17:08:29', b'0');
INSERT INTO `system_menu`
VALUES (4035, 'и®ҫеӨҮеҲҶз»„еҲ йҷӨ', 'iot:device-group:delete', 3, 4, 4031, '', '', '', NULL, 0, b'1', b'1', b'1', '',
        '2024-12-14 17:08:29', '', '2024-12-14 17:08:29', b'0');
INSERT INTO `system_menu`
VALUES (4036, 'и®ҫеӨҮеҜје…Ҙ', 'iot:device:import', 3, 6, 4008, '', '', '', '', 0, b'1', b'1', b'1', '1',
        '2024-12-15 10:35:47', '1', '2024-12-15 10:35:47', b'0');
INSERT INTO `system_menu`
VALUES (4037, 'дә§е“Ғзү©жЁЎеһӢ', '', 2, 99, 4001, 'thing-model', 'ep:mostly-cloudy', 'iot/thingmodel/index', 'IoTThingModel',
        0, b'0', b'0', b'0', '', '2024-12-16 17:17:50', '1', '2025-06-15 20:56:19', b'0');
INSERT INTO `system_menu`
VALUES (4038, 'дә§е“Ғзү©жЁЎеһӢеҠҹиғҪжҹҘиҜў', 'iot:thing-model:query', 3, 1, 4037, '', '', '', NULL, 0, b'1', b'1', b'1', '',
        '2024-12-16 17:17:51', '', '2025-03-17 09:14:54', b'0');
INSERT INTO `system_menu`
VALUES (4039, 'дә§е“Ғзү©жЁЎеһӢеҠҹиғҪеҲӣе»ә', 'iot:thing-model:create', 3, 2, 4037, '', '', '', NULL, 0, b'1', b'1', b'1', '',
        '2024-12-16 17:17:52', '', '2025-03-17 09:14:58', b'0');
INSERT INTO `system_menu`
VALUES (4040, 'дә§е“Ғзү©жЁЎеһӢеҠҹиғҪжӣҙж–°', 'iot:thing-model:update', 3, 3, 4037, '', '', '', NULL, 0, b'1', b'1', b'1', '',
        '2024-12-16 17:17:52', '', '2025-03-17 09:15:03', b'0');
INSERT INTO `system_menu`
VALUES (4041, 'дә§е“Ғзү©жЁЎеһӢеҠҹиғҪеҲ йҷӨ', 'iot:thing-model:delete', 3, 4, 4037, '', '', '', NULL, 0, b'1', b'1', b'1', '',
        '2024-12-16 17:17:52', '', '2025-03-17 09:15:06', b'0');
INSERT INTO `system_menu`
VALUES (4042, 'дә§е“Ғзү©жЁЎеһӢеҠҹиғҪеҜјеҮә', 'iot:thing-model:export', 3, 5, 4037, '', '', '', NULL, 0, b'1', b'1', b'1', '',
        '2024-12-16 17:17:53', '', '2025-03-17 09:15:09', b'0');
INSERT INTO `system_menu`
VALUES (4043, 'и®ҫеӨҮж¶ҲжҒҜеҸ‘йҖҒ', 'iot:device:message-send', 3, 12, 4008, '', '', '', '', 0, b'1', b'1', b'1', '1',
        '2025-01-28 04:40:16', '1', '2025-06-14 14:09:26', b'0');
INSERT INTO `system_menu`
VALUES (4044, 'и®ҫеӨҮеұһжҖ§жҹҘиҜў', 'iot:device:property-query', 3, 10, 4008, '', '', '', '', 0, b'1', b'1', b'1', '1',
        '2025-01-28 11:52:54', '1', '2025-01-28 11:52:54', b'0');
INSERT INTO `system_menu`
VALUES (4045, 'и®ҫеӨҮж¶ҲжҒҜжҹҘиҜў', 'iot:device:message-query', 3, 11, 4008, '', '', '', '', 0, b'1', b'1', b'1', '1',
        '2025-01-28 11:53:22', '1', '2025-06-14 11:11:20', b'0');
INSERT INTO `system_menu`
VALUES (4047, 'иҝҗз»ҙз®ЎзҗҶ', '', 1, 4, 4000, 'operation', 'fa:align-center', '', '', 0, b'1', b'1', b'1', '1',
        '2025-02-05 22:21:37', '\"1\"', '2025-06-30 20:12:48', b'0');
INSERT INTO `system_menu`
VALUES (4048, 'и§„еҲҷеј•ж“Һ', '', 1, 3, 4000, 'rule', 'fa-solid:cogs', '', '', 0, b'1', b'1', b'1', '1',
        '2025-02-11 14:10:54', '1', '2025-02-11 14:10:54', b'0');
INSERT INTO `system_menu`
VALUES (4049, 'еңәжҷҜиҒ”еҠЁ', '', 2, 1, 4048, 'scene', 'ep:link', 'iot/rule/scene/index', 'IoTSceneRule', 0, b'1', b'1',
        b'1', '1', '2025-02-11 14:12:44', '\"1\"', '2025-08-09 15:38:32', b'0');
INSERT INTO `system_menu`
VALUES (4050, 'IoT йҰ–йЎө', '', 2, 1, 4000, 'home', 'ep:home-filled', 'iot/home/index', 'IotHome', 0, b'1', b'1', b'1',
        '1', '2025-02-27 08:39:35', '1', '2025-06-24 14:22:50', b'0');
INSERT INTO `system_menu`
VALUES (4051, 'ж•°жҚ®жөҒиҪ¬', '', 2, 2, 4048, 'data-rule', 'ep:guide', 'iot/rule/data/index', 'IoTDataRule', 0, b'1', b'1',
        b'1', '', '2025-03-09 13:47:11', '\"1\"', '2025-08-09 15:38:37', b'0');
INSERT INTO `system_menu`
VALUES (4052, 'ж•°жҚ®жөҒиҪ¬и§„еҲҷжҹҘиҜў', 'iot:data-rule:query', 3, 1, 4051, '', '', '', '', 0, b'1', b'1', b'1', '',
        '2025-03-09 13:47:11', '1', '2025-06-24 20:48:04', b'0');
INSERT INTO `system_menu`
VALUES (4053, 'ж•°жҚ®жөҒиҪ¬и§„еҲҷеҲӣе»ә', 'iot:data-rule:create', 3, 2, 4051, '', '', '', '', 0, b'1', b'1', b'1', '',
        '2025-03-09 13:47:11', '1', '2025-06-24 20:48:08', b'0');
INSERT INTO `system_menu`
VALUES (4054, 'ж•°жҚ®жөҒиҪ¬и§„еҲҷжӣҙж–°', 'iot:data-rule:update', 3, 3, 4051, '', '', '', '', 0, b'1', b'1', b'1', '',
        '2025-03-09 13:47:11', '1', '2025-06-24 20:48:11', b'0');
INSERT INTO `system_menu`
VALUES (4055, 'ж•°жҚ®жөҒиҪ¬и§„еҲҷеҲ йҷӨ', 'iot:data-rule:delete', 3, 4, 4051, '', '', '', '', 0, b'1', b'1', b'1', '',
        '2025-03-09 13:47:12', '1', '2025-06-24 20:48:15', b'0');
INSERT INTO `system_menu`
VALUES (5000, 'AI е·ҘдҪңжөҒ', '', 2, 5, 2758, 'workflow', 'fa:hand-grab-o', 'ai/workflow/index.vue', 'AiWorkflow', 0, b'1',
        b'1', b'1', '1', '2025-03-25 09:50:27', '1', '2025-05-03 18:55:12', b'0');
INSERT INTO `system_menu`
VALUES (5001, 'AI е·ҘдҪңжөҒжҹҘиҜў', 'ai:workflow:query', 3, 1, 5000, '', '', '', '', 0, b'1', b'1', b'1', '1',
        '2025-03-25 09:51:11', '1', '2025-03-25 09:51:11', b'0');
INSERT INTO `system_menu`
VALUES (5002, 'AI е·ҘдҪңжөҒеҲӣе»ә', 'ai:workflow:create', 3, 2, 5000, '', '', '', '', 0, b'1', b'1', b'1', '1',
        '2025-03-25 09:51:28', '1', '2025-03-25 09:51:28', b'0');
INSERT INTO `system_menu`
VALUES (5003, 'AI е·ҘдҪңжөҒжӣҙж–°', 'ai:workflow:update', 3, 3, 5000, '', '', '', '', 0, b'1', b'1', b'1', '1',
        '2025-03-25 09:51:42', '1', '2025-03-25 09:51:42', b'0');
INSERT INTO `system_menu`
VALUES (5004, 'AI е·ҘдҪңжөҒеҲ йҷӨ', 'ai:workflow:delete', 3, 4, 5000, '', '', '', '', 0, b'1', b'1', b'1', '1',
        '2025-03-25 09:51:55', '1', '2025-03-25 09:52:03', b'0');
INSERT INTO `system_menu`
VALUES (5005, 'AI е·ҘдҪңжөҒжөӢиҜ•', 'ai:workflow:test', 3, 5, 5000, '', '', '', '', 0, b'1', b'1', b'1', '1',
        '2025-03-30 10:29:41', '1', '2025-03-30 10:29:41', b'0');
INSERT INTO `system_menu`
VALUES (5009, 'д»ӘиЎЁзӣҳи®ҫи®ЎеҷЁ', '', 2, 1, 1281, 'jimu-bi', 'fa:y-combinator', 'report/jmreport/bi', 'JimuBI', 0, b'1',
        b'1', b'1', '1', '2025-05-03 09:57:15', '1', '2025-05-03 10:02:05', b'0');
INSERT INTO `system_menu`
VALUES (5010, 'з§ҹжҲ·еҲҮжҚў', 'system:tenant:visit', 3, 999, 1138, '', '', '', '', 0, b'1', b'1', b'1', '1',
        '2025-05-05 15:25:32', '1', '2025-05-05 15:25:32', b'0');
INSERT INTO `system_menu`
VALUES (5011, 'иҪ¬иҙҰи®ўеҚ•жҹҘиҜў', 'pay:transfer:query', 3, 1, 2559, '', '', '', '', 0, b'1', b'1', b'1', '1',
        '2025-05-08 12:46:53', '1', '2025-05-08 12:46:53', b'0');
INSERT INTO `system_menu`
VALUES (5012, 'иҪ¬иҙҰи®ўеҚ•еҜјеҮә', 'pay:transfer:export', 3, 2, 2559, '', '', '', '', 0, b'1', b'1', b'1', '1',
        '2025-05-10 17:00:28', '1', '2025-05-10 17:00:28', b'0');
INSERT INTO `system_menu`
VALUES (5013, 'еңәжҷҜиҒ”еҠЁжҹҘиҜў', 'iot:rule-scene:query', 3, 1, 4049, '', '', '', '', 0, b'1', b'1', b'1', '1',
        '2025-06-20 16:53:01', '1', '2025-06-20 16:53:01', b'0');
INSERT INTO `system_menu`
VALUES (5014, 'еңәжҷҜиҒ”еҠЁеҲӣе»ә', 'iot:rule-scene:create', 3, 2, 4049, '', '', '', '', 0, b'1', b'1', b'1', '1',
        '2025-06-20 16:54:31', '1', '2025-06-20 16:54:31', b'0');
INSERT INTO `system_menu`
VALUES (5015, 'еңәжҷҜиҒ”еҠЁжӣҙж–°', 'iot:rule-scene:update', 3, 3, 4049, '', '', '', '', 0, b'1', b'1', b'1', '1',
        '2025-06-20 16:54:47', '1', '2025-06-20 16:54:47', b'0');
INSERT INTO `system_menu`
VALUES (5016, 'еңәжҷҜиҒ”еҠЁеҲ йҷӨ', 'iot:rule-scene:delete', 3, 4, 4049, '', '', '', '', 0, b'1', b'1', b'1', '1',
        '2025-06-20 16:55:04', '1', '2025-06-20 16:55:27', b'0');
INSERT INTO `system_menu`
VALUES (5017, 'еңәжҷҜиҒ”еҠЁеҜјеҮә', 'iot:rule-scene:export', 3, 5, 4049, '', '', '', '', 0, b'1', b'1', b'1', '1',
        '2025-06-20 16:57:56', '1', '2025-06-20 16:57:56', b'0');
INSERT INTO `system_menu`
VALUES (5018, 'ж•°жҚ®жөҒиҪ¬зӣ®зҡ„жҹҘиҜў', 'iot:data-sink:query', 3, 11, 4051, '', '', '', '', 0, b'1', b'1', b'1', '1',
        '2025-06-24 20:48:40', '1', '2025-06-24 20:48:40', b'0');
INSERT INTO `system_menu`
VALUES (5019, 'ж•°жҚ®жөҒиҪ¬зӣ®зҡ„еҲӣе»ә', 'iot:data-sink:create', 3, 12, 4051, '', '', '', '', 0, b'1', b'1', b'1', '1',
        '2025-06-24 20:48:57', '1', '2025-06-24 20:48:57', b'0');
INSERT INTO `system_menu`
VALUES (5020, 'ж•°жҚ®жөҒиҪ¬зӣ®зҡ„жӣҙж–°', 'iot:data-sink:update', 3, 13, 4051, '', '', '', '', 0, b'1', b'1', b'1', '1',
        '2025-06-24 20:49:10', '1', '2025-06-24 20:49:10', b'0');
INSERT INTO `system_menu`
VALUES (5021, 'ж•°жҚ®жөҒиҪ¬зӣ®зҡ„еҲ йҷӨ', 'iot:data-sink:delete', 3, 14, 4051, '', '', '', '', 0, b'1', b'1', b'1', '1',
        '2025-06-24 20:49:23', '1', '2025-06-24 20:49:23', b'0');
INSERT INTO `system_menu`
VALUES (5022, 'е‘ҠиӯҰй…ҚзҪ®', '', 2, 1, 5028, 'config', 'fa:connectdevelop', 'iot/alert/config/index', 'IotAlertConfig', 0,
        b'1', b'1', b'1', '', '2025-06-27 14:28:59', '1', '2025-06-27 22:31:19', b'0');
INSERT INTO `system_menu`
VALUES (5023, 'е‘ҠиӯҰй…ҚзҪ®жҹҘиҜў', 'iot:alert-config:query', 3, 1, 5022, '', '', '', '', 0, b'1', b'1', b'1', '',
        '2025-06-27 14:28:59', '1', '2025-06-28 16:00:31', b'0');
INSERT INTO `system_menu`
VALUES (5024, 'е‘ҠиӯҰй…ҚзҪ®еҲӣе»ә', 'iot:alert-config:create', 3, 2, 5022, '', '', '', '', 0, b'1', b'1', b'1', '',
        '2025-06-27 14:28:59', '1', '2025-06-28 16:00:35', b'0');
INSERT INTO `system_menu`
VALUES (5025, 'е‘ҠиӯҰй…ҚзҪ®жӣҙж–°', 'iot:alert-config:update', 3, 3, 5022, '', '', '', '', 0, b'1', b'1', b'1', '',
        '2025-06-27 14:28:59', '1', '2025-06-28 16:00:43', b'0');
INSERT INTO `system_menu`
VALUES (5026, 'е‘ҠиӯҰй…ҚзҪ®еҲ йҷӨ', 'iot:alert-config:delete', 3, 4, 5022, '', '', '', '', 0, b'1', b'1', b'1', '',
        '2025-06-27 14:29:00', '1', '2025-06-28 16:00:39', b'0');
INSERT INTO `system_menu`
VALUES (5028, 'е‘ҠиӯҰдёӯеҝғ', '', 1, 3, 4000, 'alert', 'fa:soundcloud', '', '', 0, b'1', b'1', b'1', '1',
        '2025-06-27 22:30:04', '1', '2025-06-27 22:30:19', b'0');
INSERT INTO `system_menu`
VALUES (5029, 'е‘ҠиӯҰи®°еҪ•', '', 2, 2, 5028, 'record', 'fa-solid:record-vinyl', 'iot/alert/record/index', 'IotAlertRecord',
        0, b'1', b'1', b'1', '', '2025-06-28 07:59:32', '1', '2025-06-28 16:01:48', b'0');
INSERT INTO `system_menu`
VALUES (5030, 'е‘ҠиӯҰи®°еҪ•жҹҘиҜў', 'iot:alert-record:query', 3, 1, 5029, '', '', '', '', 0, b'1', b'1', b'1', '',
        '2025-06-28 07:59:32', '1', '2025-06-28 16:00:53', b'0');
INSERT INTO `system_menu`
VALUES (5031, 'е‘ҠиӯҰи®°еҪ•еӨ„зҗҶ', 'iot:alert-record:process', 3, 2, 5029, '', '', '', '', 0, b'1', b'1', b'1', '',
        '2025-06-28 07:59:32', '1', '2025-06-28 16:01:04', b'0');
INSERT INTO `system_menu`
VALUES (5032, 'OTA еӣәд»¶', '', 2, 1, 4047, 'ota/firmware', 'fa-solid:award', 'iot/ota/firmware/index', 'IoTOtaFirmware',
        0, b'1', b'1', b'1', '', '2025-06-30 07:50:29', '\"1\"', '2025-06-30 20:13:28', b'0');
INSERT INTO `system_menu`
VALUES (5033, 'OTA еӣәд»¶жҹҘиҜў', 'iot:ota-firmware:query', 3, 1, 5032, '', '', '', '', 0, b'1', b'1', b'1', '',
        '2025-06-30 07:50:29', '\"1\"', '2025-06-30 17:38:12', b'0');
INSERT INTO `system_menu`
VALUES (5034, 'OTA еӣәд»¶еҲӣе»ә', 'iot:ota-firmware:create', 3, 2, 5032, '', '', '', '', 0, b'1', b'1', b'1', '',
        '2025-06-30 07:50:29', '\"1\"', '2025-06-30 17:38:21', b'0');
INSERT INTO `system_menu`
VALUES (5035, 'OTA еӣәд»¶жӣҙж–°', 'iot:ota-firmware:update', 3, 3, 5032, '', '', '', '', 0, b'1', b'1', b'1', '',
        '2025-06-30 07:50:29', '\"1\"', '2025-06-30 17:38:29', b'0');
INSERT INTO `system_menu`
VALUES (5036, 'OTA еӣәд»¶еҲ йҷӨ', 'iot:ota-firmware:delete', 3, 4, 5032, '', '', '', '', 0, b'1', b'1', b'1', '',
        '2025-06-30 07:50:29', '\"1\"', '2025-06-30 17:38:37', b'0');
INSERT INTO `system_menu`
VALUES (5037, 'OTA еҚҮзә§д»»еҠЎжҹҘиҜў', 'iot:ota-task:create', 3, 11, 5032, '', '', '', '', 0, b'1', b'1', b'1', '1',
        '2025-07-02 23:56:56', '1', '2025-07-02 23:56:56', b'0');
INSERT INTO `system_menu`
VALUES (5038, 'OTA еҚҮзә§д»»еҠЎеҸ–ж¶Ҳ', 'iot:ota-task:cancel', 3, 13, 5032, '', '', '', '', 0, b'1', b'1', b'1', '1',
        '2025-07-02 23:57:26', '1', '2025-07-02 23:57:26', b'0');
INSERT INTO `system_menu`
VALUES (5039, 'OTA еҚҮзә§д»»еҠЎеҲӣе»ә', 'iot:ota-task:create', 3, 12, 5032, '', '', '', '', 0, b'1', b'1', b'1', '1',
        '2025-07-02 23:57:52', '1', '2025-07-02 23:57:52', b'0');
INSERT INTO `system_menu`
VALUES (5040, 'OTA еҚҮзә§и®°еҪ•жҹҘиҜў', 'iot:ota-task-record:query', 3, 21, 5032, '', '', '', '', 0, b'1', b'1', b'1', '1',
        '2025-07-02 23:58:30', '1', '2025-07-02 23:58:30', b'0');
INSERT INTO `system_menu`
VALUES (5041, 'OTA еҚҮзә§и®°еҪ•еҸ–ж¶Ҳ', 'iot:ota-task-record:cancel', 3, 23, 5032, '', '', '', '', 0, b'1', b'1', b'1', '1',
        '2025-07-02 23:59:18', '1', '2025-07-02 23:59:18', b'0');
INSERT INTO `system_menu`
VALUES (5042, 'жЁЎзүҲж¶ҲжҒҜ', '', 2, 5, 2084, 'message-template', 'ep:notebook', 'mp/messageTemplate/index',
        'MpMessageTemplate', 0, b'1', b'1', b'1', '1', '2025-11-26 16:45:35', '1', '2025-11-26 18:44:52', b'0');
INSERT INTO `system_menu`
VALUES (5043, 'жҹҘиҜўжЁЎзүҲж¶ҲжҒҜ', 'mp:message-template:query', 3, 1, 5042, '', '', '', '', 0, b'1', b'1', b'1', '1',
        '2025-11-26 17:00:15', '1', '2025-11-26 18:45:00', b'0');
INSERT INTO `system_menu`
VALUES (5044, 'еҲ йҷӨжЁЎзүҲж¶ҲжҒҜ', 'mp:message-template:delete', 3, 2, 5042, '', '', '', '', 0, b'1', b'1', b'1', '1',
        '2025-11-26 17:00:31', '1', '2025-11-26 18:45:05', b'0');
INSERT INTO `system_menu`
VALUES (5045, 'еҗҢжӯҘе…¬дј—еҸ·жЁЎжқҝ', 'mp:message-template:sync', 3, 3, 5042, '', '', '', '', 0, b'1', b'1', b'1', '1',
        '2025-11-26 17:00:55', '1', '2025-11-26 17:00:55', b'0');
INSERT INTO `system_menu`
VALUES (5046, 'з»ҷзІүдёқеҸ‘йҖҒжЁЎзүҲж¶ҲжҒҜ', 'mp:message-template:send', 3, 4, 5042, '', '', '', '', 0, b'1', b'1', b'1', '1',
        '2025-11-26 17:01:11', '1', '2025-11-26 17:01:11', b'0');
INSERT INTO `system_menu`
VALUES (6000, 'е®һж—¶йЈҺжҺ§', '', 1, 600, 0, '/risk', 'ep:warning', NULL, NULL, 0, b'1', b'1', b'1', 'admin',
        '2026-03-16 15:29:15', 'admin', '2026-03-16 15:29:15', b'0');
INSERT INTO `system_menu`
VALUES (6001, 'йЈҺжҺ§жҖ»и§Ҳ', '', 1, 1, 6000, 'overview', 'ep:data-analysis', NULL, NULL, 0, b'1', b'1', b'1', 'admin',
        '2026-03-16 15:29:15', 'admin', '2026-03-16 15:29:15', b'0');
INSERT INTO `system_menu`
VALUES (6002, 'й…ҚзҪ®дёӯеҝғ', '', 1, 2, 6000, 'config', 'ep:setting', NULL, NULL, 0, b'1', b'1', b'1', 'admin',
        '2026-03-16 15:29:15', 'admin', '2026-03-16 15:29:15', b'0');
INSERT INTO `system_menu`
VALUES (6003, 'еҸ‘еёғдёӯеҝғ', '', 1, 3, 6000, 'release', 'ep:upload-filled', NULL, NULL, 0, b'1', b'1', b'1', 'admin',
        '2026-03-16 15:29:15', 'admin', '2026-03-16 15:29:15', b'0');
INSERT INTO `system_menu`
VALUES (6004, 'д»ҝзңҹжөӢиҜ•', '', 1, 4, 6000, 'simulation', 'ep:cpu', NULL, NULL, 0, b'1', b'1', b'1', 'admin',
        '2026-03-16 15:29:15', 'admin', '2026-03-16 15:29:15', b'0');
INSERT INTO `system_menu`
VALUES (6005, 'жҹҘиҜўеҲҶжһҗ', '', 1, 5, 6000, 'query', 'ep:histogram', NULL, NULL, 0, b'1', b'1', b'1', 'admin',
        '2026-03-16 15:29:15', 'admin', '2026-03-16 15:29:15', b'0');
INSERT INTO `system_menu`
VALUES (6006, 'е‘ҠиӯҰдёӯеҝғ', '', 1, 6, 6000, 'alert', 'ep:bell', NULL, NULL, 0, b'1', b'1', b'1', 'admin',
        '2026-03-16 15:29:15', 'admin', '2026-03-16 15:29:15', b'0');
INSERT INTO `system_menu`
VALUES (6007, 'жҺҘе…ҘжІ»зҗҶ', '', 1, 7, 6000, 'access', 'ep:guide', NULL, NULL, 0, b'1', b'1', b'1', 'admin',
        '2026-03-16 15:29:15', 'admin', '2026-03-16 15:29:15', b'0');
INSERT INTO `system_menu`
VALUES (6010, 'Dashboard', '', 2, 1, 6001, 'dashboard', 'ep:odometer', 'risk/overview/dashboard/index', 'RiskDashboard',
        0, b'1', b'1', b'1', 'admin', '2026-03-16 15:29:15', 'admin', '2026-03-16 15:29:15', b'0');
INSERT INTO `system_menu`
VALUES (6020, 'еңәжҷҜз®ЎзҗҶ', '', 2, 1, 6002, 'scene', 'ep:collection', 'risk/config/scene/index', 'RiskScene', 0, b'1',
        b'1', b'1', 'admin', '2026-03-16 15:29:15', 'admin', '2026-03-16 15:29:15', b'0');
INSERT INTO `system_menu`
VALUES (6021, 'дәӢд»¶жЁЎеһӢ', '', 2, 2, 6002, 'event-model', 'ep:document', 'risk/config/event-model/index',
        'RiskEventModel', 0, b'1', b'1', b'1', 'admin', '2026-03-16 15:29:15', 'admin', '2026-03-16 15:29:15', b'0');
INSERT INTO `system_menu`
VALUES (6022, 'е®һдҪ“зұ»еһӢ', '', 2, 3, 6002, 'entity-type', 'ep:user', 'risk/config/entity-type/index', 'RiskEntityType',
        0, b'1', b'1', b'1', 'admin', '2026-03-16 15:29:15', 'admin', '2026-03-16 15:29:15', b'0');
INSERT INTO `system_menu`
VALUES (6023, 'еҗҚеҚ•дёӯеҝғ', '', 2, 4, 6002, 'list-center', 'ep:finished', 'risk/config/list-center/index',
        'RiskListCenter', 0, b'1', b'1', b'1', 'admin', '2026-03-16 15:29:15', 'admin', '2026-03-16 15:29:15', b'0');
INSERT INTO `system_menu`
VALUES (6024, 'зү№еҫҒдёӯеҝғ', '', 2, 5, 6002, 'feature-center', 'ep:trend-charts', 'risk/config/feature-center/index',
        'RiskFeatureCenter', 0, b'1', b'1', b'1', 'admin', '2026-03-16 15:29:15', 'admin', '2026-03-16 15:29:15', b'0');
INSERT INTO `system_menu`
VALUES (6025, 'и§„еҲҷдёӯеҝғ', '', 2, 6, 6002, 'rule-center', 'ep:connection', 'risk/config/rule-center/index',
        'RiskRuleCenter', 0, b'1', b'1', b'1', 'admin', '2026-03-16 15:29:15', 'admin', '2026-03-16 15:29:15', b'0');
INSERT INTO `system_menu`
VALUES (6026, 'зӯ–з•Ҙдёӯеҝғ', '', 2, 7, 6002, 'policy-center', 'ep:share', 'risk/config/policy-center/index',
        'RiskPolicyCenter', 0, b'1', b'1', b'1', 'admin', '2026-03-16 15:29:15', 'admin', '2026-03-16 15:29:15', b'0');
INSERT INTO `system_menu`
VALUES (6030, 'еҸ‘еёғз®ЎзҗҶ', '', 2, 1, 6003, 'manage', 'ep:promotion', 'risk/release/manage/index', 'RiskReleaseManage', 0,
        b'1', b'1', b'1', 'admin', '2026-03-16 15:29:15', 'admin', '2026-03-16 15:29:15', b'0');
INSERT INTO `system_menu`
VALUES (6031, 'еҸ‘еёғи®°еҪ•', '', 2, 2, 6003, 'record', 'ep:tickets', 'risk/release/record/index', 'RiskReleaseRecord', 0,
        b'1', b'1', b'1', 'admin', '2026-03-16 15:29:15', 'admin', '2026-03-16 15:29:15', b'0');
INSERT INTO `system_menu`
VALUES (6032, 'зүҲжң¬еҜ№жҜ” / еӣһж»ҡ', '', 2, 3, 6003, 'diff-rollback', 'ep:refresh-left', 'risk/release/diff-rollback/index',
        'RiskReleaseDiffRollback', 0, b'1', b'1', b'1', 'admin', '2026-03-16 15:29:15', 'admin', '2026-03-16 15:29:15',
        b'0');
INSERT INTO `system_menu`
VALUES (6040, 'еҚ•жқЎдәӢд»¶д»ҝзңҹ', '', 2, 1, 6004, 'event', 'ep:edit-pen', 'risk/simulation/event/index',
        'RiskSimulationEvent', 0, b'1', b'1', b'1', 'admin', '2026-03-16 15:29:15', 'admin', '2026-03-16 15:29:15',
        b'0');
INSERT INTO `system_menu`
VALUES (6041, 'д»ҝзңҹз”ЁдҫӢ', '', 2, 2, 6004, 'case', 'ep:files', 'risk/simulation/case/index', 'RiskSimulationCase', 0,
        b'1', b'1', b'1', 'admin', '2026-03-16 15:29:15', 'admin', '2026-03-16 15:29:15', b'0');
INSERT INTO `system_menu`
VALUES (6042, 'д»ҝзңҹжҠҘе‘Ҡ', '', 2, 3, 6004, 'report', 'ep:data-analysis', 'risk/simulation/report/index',
        'RiskSimulationReport', 0, b'1', b'1', b'1', 'admin', '2026-03-16 15:29:15', 'admin', '2026-03-16 15:29:15',
        b'0');
INSERT INTO `system_menu`
VALUES (6050, 'еҶізӯ–ж—Ҙеҝ—', '', 2, 1, 6005, 'decision-log', 'ep:list', 'risk/query/decision-log/index', 'RiskDecisionLog',
        0, b'1', b'1', b'1', 'admin', '2026-03-16 15:29:15', 'admin', '2026-03-16 15:29:15', b'0');
INSERT INTO `system_menu`
VALUES (6051, 'е‘ҪдёӯжҳҺз»Ҷ', '', 2, 2, 6005, 'hit-detail', 'ep:document-checked', 'risk/query/hit-detail/index',
        'RiskHitDetail', 0, b'1', b'1', b'1', 'admin', '2026-03-16 15:29:15', 'admin', '2026-03-16 15:29:15', b'0');
INSERT INTO `system_menu`
VALUES (6052, 'йЈҺйҷ©дәӢд»¶жҹҘиҜў', '', 2, 3, 6005, 'risk-event', 'ep:warning-filled', 'risk/query/risk-event/index',
        'RiskRiskEvent', 0, b'1', b'1', b'1', 'admin', '2026-03-16 15:29:15', 'admin', '2026-03-16 15:29:15', b'0');
INSERT INTO `system_menu`
VALUES (6060, 'е‘ҠиӯҰй…ҚзҪ®', '', 2, 1, 6006, 'config', 'ep:message-box', 'risk/alert/config/index', 'RiskAlertConfig', 0,
        b'1', b'1', b'1', 'admin', '2026-03-16 15:29:15', 'admin', '2026-03-16 15:29:15', b'0');
INSERT INTO `system_menu`
VALUES (6061, 'е‘ҠиӯҰи®°еҪ•', '', 2, 2, 6006, 'record', 'ep:chat-line-square', 'risk/alert/record/index', 'RiskAlertRecord',
        0, b'1', b'1', b'1', 'admin', '2026-03-16 15:29:15', 'admin', '2026-03-16 15:29:15', b'0');
INSERT INTO `system_menu`
VALUES (6070, 'жҺҘе…Ҙжәҗз®ЎзҗҶ', '', 2, 1, 6007, 'source', 'ep:link', 'risk/access/source/index', 'RiskAccessSource', 0,
        b'1', b'1', b'1', 'admin', '2026-03-16 15:29:15', 'admin', '2026-03-16 15:29:15', b'0');
INSERT INTO `system_menu`
VALUES (6071, 'йүҙжқғй…ҚзҪ®', '', 2, 2, 6007, 'auth', 'ep:key', 'risk/access/auth/index', 'RiskAccessAuth', 0, b'1', b'1',
        b'1', 'admin', '2026-03-16 15:29:15', 'admin', '2026-03-16 15:29:15', b'0');
INSERT INTO `system_menu`
VALUES (6072, 'й”ҷиҜҜжІ»зҗҶ', '', 2, 3, 6007, 'error', 'ep:circle-close-filled', 'risk/access/error/index',
        'RiskAccessError', 0, b'1', b'1', b'1', 'admin', '2026-03-16 15:29:15', 'admin', '2026-03-16 15:29:15', b'0');
INSERT INTO `system_menu`
VALUES (6073, 'жҺҘе…ҘжҢҮеј•', '', 2, 4, 6007, 'guide', 'ep:reading', 'risk/access/guide/index', 'RiskAccessGuide', 0, b'1',
        b'1', b'1', 'admin', '2026-03-16 15:29:15', 'admin', '2026-03-16 15:29:15', b'0');

-- ----------------------------
-- Table structure for system_notice
-- ----------------------------
DROP TABLE IF EXISTS `system_notice`;
CREATE TABLE `system_notice`
(
    `id`          bigint                                                       NOT NULL AUTO_INCREMENT COMMENT 'е…¬е‘ҠID',
    `title`       varchar(50) CHARACTER SET utf8mb4 COLLATE utf8mb4_unicode_ci NOT NULL COMMENT 'е…¬е‘Ҡж Үйўҳ',
    `content`     text CHARACTER SET utf8mb4 COLLATE utf8mb4_unicode_ci        NOT NULL COMMENT 'е…¬е‘ҠеҶ…е®№',
    `type`        tinyint                                                      NOT NULL COMMENT 'е…¬е‘Ҡзұ»еһӢпјҲ1йҖҡзҹҘ 2е…¬е‘Ҡпјү',
    `status`      tinyint                                                      NOT NULL DEFAULT 0 COMMENT 'е…¬е‘ҠзҠ¶жҖҒпјҲ0жӯЈеёё 1е…ій—ӯпјү',
    `creator`     varchar(64) CHARACTER SET utf8mb4 COLLATE utf8mb4_unicode_ci NULL     DEFAULT '' COMMENT 'еҲӣе»әиҖ…',
    `create_time` datetime                                                     NOT NULL DEFAULT CURRENT_TIMESTAMP COMMENT 'еҲӣе»әж—¶й—ҙ',
    `updater`     varchar(64) CHARACTER SET utf8mb4 COLLATE utf8mb4_unicode_ci NULL     DEFAULT '' COMMENT 'жӣҙж–°иҖ…',
    `update_time` datetime                                                     NOT NULL DEFAULT CURRENT_TIMESTAMP ON UPDATE CURRENT_TIMESTAMP COMMENT 'жӣҙж–°ж—¶й—ҙ',
    `deleted`     bit(1)                                                       NOT NULL DEFAULT b'0' COMMENT 'жҳҜеҗҰеҲ йҷӨ',
    `tenant_id`   bigint                                                       NOT NULL DEFAULT 0 COMMENT 'з§ҹжҲ·зј–еҸ·',
    PRIMARY KEY (`id`) USING BTREE
) ENGINE = InnoDB
  AUTO_INCREMENT = 5
  CHARACTER SET = utf8mb4
  COLLATE = utf8mb4_unicode_ci COMMENT = 'йҖҡзҹҘе…¬е‘ҠиЎЁ'
  ROW_FORMAT = Dynamic;

-- ----------------------------
-- Records of system_notice
-- ----------------------------
INSERT INTO `system_notice`
VALUES (1, 'иҠӢйҒ“зҡ„е…¬дј—', '<p>ж–°зүҲжң¬еҶ…е®№133222</p>', 1, 0, 'admin', '2021-01-05 17:03:48', '\"1\"',
        '2025-08-31 09:38:22', b'0', 1);
INSERT INTO `system_notice`
VALUES (2, 'з»ҙжҠӨйҖҡзҹҘпјҡ2018-07-01 зі»з»ҹеҮҢжҷЁз»ҙжҠӨ',
        '<p><img src=\"http://test.pulsix.iocoder.cn/b7cb3cf49b4b3258bf7309a09dd2f4e5.jpg\" alt=\"\" data-href=\"\">11112222<img src=\"http://test.pulsix.iocoder.cn/fe44fc7bdb82ca421184b2eebbaee9e2148d4a1827479a4eb4521e11d2a062ba.png\" alt=\"image\" data-href=\"http://test.pulsix.iocoder.cn/fe44fc7bdb82ca421184b2eebbaee9e2148d4a1827479a4eb4521e11d2a062ba.png\">3333</p>',
        2, 1, 'admin', '2021-01-05 17:03:48', '1', '2025-04-18 23:56:40', b'0', 1);
INSERT INTO `system_notice`
VALUES (4, 'жҲ‘жҳҜжөӢиҜ•ж Үйўҳ', '<p>е“Ҳе“Ҳе“Ҳе“Ҳ123</p>', 1, 0, '110', '2022-02-22 01:01:25', '110', '2022-02-22 01:01:46', b'0',
        121);

-- ----------------------------
-- Table structure for system_notify_message
-- ----------------------------
DROP TABLE IF EXISTS `system_notify_message`;
CREATE TABLE `system_notify_message`
(
    `id`                bigint                                                         NOT NULL AUTO_INCREMENT COMMENT 'з”ЁжҲ·ID',
    `user_id`           bigint                                                         NOT NULL COMMENT 'з”ЁжҲ·id',
    `user_type`         tinyint                                                        NOT NULL COMMENT 'з”ЁжҲ·зұ»еһӢ',
    `template_id`       bigint                                                         NOT NULL COMMENT 'жЁЎзүҲзј–еҸ·',
    `template_code`     varchar(64) CHARACTER SET utf8mb4 COLLATE utf8mb4_unicode_ci   NOT NULL COMMENT 'жЁЎжқҝзј–з Ғ',
    `template_nickname` varchar(63) CHARACTER SET utf8mb4 COLLATE utf8mb4_unicode_ci   NOT NULL COMMENT 'жЁЎзүҲеҸ‘йҖҒдәәеҗҚз§°',
    `template_content`  varchar(1024) CHARACTER SET utf8mb4 COLLATE utf8mb4_unicode_ci NOT NULL COMMENT 'жЁЎзүҲеҶ…е®№',
    `template_type`     int                                                            NOT NULL COMMENT 'жЁЎзүҲзұ»еһӢ',
    `template_params`   varchar(255) CHARACTER SET utf8mb4 COLLATE utf8mb4_unicode_ci  NOT NULL COMMENT 'жЁЎзүҲеҸӮж•°',
    `read_status`       bit(1)                                                         NOT NULL COMMENT 'жҳҜеҗҰе·ІиҜ»',
    `read_time`         datetime                                                       NULL     DEFAULT NULL COMMENT 'йҳ…иҜ»ж—¶й—ҙ',
    `creator`           varchar(64) CHARACTER SET utf8mb4 COLLATE utf8mb4_unicode_ci   NULL     DEFAULT '' COMMENT 'еҲӣе»әиҖ…',
    `create_time`       datetime                                                       NOT NULL DEFAULT CURRENT_TIMESTAMP COMMENT 'еҲӣе»әж—¶й—ҙ',
    `updater`           varchar(64) CHARACTER SET utf8mb4 COLLATE utf8mb4_unicode_ci   NULL     DEFAULT '' COMMENT 'жӣҙж–°иҖ…',
    `update_time`       datetime                                                       NOT NULL DEFAULT CURRENT_TIMESTAMP ON UPDATE CURRENT_TIMESTAMP COMMENT 'жӣҙж–°ж—¶й—ҙ',
    `deleted`           bit(1)                                                         NOT NULL DEFAULT b'0' COMMENT 'жҳҜеҗҰеҲ йҷӨ',
    `tenant_id`         bigint                                                         NOT NULL DEFAULT 0 COMMENT 'з§ҹжҲ·зј–еҸ·',
    PRIMARY KEY (`id`) USING BTREE
) ENGINE = InnoDB
  AUTO_INCREMENT = 11
  CHARACTER SET = utf8mb4
  COLLATE = utf8mb4_unicode_ci COMMENT = 'з«ҷеҶ…дҝЎж¶ҲжҒҜиЎЁ'
  ROW_FORMAT = Dynamic;

-- ----------------------------
-- Records of system_notify_message
-- ----------------------------
INSERT INTO `system_notify_message`
VALUES (2, 1, 2, 1, 'test', '123', 'жҲ‘жҳҜ 1пјҢжҲ‘ејҖе§Ӣ 2 дәҶ', 1, '{\"name\":\"1\",\"what\":\"2\"}', b'1',
        '2025-04-21 14:59:37', '1', '2023-01-28 11:44:08', '1', '2025-04-21 14:59:37', b'0', 1);
INSERT INTO `system_notify_message`
VALUES (3, 1, 2, 1, 'test', '123', 'жҲ‘жҳҜ 1пјҢжҲ‘ејҖе§Ӣ 2 дәҶ', 1, '{\"name\":\"1\",\"what\":\"2\"}', b'1',
        '2025-04-21 14:59:37', '1', '2023-01-28 11:45:04', '1', '2025-04-21 14:59:37', b'0', 1);
INSERT INTO `system_notify_message`
VALUES (4, 103, 2, 2, 'register', 'зі»з»ҹж¶ҲжҒҜ', 'дҪ еҘҪпјҢж¬ўиҝҺ е“Ҳе“Ҳ еҠ е…ҘеӨ§е®¶еәӯпјҒ', 2, '{\"name\":\"е“Ҳе“Ҳ\"}', b'0', NULL, '1',
        '2023-01-28 21:02:20', '1', '2023-01-28 21:02:20', b'0', 1);
INSERT INTO `system_notify_message`
VALUES (5, 1, 2, 1, 'test', '123', 'жҲ‘жҳҜ иҠӢиүҝпјҢжҲ‘ејҖе§Ӣ еҶҷд»Јз Ғ дәҶ', 1, '{\"name\":\"иҠӢиүҝ\",\"what\":\"еҶҷд»Јз Ғ\"}', b'1',
        '2025-04-21 14:59:37', '1', '2023-01-28 22:21:42', '1', '2025-04-21 14:59:37', b'0', 1);
INSERT INTO `system_notify_message`
VALUES (6, 1, 2, 1, 'test', '123', 'жҲ‘жҳҜ иҠӢиүҝпјҢжҲ‘ејҖе§Ӣ еҶҷд»Јз Ғ дәҶ', 1, '{\"name\":\"иҠӢиүҝ\",\"what\":\"еҶҷд»Јз Ғ\"}', b'1',
        '2025-04-21 14:59:36', '1', '2023-01-28 22:22:07', '1', '2025-04-21 14:59:36', b'0', 1);
INSERT INTO `system_notify_message`
VALUES (7, 1, 2, 1, 'test', '123', 'жҲ‘жҳҜ 2пјҢжҲ‘ејҖе§Ӣ 3 дәҶ', 1, '{\"name\":\"2\",\"what\":\"3\"}', b'1',
        '2025-04-21 14:59:35', '1', '2023-01-28 23:45:21', '1', '2025-04-21 14:59:35', b'0', 1);
INSERT INTO `system_notify_message`
VALUES (8, 1, 2, 2, 'register', 'зі»з»ҹж¶ҲжҒҜ', 'дҪ еҘҪпјҢж¬ўиҝҺ 123 еҠ е…ҘеӨ§е®¶еәӯпјҒ', 2, '{\"name\":\"123\"}', b'1',
        '2025-04-21 14:59:35', '1', '2023-01-28 23:50:21', '1', '2025-04-21 14:59:35', b'0', 1);
INSERT INTO `system_notify_message`
VALUES (9, 247, 1, 4, 'brokerage_withdraw_audit_approve', 'system',
        'жӮЁеңЁ2023-09-28 08:35:46жҸҗзҺ°пҝҘ0.09е…ғзҡ„з”іиҜ·е·ІйҖҡиҝҮе®Ўж ё', 2,
        '{\"reason\":null,\"createTime\":\"2023-09-28 08:35:46\",\"price\":\"0.09\"}', b'0', NULL, '1',
        '2023-09-28 16:36:22', '1', '2023-09-28 16:36:22', b'0', 1);
INSERT INTO `system_notify_message`
VALUES (10, 247, 1, 4, 'brokerage_withdraw_audit_approve', 'system',
        'жӮЁеңЁ2023-09-30 20:59:40жҸҗзҺ°пҝҘ1.00е…ғзҡ„з”іиҜ·е·ІйҖҡиҝҮе®Ўж ё', 2,
        '{\"reason\":null,\"createTime\":\"2023-09-30 20:59:40\",\"price\":\"1.00\"}', b'0', NULL, '1',
        '2023-10-03 12:11:34', '1', '2023-10-03 12:11:34', b'0', 1);

-- ----------------------------
-- Table structure for system_notify_template
-- ----------------------------
DROP TABLE IF EXISTS `system_notify_template`;
CREATE TABLE `system_notify_template`
(
    `id`          bigint                                                         NOT NULL AUTO_INCREMENT COMMENT 'дё»й”®',
    `name`        varchar(63) CHARACTER SET utf8mb4 COLLATE utf8mb4_unicode_ci   NOT NULL COMMENT 'жЁЎжқҝеҗҚз§°',
    `code`        varchar(64) CHARACTER SET utf8mb4 COLLATE utf8mb4_unicode_ci   NOT NULL COMMENT 'жЁЎзүҲзј–з Ғ',
    `nickname`    varchar(255) CHARACTER SET utf8mb4 COLLATE utf8mb4_unicode_ci  NOT NULL COMMENT 'еҸ‘йҖҒдәәеҗҚз§°',
    `content`     varchar(1024) CHARACTER SET utf8mb4 COLLATE utf8mb4_unicode_ci NOT NULL COMMENT 'жЁЎзүҲеҶ…е®№',
    `type`        tinyint                                                        NOT NULL COMMENT 'зұ»еһӢ',
    `params`      varchar(255) CHARACTER SET utf8mb4 COLLATE utf8mb4_unicode_ci  NULL     DEFAULT NULL COMMENT 'еҸӮж•°ж•°з»„',
    `status`      tinyint                                                        NOT NULL COMMENT 'зҠ¶жҖҒ',
    `remark`      varchar(255) CHARACTER SET utf8mb4 COLLATE utf8mb4_unicode_ci  NULL     DEFAULT NULL COMMENT 'еӨҮжіЁ',
    `creator`     varchar(64) CHARACTER SET utf8mb4 COLLATE utf8mb4_unicode_ci   NULL     DEFAULT '' COMMENT 'еҲӣе»әиҖ…',
    `create_time` datetime                                                       NOT NULL DEFAULT CURRENT_TIMESTAMP COMMENT 'еҲӣе»әж—¶й—ҙ',
    `updater`     varchar(64) CHARACTER SET utf8mb4 COLLATE utf8mb4_unicode_ci   NULL     DEFAULT '' COMMENT 'жӣҙж–°иҖ…',
    `update_time` datetime                                                       NOT NULL DEFAULT CURRENT_TIMESTAMP ON UPDATE CURRENT_TIMESTAMP COMMENT 'жӣҙж–°ж—¶й—ҙ',
    `deleted`     bit(1)                                                         NOT NULL DEFAULT b'0' COMMENT 'жҳҜеҗҰеҲ йҷӨ',
    PRIMARY KEY (`id`) USING BTREE
) ENGINE = InnoDB
  AUTO_INCREMENT = 6
  CHARACTER SET = utf8mb4
  COLLATE = utf8mb4_unicode_ci COMMENT = 'з«ҷеҶ…дҝЎжЁЎжқҝиЎЁ'
  ROW_FORMAT = Dynamic;

-- ----------------------------
-- Records of system_notify_template
-- ----------------------------

-- ----------------------------
-- Table structure for system_oauth2_access_token
-- ----------------------------
DROP TABLE IF EXISTS `system_oauth2_access_token`;
CREATE TABLE `system_oauth2_access_token`
(
    `id`            bigint                                                        NOT NULL AUTO_INCREMENT COMMENT 'зј–еҸ·',
    `user_id`       bigint                                                        NOT NULL COMMENT 'з”ЁжҲ·зј–еҸ·',
    `user_type`     tinyint                                                       NOT NULL COMMENT 'з”ЁжҲ·зұ»еһӢ',
    `user_info`     varchar(512) CHARACTER SET utf8mb4 COLLATE utf8mb4_unicode_ci NOT NULL COMMENT 'з”ЁжҲ·дҝЎжҒҜ',
    `access_token`  varchar(255) CHARACTER SET utf8mb4 COLLATE utf8mb4_unicode_ci NOT NULL COMMENT 'и®ҝй—®д»ӨзүҢ',
    `refresh_token` varchar(32) CHARACTER SET utf8mb4 COLLATE utf8mb4_unicode_ci  NOT NULL COMMENT 'еҲ·ж–°д»ӨзүҢ',
    `client_id`     varchar(255) CHARACTER SET utf8mb4 COLLATE utf8mb4_unicode_ci NOT NULL COMMENT 'е®ўжҲ·з«Ҝзј–еҸ·',
    `scopes`        varchar(255) CHARACTER SET utf8mb4 COLLATE utf8mb4_unicode_ci NULL     DEFAULT NULL COMMENT 'жҺҲжқғиҢғеӣҙ',
    `expires_time`  datetime                                                      NOT NULL COMMENT 'иҝҮжңҹж—¶й—ҙ',
    `creator`       varchar(64) CHARACTER SET utf8mb4 COLLATE utf8mb4_unicode_ci  NULL     DEFAULT '' COMMENT 'еҲӣе»әиҖ…',
    `create_time`   datetime                                                      NOT NULL DEFAULT CURRENT_TIMESTAMP COMMENT 'еҲӣе»әж—¶й—ҙ',
    `updater`       varchar(64) CHARACTER SET utf8mb4 COLLATE utf8mb4_unicode_ci  NULL     DEFAULT '' COMMENT 'жӣҙж–°иҖ…',
    `update_time`   datetime                                                      NOT NULL DEFAULT CURRENT_TIMESTAMP ON UPDATE CURRENT_TIMESTAMP COMMENT 'жӣҙж–°ж—¶й—ҙ',
    `deleted`       bit(1)                                                        NOT NULL DEFAULT b'0' COMMENT 'жҳҜеҗҰеҲ йҷӨ',
    `tenant_id`     bigint                                                        NOT NULL DEFAULT 0 COMMENT 'з§ҹжҲ·зј–еҸ·',
    PRIMARY KEY (`id`) USING BTREE,
    INDEX `idx_access_token` (`access_token` ASC) USING BTREE,
    INDEX `idx_refresh_token` (`refresh_token` ASC) USING BTREE
) ENGINE = InnoDB
  AUTO_INCREMENT = 39738
  CHARACTER SET = utf8mb4
  COLLATE = utf8mb4_unicode_ci COMMENT = 'OAuth2 и®ҝй—®д»ӨзүҢ'
  ROW_FORMAT = Dynamic;

-- ----------------------------
-- Records of system_oauth2_access_token
-- ----------------------------
INSERT INTO `system_oauth2_access_token`
VALUES (39737, 1, 2, '{\"nickname\":\"иҠӢйҒ“жәҗз Ғ\",\"deptId\":\"103\"}', '38f3e8001fb94819b3005415251eeaef',
        'aa10083fb0f24024ab3aafda99c57015', 'default', NULL, '2026-03-16 15:52:03', NULL, '2026-03-16 15:22:03', NULL,
        '2026-03-16 15:22:03', b'0', 1);

-- ----------------------------
-- Table structure for system_oauth2_approve
-- ----------------------------
DROP TABLE IF EXISTS `system_oauth2_approve`;
CREATE TABLE `system_oauth2_approve`
(
    `id`           bigint                                                        NOT NULL AUTO_INCREMENT COMMENT 'зј–еҸ·',
    `user_id`      bigint                                                        NOT NULL COMMENT 'з”ЁжҲ·зј–еҸ·',
    `user_type`    tinyint                                                       NOT NULL COMMENT 'з”ЁжҲ·зұ»еһӢ',
    `client_id`    varchar(255) CHARACTER SET utf8mb4 COLLATE utf8mb4_unicode_ci NOT NULL COMMENT 'е®ўжҲ·з«Ҝзј–еҸ·',
    `scope`        varchar(255) CHARACTER SET utf8mb4 COLLATE utf8mb4_unicode_ci NOT NULL DEFAULT '' COMMENT 'жҺҲжқғиҢғеӣҙ',
    `approved`     bit(1)                                                        NOT NULL DEFAULT b'0' COMMENT 'жҳҜеҗҰжҺҘеҸ—',
    `expires_time` datetime                                                      NOT NULL COMMENT 'иҝҮжңҹж—¶й—ҙ',
    `creator`      varchar(64) CHARACTER SET utf8mb4 COLLATE utf8mb4_unicode_ci  NULL     DEFAULT '' COMMENT 'еҲӣе»әиҖ…',
    `create_time`  datetime                                                      NOT NULL DEFAULT CURRENT_TIMESTAMP COMMENT 'еҲӣе»әж—¶й—ҙ',
    `updater`      varchar(64) CHARACTER SET utf8mb4 COLLATE utf8mb4_unicode_ci  NULL     DEFAULT '' COMMENT 'жӣҙж–°иҖ…',
    `update_time`  datetime                                                      NOT NULL DEFAULT CURRENT_TIMESTAMP ON UPDATE CURRENT_TIMESTAMP COMMENT 'жӣҙж–°ж—¶й—ҙ',
    `deleted`      bit(1)                                                        NOT NULL DEFAULT b'0' COMMENT 'жҳҜеҗҰеҲ йҷӨ',
    `tenant_id`    bigint                                                        NOT NULL DEFAULT 0 COMMENT 'з§ҹжҲ·зј–еҸ·',
    PRIMARY KEY (`id`) USING BTREE
) ENGINE = InnoDB
  AUTO_INCREMENT = 84
  CHARACTER SET = utf8mb4
  COLLATE = utf8mb4_unicode_ci COMMENT = 'OAuth2 жү№еҮҶиЎЁ'
  ROW_FORMAT = Dynamic;

-- ----------------------------
-- Records of system_oauth2_approve
-- ----------------------------

-- ----------------------------
-- Table structure for system_oauth2_client
-- ----------------------------
DROP TABLE IF EXISTS `system_oauth2_client`;
CREATE TABLE `system_oauth2_client`
(
    `id`                             bigint                                                         NOT NULL AUTO_INCREMENT COMMENT 'зј–еҸ·',
    `client_id`                      varchar(255) CHARACTER SET utf8mb4 COLLATE utf8mb4_unicode_ci  NOT NULL COMMENT 'е®ўжҲ·з«Ҝзј–еҸ·',
    `secret`                         varchar(255) CHARACTER SET utf8mb4 COLLATE utf8mb4_unicode_ci  NOT NULL COMMENT 'е®ўжҲ·з«ҜеҜҶй’Ҙ',
    `name`                           varchar(255) CHARACTER SET utf8mb4 COLLATE utf8mb4_unicode_ci  NOT NULL COMMENT 'еә”з”ЁеҗҚ',
    `logo`                           varchar(255) CHARACTER SET utf8mb4 COLLATE utf8mb4_unicode_ci  NOT NULL COMMENT 'еә”з”Ёеӣҫж Ү',
    `description`                    varchar(255) CHARACTER SET utf8mb4 COLLATE utf8mb4_unicode_ci  NULL     DEFAULT NULL COMMENT 'еә”з”ЁжҸҸиҝ°',
    `status`                         tinyint                                                        NOT NULL COMMENT 'зҠ¶жҖҒ',
    `access_token_validity_seconds`  int                                                            NOT NULL COMMENT 'и®ҝй—®д»ӨзүҢзҡ„жңүж•Ҳжңҹ',
    `refresh_token_validity_seconds` int                                                            NOT NULL COMMENT 'еҲ·ж–°д»ӨзүҢзҡ„жңүж•Ҳжңҹ',
    `redirect_uris`                  varchar(255) CHARACTER SET utf8mb4 COLLATE utf8mb4_unicode_ci  NOT NULL COMMENT 'еҸҜйҮҚе®ҡеҗ‘зҡ„ URI ең°еқҖ',
    `authorized_grant_types`         varchar(255) CHARACTER SET utf8mb4 COLLATE utf8mb4_unicode_ci  NOT NULL COMMENT 'жҺҲжқғзұ»еһӢ',
    `scopes`                         varchar(255) CHARACTER SET utf8mb4 COLLATE utf8mb4_unicode_ci  NULL     DEFAULT NULL COMMENT 'жҺҲжқғиҢғеӣҙ',
    `auto_approve_scopes`            varchar(255) CHARACTER SET utf8mb4 COLLATE utf8mb4_unicode_ci  NULL     DEFAULT NULL COMMENT 'иҮӘеҠЁйҖҡиҝҮзҡ„жҺҲжқғиҢғеӣҙ',
    `authorities`                    varchar(255) CHARACTER SET utf8mb4 COLLATE utf8mb4_unicode_ci  NULL     DEFAULT NULL COMMENT 'жқғйҷҗ',
    `resource_ids`                   varchar(255) CHARACTER SET utf8mb4 COLLATE utf8mb4_unicode_ci  NULL     DEFAULT NULL COMMENT 'иө„жәҗ',
    `additional_information`         varchar(4096) CHARACTER SET utf8mb4 COLLATE utf8mb4_unicode_ci NULL     DEFAULT NULL COMMENT 'йҷ„еҠ дҝЎжҒҜ',
    `creator`                        varchar(64) CHARACTER SET utf8mb4 COLLATE utf8mb4_unicode_ci   NULL     DEFAULT '' COMMENT 'еҲӣе»әиҖ…',
    `create_time`                    datetime                                                       NOT NULL DEFAULT CURRENT_TIMESTAMP COMMENT 'еҲӣе»әж—¶й—ҙ',
    `updater`                        varchar(64) CHARACTER SET utf8mb4 COLLATE utf8mb4_unicode_ci   NULL     DEFAULT '' COMMENT 'жӣҙж–°иҖ…',
    `update_time`                    datetime                                                       NOT NULL DEFAULT CURRENT_TIMESTAMP ON UPDATE CURRENT_TIMESTAMP COMMENT 'жӣҙж–°ж—¶й—ҙ',
    `deleted`                        bit(1)                                                         NOT NULL DEFAULT b'0' COMMENT 'жҳҜеҗҰеҲ йҷӨ',
    PRIMARY KEY (`id`) USING BTREE
) ENGINE = InnoDB
  AUTO_INCREMENT = 43
  CHARACTER SET = utf8mb4
  COLLATE = utf8mb4_unicode_ci COMMENT = 'OAuth2 е®ўжҲ·з«ҜиЎЁ'
  ROW_FORMAT = Dynamic;

-- ----------------------------
-- Records of system_oauth2_client
-- ----------------------------
INSERT INTO `system_oauth2_client`
VALUES (1, 'default', 'admin123', 'иҠӢйҒ“жәҗз Ғ', 'http://test.pulsix.iocoder.cn/20250502/sort2_1746189740718.png',
        'жҲ‘жҳҜжҸҸиҝ°', 0, 1800, 2592000, '[\"https://www.iocoder.cn\",\"https://doc.iocoder.cn\"]',
        '[\"password\",\"authorization_code\",\"implicit\",\"refresh_token\",\"client_credentials\"]',
        '[\"user.read\",\"user.write\"]', '[]', '[\"user.read\",\"user.write\"]', '[]', '{}', '1',
        '2022-05-11 21:47:12', '1', '2025-08-21 10:04:50', b'0');
INSERT INTO `system_oauth2_client`
VALUES (40, 'test', 'test2', 'biubiu',
        'http://test.pulsix.iocoder.cn/xx/20250502/ed07110a37464b5299f8bd7c67ad65c7_1746187077009.jpg', 'е•Ұе•Ұе•Ұе•Ұ', 0,
        1800, 43200, '[\"https://www.iocoder.cn\"]', '[\"password\",\"authorization_code\",\"implicit\"]',
        '[\"user_info\",\"projects\"]', '[\"user_info\"]', '[]', '[]', '{}', '1', '2022-05-12 00:28:20', '1',
        '2025-05-02 19:58:08', b'0');
INSERT INTO `system_oauth2_client`
VALUES (41, 'pulsix-sso-demo-by-code', 'test', 'еҹәдәҺжҺҲжқғз ҒжЁЎејҸпјҢеҰӮдҪ•е®һзҺ° SSO еҚ•зӮ№зҷ»еҪ•пјҹ',
        'http://test.pulsix.iocoder.cn/it/20250502/sign_1746181948685.png', NULL, 0, 1800, 43200,
        '[\"http://127.0.0.1:18080\"]', '[\"authorization_code\",\"refresh_token\"]', '[\"user.read\",\"user.write\"]',
        '[]', '[]', '[]', NULL, '1', '2022-09-29 13:28:31', '1', '2025-05-02 18:32:30', b'0');
INSERT INTO `system_oauth2_client`
VALUES (42, 'pulsix-sso-demo-by-password', 'test', 'еҹәдәҺеҜҶз ҒжЁЎејҸпјҢеҰӮдҪ•е®һзҺ° SSO еҚ•зӮ№зҷ»еҪ•пјҹ',
        'http://test.pulsix.iocoder.cn/20251025/images (3)_1761360515810.jpeg', NULL, 0, 1800, 43200,
        '[\"http://127.0.0.1:18080\"]', '[\"password\",\"refresh_token\"]', '[\"user.read\",\"user.write\"]', '[]',
        '[]', '[]', NULL, '1', '2022-10-04 17:40:16', '1', '2025-10-25 10:49:40', b'0');

-- ----------------------------
-- Table structure for system_oauth2_code
-- ----------------------------
DROP TABLE IF EXISTS `system_oauth2_code`;
CREATE TABLE `system_oauth2_code`
(
    `id`           bigint                                                        NOT NULL AUTO_INCREMENT COMMENT 'зј–еҸ·',
    `user_id`      bigint                                                        NOT NULL COMMENT 'з”ЁжҲ·зј–еҸ·',
    `user_type`    tinyint                                                       NOT NULL COMMENT 'з”ЁжҲ·зұ»еһӢ',
    `code`         varchar(32) CHARACTER SET utf8mb4 COLLATE utf8mb4_unicode_ci  NOT NULL COMMENT 'жҺҲжқғз Ғ',
    `client_id`    varchar(255) CHARACTER SET utf8mb4 COLLATE utf8mb4_unicode_ci NOT NULL COMMENT 'е®ўжҲ·з«Ҝзј–еҸ·',
    `scopes`       varchar(255) CHARACTER SET utf8mb4 COLLATE utf8mb4_unicode_ci NULL     DEFAULT '' COMMENT 'жҺҲжқғиҢғеӣҙ',
    `expires_time` datetime                                                      NOT NULL COMMENT 'иҝҮжңҹж—¶й—ҙ',
    `redirect_uri` varchar(255) CHARACTER SET utf8mb4 COLLATE utf8mb4_unicode_ci NULL     DEFAULT NULL COMMENT 'еҸҜйҮҚе®ҡеҗ‘зҡ„ URI ең°еқҖ',
    `state`        varchar(255) CHARACTER SET utf8mb4 COLLATE utf8mb4_unicode_ci NOT NULL DEFAULT '' COMMENT 'зҠ¶жҖҒ',
    `creator`      varchar(64) CHARACTER SET utf8mb4 COLLATE utf8mb4_unicode_ci  NULL     DEFAULT '' COMMENT 'еҲӣе»әиҖ…',
    `create_time`  datetime                                                      NOT NULL DEFAULT CURRENT_TIMESTAMP COMMENT 'еҲӣе»әж—¶й—ҙ',
    `updater`      varchar(64) CHARACTER SET utf8mb4 COLLATE utf8mb4_unicode_ci  NULL     DEFAULT '' COMMENT 'жӣҙж–°иҖ…',
    `update_time`  datetime                                                      NOT NULL DEFAULT CURRENT_TIMESTAMP ON UPDATE CURRENT_TIMESTAMP COMMENT 'жӣҙж–°ж—¶й—ҙ',
    `deleted`      bit(1)                                                        NOT NULL DEFAULT b'0' COMMENT 'жҳҜеҗҰеҲ йҷӨ',
    `tenant_id`    bigint                                                        NOT NULL DEFAULT 0 COMMENT 'з§ҹжҲ·зј–еҸ·',
    PRIMARY KEY (`id`) USING BTREE
) ENGINE = InnoDB
  AUTO_INCREMENT = 155
  CHARACTER SET = utf8mb4
  COLLATE = utf8mb4_unicode_ci COMMENT = 'OAuth2 жҺҲжқғз ҒиЎЁ'
  ROW_FORMAT = Dynamic;

-- ----------------------------
-- Records of system_oauth2_code
-- ----------------------------

-- ----------------------------
-- Table structure for system_oauth2_refresh_token
-- ----------------------------
DROP TABLE IF EXISTS `system_oauth2_refresh_token`;
CREATE TABLE `system_oauth2_refresh_token`
(
    `id`            bigint                                                        NOT NULL AUTO_INCREMENT COMMENT 'зј–еҸ·',
    `user_id`       bigint                                                        NOT NULL COMMENT 'з”ЁжҲ·зј–еҸ·',
    `refresh_token` varchar(32) CHARACTER SET utf8mb4 COLLATE utf8mb4_unicode_ci  NOT NULL COMMENT 'еҲ·ж–°д»ӨзүҢ',
    `user_type`     tinyint                                                       NOT NULL COMMENT 'з”ЁжҲ·зұ»еһӢ',
    `client_id`     varchar(255) CHARACTER SET utf8mb4 COLLATE utf8mb4_unicode_ci NOT NULL COMMENT 'е®ўжҲ·з«Ҝзј–еҸ·',
    `scopes`        varchar(255) CHARACTER SET utf8mb4 COLLATE utf8mb4_unicode_ci NULL     DEFAULT NULL COMMENT 'жҺҲжқғиҢғеӣҙ',
    `expires_time`  datetime                                                      NOT NULL COMMENT 'иҝҮжңҹж—¶й—ҙ',
    `creator`       varchar(64) CHARACTER SET utf8mb4 COLLATE utf8mb4_unicode_ci  NULL     DEFAULT '' COMMENT 'еҲӣе»әиҖ…',
    `create_time`   datetime                                                      NOT NULL DEFAULT CURRENT_TIMESTAMP COMMENT 'еҲӣе»әж—¶й—ҙ',
    `updater`       varchar(64) CHARACTER SET utf8mb4 COLLATE utf8mb4_unicode_ci  NULL     DEFAULT '' COMMENT 'жӣҙж–°иҖ…',
    `update_time`   datetime                                                      NOT NULL DEFAULT CURRENT_TIMESTAMP ON UPDATE CURRENT_TIMESTAMP COMMENT 'жӣҙж–°ж—¶й—ҙ',
    `deleted`       bit(1)                                                        NOT NULL DEFAULT b'0' COMMENT 'жҳҜеҗҰеҲ йҷӨ',
    `tenant_id`     bigint                                                        NOT NULL DEFAULT 0 COMMENT 'з§ҹжҲ·зј–еҸ·',
    PRIMARY KEY (`id`) USING BTREE
) ENGINE = InnoDB
  AUTO_INCREMENT = 2244
  CHARACTER SET = utf8mb4
  COLLATE = utf8mb4_unicode_ci COMMENT = 'OAuth2 еҲ·ж–°д»ӨзүҢ'
  ROW_FORMAT = Dynamic;

-- ----------------------------
-- Records of system_oauth2_refresh_token
-- ----------------------------
INSERT INTO `system_oauth2_refresh_token`
VALUES (2243, 1, 'aa10083fb0f24024ab3aafda99c57015', 2, 'default', NULL, '2026-04-15 15:22:03', NULL,
        '2026-03-16 15:22:03', NULL, '2026-03-16 15:22:03', b'0', 1);

-- ----------------------------
-- Table structure for system_operate_log
-- ----------------------------
DROP TABLE IF EXISTS `system_operate_log`;
CREATE TABLE `system_operate_log`
(
    `id`             bigint                                                         NOT NULL AUTO_INCREMENT COMMENT 'ж—Ҙеҝ—дё»й”®',
    `trace_id`       varchar(64) CHARACTER SET utf8mb4 COLLATE utf8mb4_unicode_ci   NOT NULL DEFAULT '' COMMENT 'й“ҫи·ҜиҝҪиёӘзј–еҸ·',
    `user_id`        bigint                                                         NOT NULL COMMENT 'з”ЁжҲ·зј–еҸ·',
    `user_type`      tinyint                                                        NOT NULL DEFAULT 0 COMMENT 'з”ЁжҲ·зұ»еһӢ',
    `type`           varchar(50) CHARACTER SET utf8mb4 COLLATE utf8mb4_unicode_ci   NOT NULL COMMENT 'ж“ҚдҪңжЁЎеқ—зұ»еһӢ',
    `sub_type`       varchar(50) CHARACTER SET utf8mb4 COLLATE utf8mb4_unicode_ci   NOT NULL COMMENT 'ж“ҚдҪңеҗҚ',
    `biz_id`         bigint                                                         NOT NULL COMMENT 'ж“ҚдҪңж•°жҚ®жЁЎеқ—зј–еҸ·',
    `action`         varchar(2000) CHARACTER SET utf8mb4 COLLATE utf8mb4_unicode_ci NOT NULL DEFAULT '' COMMENT 'ж“ҚдҪңеҶ…е®№',
    `success`        bit(1)                                                         NOT NULL DEFAULT b'1' COMMENT 'ж“ҚдҪңз»“жһң',
    `extra`          varchar(2000) CHARACTER SET utf8mb4 COLLATE utf8mb4_unicode_ci NOT NULL DEFAULT '' COMMENT 'жӢ“еұ•еӯ—ж®ө',
    `request_method` varchar(16) CHARACTER SET utf8mb4 COLLATE utf8mb4_unicode_ci   NULL     DEFAULT '' COMMENT 'иҜ·жұӮж–№жі•еҗҚ',
    `request_url`    varchar(255) CHARACTER SET utf8mb4 COLLATE utf8mb4_unicode_ci  NULL     DEFAULT '' COMMENT 'иҜ·жұӮең°еқҖ',
    `user_ip`        varchar(50) CHARACTER SET utf8mb4 COLLATE utf8mb4_unicode_ci   NULL     DEFAULT NULL COMMENT 'з”ЁжҲ· IP',
    `user_agent`     varchar(512) CHARACTER SET utf8mb4 COLLATE utf8mb4_unicode_ci  NULL     DEFAULT NULL COMMENT 'жөҸи§ҲеҷЁ UA',
    `creator`        varchar(64) CHARACTER SET utf8mb4 COLLATE utf8mb4_unicode_ci   NULL     DEFAULT '' COMMENT 'еҲӣе»әиҖ…',
    `create_time`    datetime                                                       NOT NULL DEFAULT CURRENT_TIMESTAMP COMMENT 'еҲӣе»әж—¶й—ҙ',
    `updater`        varchar(64) CHARACTER SET utf8mb4 COLLATE utf8mb4_unicode_ci   NULL     DEFAULT '' COMMENT 'жӣҙж–°иҖ…',
    `update_time`    datetime                                                       NOT NULL DEFAULT CURRENT_TIMESTAMP ON UPDATE CURRENT_TIMESTAMP COMMENT 'жӣҙж–°ж—¶й—ҙ',
    `deleted`        bit(1)                                                         NOT NULL DEFAULT b'0' COMMENT 'жҳҜеҗҰеҲ йҷӨ',
    `tenant_id`      bigint                                                         NOT NULL DEFAULT 0 COMMENT 'з§ҹжҲ·зј–еҸ·',
    PRIMARY KEY (`id`) USING BTREE
) ENGINE = InnoDB
  AUTO_INCREMENT = 9178
  CHARACTER SET = utf8mb4
  COLLATE = utf8mb4_unicode_ci COMMENT = 'ж“ҚдҪңж—Ҙеҝ—и®°еҪ• V2 зүҲжң¬'
  ROW_FORMAT = Dynamic;

-- ----------------------------
-- Records of system_operate_log
-- ----------------------------

-- ----------------------------
-- Table structure for system_post
-- ----------------------------
DROP TABLE IF EXISTS `system_post`;
CREATE TABLE `system_post`
(
    `id`          bigint                                                        NOT NULL AUTO_INCREMENT COMMENT 'еІ—дҪҚID',
    `code`        varchar(64) CHARACTER SET utf8mb4 COLLATE utf8mb4_unicode_ci  NOT NULL COMMENT 'еІ—дҪҚзј–з Ғ',
    `name`        varchar(50) CHARACTER SET utf8mb4 COLLATE utf8mb4_unicode_ci  NOT NULL COMMENT 'еІ—дҪҚеҗҚз§°',
    `sort`        int                                                           NOT NULL COMMENT 'жҳҫзӨәйЎәеәҸ',
    `status`      tinyint                                                       NOT NULL COMMENT 'зҠ¶жҖҒпјҲ0жӯЈеёё 1еҒңз”Ёпјү',
    `remark`      varchar(500) CHARACTER SET utf8mb4 COLLATE utf8mb4_unicode_ci NULL     DEFAULT NULL COMMENT 'еӨҮжіЁ',
    `creator`     varchar(64) CHARACTER SET utf8mb4 COLLATE utf8mb4_unicode_ci  NULL     DEFAULT '' COMMENT 'еҲӣе»әиҖ…',
    `create_time` datetime                                                      NOT NULL DEFAULT CURRENT_TIMESTAMP COMMENT 'еҲӣе»әж—¶й—ҙ',
    `updater`     varchar(64) CHARACTER SET utf8mb4 COLLATE utf8mb4_unicode_ci  NULL     DEFAULT '' COMMENT 'жӣҙж–°иҖ…',
    `update_time` datetime                                                      NOT NULL DEFAULT CURRENT_TIMESTAMP ON UPDATE CURRENT_TIMESTAMP COMMENT 'жӣҙж–°ж—¶й—ҙ',
    `deleted`     bit(1)                                                        NOT NULL DEFAULT b'0' COMMENT 'жҳҜеҗҰеҲ йҷӨ',
    `tenant_id`   bigint                                                        NOT NULL DEFAULT 0 COMMENT 'з§ҹжҲ·зј–еҸ·',
    PRIMARY KEY (`id`) USING BTREE
) ENGINE = InnoDB
  AUTO_INCREMENT = 8
  CHARACTER SET = utf8mb4
  COLLATE = utf8mb4_unicode_ci COMMENT = 'еІ—дҪҚдҝЎжҒҜиЎЁ'
  ROW_FORMAT = Dynamic;

-- ----------------------------
-- Records of system_post
-- ----------------------------
INSERT INTO `system_post`
VALUES (2, 'se', 'йЎ№зӣ®з»ҸзҗҶ', 2, 0, '', 'admin', '2021-01-05 17:03:48', '1', '2023-11-15 09:18:20', b'0', 1);
INSERT INTO `system_post`
VALUES (4, 'user', 'жҷ®йҖҡе‘ҳе·Ҙ', 4, 0, '111222', 'admin', '2021-01-05 17:03:48', '1', '2025-03-24 21:32:40', b'0', 1);
INSERT INTO `system_post`
VALUES (5, 'HR', 'дәәеҠӣиө„жәҗ', 5, 0, '`', '1', '2024-03-24 20:45:40', '1', '2025-03-29 19:08:10', b'0', 1);
INSERT INTO `system_post`
VALUES (7, 'test', 'жөӢиҜ•', 10, 0, NULL, '1', '2025-09-02 08:45:57', '1', '2025-09-02 08:45:57', b'0', 1);

-- ----------------------------
-- Table structure for system_role
-- ----------------------------
DROP TABLE IF EXISTS `system_role`;
CREATE TABLE `system_role`
(
    `id`                  bigint                                                        NOT NULL AUTO_INCREMENT COMMENT 'и§’иүІID',
    `name`                varchar(30) CHARACTER SET utf8mb4 COLLATE utf8mb4_unicode_ci  NOT NULL COMMENT 'и§’иүІеҗҚз§°',
    `code`                varchar(100) CHARACTER SET utf8mb4 COLLATE utf8mb4_unicode_ci NOT NULL COMMENT 'и§’иүІжқғйҷҗеӯ—з¬ҰдёІ',
    `sort`                int                                                           NOT NULL COMMENT 'жҳҫзӨәйЎәеәҸ',
    `data_scope`          tinyint                                                       NOT NULL DEFAULT 1 COMMENT 'ж•°жҚ®иҢғеӣҙпјҲ1пјҡе…ЁйғЁж•°жҚ®жқғйҷҗ 2пјҡиҮӘе®ҡж•°жҚ®жқғйҷҗ 3пјҡжң¬йғЁй—Ёж•°жҚ®жқғйҷҗ 4пјҡжң¬йғЁй—ЁеҸҠд»ҘдёӢж•°жҚ®жқғйҷҗпјү',
    `data_scope_dept_ids` varchar(500) CHARACTER SET utf8mb4 COLLATE utf8mb4_unicode_ci NOT NULL DEFAULT '' COMMENT 'ж•°жҚ®иҢғеӣҙ(жҢҮе®ҡйғЁй—Ёж•°з»„)',
    `status`              tinyint                                                       NOT NULL COMMENT 'и§’иүІзҠ¶жҖҒпјҲ0жӯЈеёё 1еҒңз”Ёпјү',
    `type`                tinyint                                                       NOT NULL COMMENT 'и§’иүІзұ»еһӢ',
    `remark`              varchar(500) CHARACTER SET utf8mb4 COLLATE utf8mb4_unicode_ci NULL     DEFAULT NULL COMMENT 'еӨҮжіЁ',
    `creator`             varchar(64) CHARACTER SET utf8mb4 COLLATE utf8mb4_unicode_ci  NULL     DEFAULT '' COMMENT 'еҲӣе»әиҖ…',
    `create_time`         datetime                                                      NOT NULL DEFAULT CURRENT_TIMESTAMP COMMENT 'еҲӣе»әж—¶й—ҙ',
    `updater`             varchar(64) CHARACTER SET utf8mb4 COLLATE utf8mb4_unicode_ci  NULL     DEFAULT '' COMMENT 'жӣҙж–°иҖ…',
    `update_time`         datetime                                                      NOT NULL DEFAULT CURRENT_TIMESTAMP ON UPDATE CURRENT_TIMESTAMP COMMENT 'жӣҙж–°ж—¶й—ҙ',
    `deleted`             bit(1)                                                        NOT NULL DEFAULT b'0' COMMENT 'жҳҜеҗҰеҲ йҷӨ',
    `tenant_id`           bigint                                                        NOT NULL DEFAULT 0 COMMENT 'з§ҹжҲ·зј–еҸ·',
    PRIMARY KEY (`id`) USING BTREE
) ENGINE = InnoDB
  AUTO_INCREMENT = 159
  CHARACTER SET = utf8mb4
  COLLATE = utf8mb4_unicode_ci COMMENT = 'и§’иүІдҝЎжҒҜиЎЁ'
  ROW_FORMAT = Dynamic;

-- ----------------------------
-- Records of system_role
-- ----------------------------
INSERT INTO `system_role`
VALUES (1, 'и¶…зә§з®ЎзҗҶе‘ҳ', 'super_admin', 1, 1, '', 0, 1, 'и¶…зә§з®ЎзҗҶе‘ҳ', 'admin', '2021-01-05 17:03:48', '',
        '2022-02-22 05:08:21', b'0', 1);
INSERT INTO `system_role`
VALUES (2, 'жҷ®йҖҡи§’иүІ', 'common', 2, 2, '', 0, 1, 'жҷ®йҖҡи§’иүІ', 'admin', '2021-01-05 17:03:48', '', '2022-02-22 05:08:20',
        b'0', 1);
INSERT INTO `system_role`
VALUES (3, 'CRM з®ЎзҗҶе‘ҳ', 'crm_admin', 2, 1, '', 0, 1, 'CRM дё“еұһи§’иүІ', '1', '2024-02-24 10:51:13', '1',
        '2024-02-24 02:51:32', b'0', 1);
INSERT INTO `system_role`
VALUES (109, 'з§ҹжҲ·з®ЎзҗҶе‘ҳ', 'tenant_admin', 0, 1, '', 0, 1, 'зі»з»ҹиҮӘеҠЁз”ҹжҲҗ', '1', '2022-02-22 00:56:14', '1',
        '2022-02-22 00:56:14', b'0', 121);
INSERT INTO `system_role`
VALUES (111, 'з§ҹжҲ·з®ЎзҗҶе‘ҳ', 'tenant_admin', 0, 1, '', 0, 1, 'зі»з»ҹиҮӘеҠЁз”ҹжҲҗ', '1', '2022-03-07 21:37:58', '1',
        '2022-03-07 21:37:58', b'0', 122);
INSERT INTO `system_role`
VALUES (155, 'жөӢиҜ•ж•°жҚ®жқғйҷҗ', 'test-dp', 3, 2, '[112,100,102,103,104,105,107,108]', 0, 2, '', '1', '2025-03-31 14:58:06',
        '1', '2025-09-06 20:15:13', b'0', 1);

-- ----------------------------
-- Table structure for system_role_menu
-- ----------------------------
DROP TABLE IF EXISTS `system_role_menu`;
CREATE TABLE `system_role_menu`
(
    `id`          bigint                                                       NOT NULL AUTO_INCREMENT COMMENT 'иҮӘеўһзј–еҸ·',
    `role_id`     bigint                                                       NOT NULL COMMENT 'и§’иүІID',
    `menu_id`     bigint                                                       NOT NULL COMMENT 'иҸңеҚ•ID',
    `creator`     varchar(64) CHARACTER SET utf8mb4 COLLATE utf8mb4_unicode_ci NULL     DEFAULT '' COMMENT 'еҲӣе»әиҖ…',
    `create_time` datetime                                                     NOT NULL DEFAULT CURRENT_TIMESTAMP COMMENT 'еҲӣе»әж—¶й—ҙ',
    `updater`     varchar(64) CHARACTER SET utf8mb4 COLLATE utf8mb4_unicode_ci NULL     DEFAULT '' COMMENT 'жӣҙж–°иҖ…',
    `update_time` datetime                                                     NOT NULL DEFAULT CURRENT_TIMESTAMP ON UPDATE CURRENT_TIMESTAMP COMMENT 'жӣҙж–°ж—¶й—ҙ',
    `deleted`     bit(1)                                                       NOT NULL DEFAULT b'0' COMMENT 'жҳҜеҗҰеҲ йҷӨ',
    `tenant_id`   bigint                                                       NOT NULL DEFAULT 0 COMMENT 'з§ҹжҲ·зј–еҸ·',
    PRIMARY KEY (`id`) USING BTREE
) ENGINE = InnoDB
  AUTO_INCREMENT = 6293
  CHARACTER SET = utf8mb4
  COLLATE = utf8mb4_unicode_ci COMMENT = 'и§’иүІе’ҢиҸңеҚ•е…іиҒ”иЎЁ'
  ROW_FORMAT = Dynamic;

-- ----------------------------
-- Records of system_role_menu
-- ----------------------------
INSERT INTO `system_role_menu`
VALUES (263, 109, 1, '1', '2022-02-22 00:56:14', '1', '2022-02-22 00:56:14', b'0', 121);
INSERT INTO `system_role_menu`
VALUES (434, 2, 1, '1', '2022-02-22 13:09:12', '1', '2022-02-22 13:09:12', b'0', 1);
INSERT INTO `system_role_menu`
VALUES (454, 2, 1093, '1', '2022-02-22 13:09:12', '1', '2022-02-22 13:09:12', b'0', 1);
INSERT INTO `system_role_menu`
VALUES (455, 2, 1094, '1', '2022-02-22 13:09:12', '1', '2022-02-22 13:09:12', b'0', 1);
INSERT INTO `system_role_menu`
VALUES (460, 2, 1100, '1', '2022-02-22 13:09:12', '1', '2022-02-22 13:09:12', b'0', 1);
INSERT INTO `system_role_menu`
VALUES (467, 2, 1107, '1', '2022-02-22 13:09:12', '1', '2022-02-22 13:09:12', b'0', 1);
INSERT INTO `system_role_menu`
VALUES (476, 2, 1117, '1', '2022-02-22 13:09:12', '1', '2022-02-22 13:09:12', b'0', 1);
INSERT INTO `system_role_menu`
VALUES (477, 2, 100, '1', '2022-02-22 13:09:12', '1', '2022-02-22 13:09:12', b'0', 1);
INSERT INTO `system_role_menu`
VALUES (478, 2, 101, '1', '2022-02-22 13:09:12', '1', '2022-02-22 13:09:12', b'0', 1);
INSERT INTO `system_role_menu`
VALUES (479, 2, 102, '1', '2022-02-22 13:09:12', '1', '2022-02-22 13:09:12', b'0', 1);
INSERT INTO `system_role_menu`
VALUES (480, 2, 1126, '1', '2022-02-22 13:09:12', '1', '2022-02-22 13:09:12', b'0', 1);
INSERT INTO `system_role_menu`
VALUES (481, 2, 103, '1', '2022-02-22 13:09:12', '1', '2022-02-22 13:09:12', b'0', 1);
INSERT INTO `system_role_menu`
VALUES (483, 2, 104, '1', '2022-02-22 13:09:12', '1', '2022-02-22 13:09:12', b'0', 1);
INSERT INTO `system_role_menu`
VALUES (485, 2, 105, '1', '2022-02-22 13:09:12', '1', '2022-02-22 13:09:12', b'0', 1);
INSERT INTO `system_role_menu`
VALUES (488, 2, 107, '1', '2022-02-22 13:09:12', '1', '2022-02-22 13:09:12', b'0', 1);
INSERT INTO `system_role_menu`
VALUES (490, 2, 108, '1', '2022-02-22 13:09:12', '1', '2022-02-22 13:09:12', b'0', 1);
INSERT INTO `system_role_menu`
VALUES (492, 2, 109, '1', '2022-02-22 13:09:12', '1', '2022-02-22 13:09:12', b'0', 1);
INSERT INTO `system_role_menu`
VALUES (498, 2, 1138, '1', '2022-02-22 13:09:12', '1', '2022-02-22 13:09:12', b'0', 1);
INSERT INTO `system_role_menu`
VALUES (523, 2, 1224, '1', '2022-02-22 13:09:12', '1', '2022-02-22 13:09:12', b'0', 1);
INSERT INTO `system_role_menu`
VALUES (524, 2, 1225, '1', '2022-02-22 13:09:12', '1', '2022-02-22 13:09:12', b'0', 1);
INSERT INTO `system_role_menu`
VALUES (541, 2, 500, '1', '2022-02-22 13:09:12', '1', '2022-02-22 13:09:12', b'0', 1);
INSERT INTO `system_role_menu`
VALUES (543, 2, 501, '1', '2022-02-22 13:09:12', '1', '2022-02-22 13:09:12', b'0', 1);
INSERT INTO `system_role_menu`
VALUES (675, 2, 2, '1', '2022-02-22 13:16:57', '1', '2022-02-22 13:16:57', b'0', 1);
INSERT INTO `system_role_menu`
VALUES (689, 2, 1077, '1', '2022-02-22 13:16:57', '1', '2022-02-22 13:16:57', b'0', 1);
INSERT INTO `system_role_menu`
VALUES (690, 2, 1078, '1', '2022-02-22 13:16:57', '1', '2022-02-22 13:16:57', b'0', 1);
INSERT INTO `system_role_menu`
VALUES (692, 2, 1083, '1', '2022-02-22 13:16:57', '1', '2022-02-22 13:16:57', b'0', 1);
INSERT INTO `system_role_menu`
VALUES (693, 2, 1084, '1', '2022-02-22 13:16:57', '1', '2022-02-22 13:16:57', b'0', 1);
INSERT INTO `system_role_menu`
VALUES (699, 2, 1090, '1', '2022-02-22 13:16:57', '1', '2022-02-22 13:16:57', b'0', 1);
INSERT INTO `system_role_menu`
VALUES (703, 2, 106, '1', '2022-02-22 13:16:57', '1', '2022-02-22 13:16:57', b'0', 1);
INSERT INTO `system_role_menu`
VALUES (704, 2, 110, '1', '2022-02-22 13:16:57', '1', '2022-02-22 13:16:57', b'0', 1);
INSERT INTO `system_role_menu`
VALUES (705, 2, 111, '1', '2022-02-22 13:16:57', '1', '2022-02-22 13:16:57', b'0', 1);
INSERT INTO `system_role_menu`
VALUES (706, 2, 112, '1', '2022-02-22 13:16:57', '1', '2022-02-22 13:16:57', b'0', 1);
INSERT INTO `system_role_menu`
VALUES (707, 2, 113, '1', '2022-02-22 13:16:57', '1', '2022-02-22 13:16:57', b'0', 1);
INSERT INTO `system_role_menu`
VALUES (1296, 110, 1, '110', '2022-02-23 00:23:55', '110', '2022-02-23 00:23:55', b'0', 121);
INSERT INTO `system_role_menu`
VALUES (1578, 111, 1, '1', '2022-03-07 21:37:58', '1', '2022-03-07 21:37:58', b'0', 122);
INSERT INTO `system_role_menu`
VALUES (1729, 109, 100, '1', '2022-09-21 22:08:51', '1', '2022-09-21 22:08:51', b'0', 121);
INSERT INTO `system_role_menu`
VALUES (1730, 109, 101, '1', '2022-09-21 22:08:51', '1', '2022-09-21 22:08:51', b'0', 121);
INSERT INTO `system_role_menu`
VALUES (1731, 109, 1063, '1', '2022-09-21 22:08:51', '1', '2022-09-21 22:08:51', b'0', 121);
INSERT INTO `system_role_menu`
VALUES (1732, 109, 1064, '1', '2022-09-21 22:08:51', '1', '2022-09-21 22:08:51', b'0', 121);
INSERT INTO `system_role_menu`
VALUES (1733, 109, 1001, '1', '2022-09-21 22:08:51', '1', '2022-09-21 22:08:51', b'0', 121);
INSERT INTO `system_role_menu`
VALUES (1734, 109, 1065, '1', '2022-09-21 22:08:51', '1', '2022-09-21 22:08:51', b'0', 121);
INSERT INTO `system_role_menu`
VALUES (1735, 109, 1002, '1', '2022-09-21 22:08:51', '1', '2022-09-21 22:08:51', b'0', 121);
INSERT INTO `system_role_menu`
VALUES (1736, 109, 1003, '1', '2022-09-21 22:08:51', '1', '2022-09-21 22:08:51', b'0', 121);
INSERT INTO `system_role_menu`
VALUES (1737, 109, 1004, '1', '2022-09-21 22:08:51', '1', '2022-09-21 22:08:51', b'0', 121);
INSERT INTO `system_role_menu`
VALUES (1738, 109, 1005, '1', '2022-09-21 22:08:51', '1', '2022-09-21 22:08:51', b'0', 121);
INSERT INTO `system_role_menu`
VALUES (1739, 109, 1006, '1', '2022-09-21 22:08:51', '1', '2022-09-21 22:08:51', b'0', 121);
INSERT INTO `system_role_menu`
VALUES (1740, 109, 1007, '1', '2022-09-21 22:08:51', '1', '2022-09-21 22:08:51', b'0', 121);
INSERT INTO `system_role_menu`
VALUES (1741, 109, 1008, '1', '2022-09-21 22:08:51', '1', '2022-09-21 22:08:51', b'0', 121);
INSERT INTO `system_role_menu`
VALUES (1742, 109, 1009, '1', '2022-09-21 22:08:51', '1', '2022-09-21 22:08:51', b'0', 121);
INSERT INTO `system_role_menu`
VALUES (1743, 109, 1010, '1', '2022-09-21 22:08:51', '1', '2022-09-21 22:08:51', b'0', 121);
INSERT INTO `system_role_menu`
VALUES (1744, 109, 1011, '1', '2022-09-21 22:08:51', '1', '2022-09-21 22:08:51', b'0', 121);
INSERT INTO `system_role_menu`
VALUES (1745, 109, 1012, '1', '2022-09-21 22:08:51', '1', '2022-09-21 22:08:51', b'0', 121);
INSERT INTO `system_role_menu`
VALUES (1746, 111, 100, '1', '2022-09-21 22:08:52', '1', '2022-09-21 22:08:52', b'0', 122);
INSERT INTO `system_role_menu`
VALUES (1747, 111, 101, '1', '2022-09-21 22:08:52', '1', '2022-09-21 22:08:52', b'0', 122);
INSERT INTO `system_role_menu`
VALUES (1748, 111, 1063, '1', '2022-09-21 22:08:52', '1', '2022-09-21 22:08:52', b'0', 122);
INSERT INTO `system_role_menu`
VALUES (1749, 111, 1064, '1', '2022-09-21 22:08:52', '1', '2022-09-21 22:08:52', b'0', 122);
INSERT INTO `system_role_menu`
VALUES (1750, 111, 1001, '1', '2022-09-21 22:08:52', '1', '2022-09-21 22:08:52', b'0', 122);
INSERT INTO `system_role_menu`
VALUES (1751, 111, 1065, '1', '2022-09-21 22:08:52', '1', '2022-09-21 22:08:52', b'0', 122);
INSERT INTO `system_role_menu`
VALUES (1752, 111, 1002, '1', '2022-09-21 22:08:52', '1', '2022-09-21 22:08:52', b'0', 122);
INSERT INTO `system_role_menu`
VALUES (1753, 111, 1003, '1', '2022-09-21 22:08:52', '1', '2022-09-21 22:08:52', b'0', 122);
INSERT INTO `system_role_menu`
VALUES (1754, 111, 1004, '1', '2022-09-21 22:08:52', '1', '2022-09-21 22:08:52', b'0', 122);
INSERT INTO `system_role_menu`
VALUES (1755, 111, 1005, '1', '2022-09-21 22:08:52', '1', '2022-09-21 22:08:52', b'0', 122);
INSERT INTO `system_role_menu`
VALUES (1756, 111, 1006, '1', '2022-09-21 22:08:52', '1', '2022-09-21 22:08:52', b'0', 122);
INSERT INTO `system_role_menu`
VALUES (1757, 111, 1007, '1', '2022-09-21 22:08:52', '1', '2022-09-21 22:08:52', b'0', 122);
INSERT INTO `system_role_menu`
VALUES (1758, 111, 1008, '1', '2022-09-21 22:08:52', '1', '2022-09-21 22:08:52', b'0', 122);
INSERT INTO `system_role_menu`
VALUES (1759, 111, 1009, '1', '2022-09-21 22:08:52', '1', '2022-09-21 22:08:52', b'0', 122);
INSERT INTO `system_role_menu`
VALUES (1760, 111, 1010, '1', '2022-09-21 22:08:52', '1', '2022-09-21 22:08:52', b'0', 122);
INSERT INTO `system_role_menu`
VALUES (1761, 111, 1011, '1', '2022-09-21 22:08:52', '1', '2022-09-21 22:08:52', b'0', 122);
INSERT INTO `system_role_menu`
VALUES (1762, 111, 1012, '1', '2022-09-21 22:08:52', '1', '2022-09-21 22:08:52', b'0', 122);
INSERT INTO `system_role_menu`
VALUES (1763, 109, 100, '1', '2022-09-21 22:08:53', '1', '2022-09-21 22:08:53', b'0', 121);
INSERT INTO `system_role_menu`
VALUES (1764, 109, 101, '1', '2022-09-21 22:08:53', '1', '2022-09-21 22:08:53', b'0', 121);
INSERT INTO `system_role_menu`
VALUES (1765, 109, 1063, '1', '2022-09-21 22:08:53', '1', '2022-09-21 22:08:53', b'0', 121);
INSERT INTO `system_role_menu`
VALUES (1766, 109, 1064, '1', '2022-09-21 22:08:53', '1', '2022-09-21 22:08:53', b'0', 121);
INSERT INTO `system_role_menu`
VALUES (1767, 109, 1001, '1', '2022-09-21 22:08:53', '1', '2022-09-21 22:08:53', b'0', 121);
INSERT INTO `system_role_menu`
VALUES (1768, 109, 1065, '1', '2022-09-21 22:08:53', '1', '2022-09-21 22:08:53', b'0', 121);
INSERT INTO `system_role_menu`
VALUES (1769, 109, 1002, '1', '2022-09-21 22:08:53', '1', '2022-09-21 22:08:53', b'0', 121);
INSERT INTO `system_role_menu`
VALUES (1770, 109, 1003, '1', '2022-09-21 22:08:53', '1', '2022-09-21 22:08:53', b'0', 121);
INSERT INTO `system_role_menu`
VALUES (1771, 109, 1004, '1', '2022-09-21 22:08:53', '1', '2022-09-21 22:08:53', b'0', 121);
INSERT INTO `system_role_menu`
VALUES (1772, 109, 1005, '1', '2022-09-21 22:08:53', '1', '2022-09-21 22:08:53', b'0', 121);
INSERT INTO `system_role_menu`
VALUES (1773, 109, 1006, '1', '2022-09-21 22:08:53', '1', '2022-09-21 22:08:53', b'0', 121);
INSERT INTO `system_role_menu`
VALUES (1774, 109, 1007, '1', '2022-09-21 22:08:53', '1', '2022-09-21 22:08:53', b'0', 121);
INSERT INTO `system_role_menu`
VALUES (1775, 109, 1008, '1', '2022-09-21 22:08:53', '1', '2022-09-21 22:08:53', b'0', 121);
INSERT INTO `system_role_menu`
VALUES (1776, 109, 1009, '1', '2022-09-21 22:08:53', '1', '2022-09-21 22:08:53', b'0', 121);
INSERT INTO `system_role_menu`
VALUES (1777, 109, 1010, '1', '2022-09-21 22:08:53', '1', '2022-09-21 22:08:53', b'0', 121);
INSERT INTO `system_role_menu`
VALUES (1778, 109, 1011, '1', '2022-09-21 22:08:53', '1', '2022-09-21 22:08:53', b'0', 121);
INSERT INTO `system_role_menu`
VALUES (1779, 109, 1012, '1', '2022-09-21 22:08:53', '1', '2022-09-21 22:08:53', b'0', 121);
INSERT INTO `system_role_menu`
VALUES (1780, 111, 100, '1', '2022-09-21 22:08:54', '1', '2022-09-21 22:08:54', b'0', 122);
INSERT INTO `system_role_menu`
VALUES (1781, 111, 101, '1', '2022-09-21 22:08:54', '1', '2022-09-21 22:08:54', b'0', 122);
INSERT INTO `system_role_menu`
VALUES (1782, 111, 1063, '1', '2022-09-21 22:08:54', '1', '2022-09-21 22:08:54', b'0', 122);
INSERT INTO `system_role_menu`
VALUES (1783, 111, 1064, '1', '2022-09-21 22:08:54', '1', '2022-09-21 22:08:54', b'0', 122);
INSERT INTO `system_role_menu`
VALUES (1784, 111, 1001, '1', '2022-09-21 22:08:54', '1', '2022-09-21 22:08:54', b'0', 122);
INSERT INTO `system_role_menu`
VALUES (1785, 111, 1065, '1', '2022-09-21 22:08:54', '1', '2022-09-21 22:08:54', b'0', 122);
INSERT INTO `system_role_menu`
VALUES (1786, 111, 1002, '1', '2022-09-21 22:08:54', '1', '2022-09-21 22:08:54', b'0', 122);
INSERT INTO `system_role_menu`
VALUES (1787, 111, 1003, '1', '2022-09-21 22:08:54', '1', '2022-09-21 22:08:54', b'0', 122);
INSERT INTO `system_role_menu`
VALUES (1788, 111, 1004, '1', '2022-09-21 22:08:54', '1', '2022-09-21 22:08:54', b'0', 122);
INSERT INTO `system_role_menu`
VALUES (1789, 111, 1005, '1', '2022-09-21 22:08:54', '1', '2022-09-21 22:08:54', b'0', 122);
INSERT INTO `system_role_menu`
VALUES (1790, 111, 1006, '1', '2022-09-21 22:08:54', '1', '2022-09-21 22:08:54', b'0', 122);
INSERT INTO `system_role_menu`
VALUES (1791, 111, 1007, '1', '2022-09-21 22:08:54', '1', '2022-09-21 22:08:54', b'0', 122);
INSERT INTO `system_role_menu`
VALUES (1792, 111, 1008, '1', '2022-09-21 22:08:54', '1', '2022-09-21 22:08:54', b'0', 122);
INSERT INTO `system_role_menu`
VALUES (1793, 111, 1009, '1', '2022-09-21 22:08:54', '1', '2022-09-21 22:08:54', b'0', 122);
INSERT INTO `system_role_menu`
VALUES (1794, 111, 1010, '1', '2022-09-21 22:08:54', '1', '2022-09-21 22:08:54', b'0', 122);
INSERT INTO `system_role_menu`
VALUES (1795, 111, 1011, '1', '2022-09-21 22:08:54', '1', '2022-09-21 22:08:54', b'0', 122);
INSERT INTO `system_role_menu`
VALUES (1796, 111, 1012, '1', '2022-09-21 22:08:54', '1', '2022-09-21 22:08:54', b'0', 122);
INSERT INTO `system_role_menu`
VALUES (1797, 109, 100, '1', '2022-09-21 22:08:55', '1', '2022-09-21 22:08:55', b'0', 121);
INSERT INTO `system_role_menu`
VALUES (1798, 109, 101, '1', '2022-09-21 22:08:55', '1', '2022-09-21 22:08:55', b'0', 121);
INSERT INTO `system_role_menu`
VALUES (1799, 109, 1063, '1', '2022-09-21 22:08:55', '1', '2022-09-21 22:08:55', b'0', 121);
INSERT INTO `system_role_menu`
VALUES (1800, 109, 1064, '1', '2022-09-21 22:08:55', '1', '2022-09-21 22:08:55', b'0', 121);
INSERT INTO `system_role_menu`
VALUES (1801, 109, 1001, '1', '2022-09-21 22:08:55', '1', '2022-09-21 22:08:55', b'0', 121);
INSERT INTO `system_role_menu`
VALUES (1802, 109, 1065, '1', '2022-09-21 22:08:55', '1', '2022-09-21 22:08:55', b'0', 121);
INSERT INTO `system_role_menu`
VALUES (1803, 109, 1002, '1', '2022-09-21 22:08:55', '1', '2022-09-21 22:08:55', b'0', 121);
INSERT INTO `system_role_menu`
VALUES (1804, 109, 1003, '1', '2022-09-21 22:08:55', '1', '2022-09-21 22:08:55', b'0', 121);
INSERT INTO `system_role_menu`
VALUES (1805, 109, 1004, '1', '2022-09-21 22:08:55', '1', '2022-09-21 22:08:55', b'0', 121);
INSERT INTO `system_role_menu`
VALUES (1806, 109, 1005, '1', '2022-09-21 22:08:55', '1', '2022-09-21 22:08:55', b'0', 121);
INSERT INTO `system_role_menu`
VALUES (1807, 109, 1006, '1', '2022-09-21 22:08:55', '1', '2022-09-21 22:08:55', b'0', 121);
INSERT INTO `system_role_menu`
VALUES (1808, 109, 1007, '1', '2022-09-21 22:08:55', '1', '2022-09-21 22:08:55', b'0', 121);
INSERT INTO `system_role_menu`
VALUES (1809, 109, 1008, '1', '2022-09-21 22:08:55', '1', '2022-09-21 22:08:55', b'0', 121);
INSERT INTO `system_role_menu`
VALUES (1810, 109, 1009, '1', '2022-09-21 22:08:55', '1', '2022-09-21 22:08:55', b'0', 121);
INSERT INTO `system_role_menu`
VALUES (1811, 109, 1010, '1', '2022-09-21 22:08:55', '1', '2022-09-21 22:08:55', b'0', 121);
INSERT INTO `system_role_menu`
VALUES (1812, 109, 1011, '1', '2022-09-21 22:08:55', '1', '2022-09-21 22:08:55', b'0', 121);
INSERT INTO `system_role_menu`
VALUES (1813, 109, 1012, '1', '2022-09-21 22:08:55', '1', '2022-09-21 22:08:55', b'0', 121);
INSERT INTO `system_role_menu`
VALUES (1814, 111, 100, '1', '2022-09-21 22:08:56', '1', '2022-09-21 22:08:56', b'0', 122);
INSERT INTO `system_role_menu`
VALUES (1815, 111, 101, '1', '2022-09-21 22:08:56', '1', '2022-09-21 22:08:56', b'0', 122);
INSERT INTO `system_role_menu`
VALUES (1816, 111, 1063, '1', '2022-09-21 22:08:56', '1', '2022-09-21 22:08:56', b'0', 122);
INSERT INTO `system_role_menu`
VALUES (1817, 111, 1064, '1', '2022-09-21 22:08:56', '1', '2022-09-21 22:08:56', b'0', 122);
INSERT INTO `system_role_menu`
VALUES (1818, 111, 1001, '1', '2022-09-21 22:08:56', '1', '2022-09-21 22:08:56', b'0', 122);
INSERT INTO `system_role_menu`
VALUES (1819, 111, 1065, '1', '2022-09-21 22:08:56', '1', '2022-09-21 22:08:56', b'0', 122);
INSERT INTO `system_role_menu`
VALUES (1820, 111, 1002, '1', '2022-09-21 22:08:56', '1', '2022-09-21 22:08:56', b'0', 122);
INSERT INTO `system_role_menu`
VALUES (1821, 111, 1003, '1', '2022-09-21 22:08:56', '1', '2022-09-21 22:08:56', b'0', 122);
INSERT INTO `system_role_menu`
VALUES (1822, 111, 1004, '1', '2022-09-21 22:08:56', '1', '2022-09-21 22:08:56', b'0', 122);
INSERT INTO `system_role_menu`
VALUES (1823, 111, 1005, '1', '2022-09-21 22:08:56', '1', '2022-09-21 22:08:56', b'0', 122);
INSERT INTO `system_role_menu`
VALUES (1824, 111, 1006, '1', '2022-09-21 22:08:56', '1', '2022-09-21 22:08:56', b'0', 122);
INSERT INTO `system_role_menu`
VALUES (1825, 111, 1007, '1', '2022-09-21 22:08:56', '1', '2022-09-21 22:08:56', b'0', 122);
INSERT INTO `system_role_menu`
VALUES (1826, 111, 1008, '1', '2022-09-21 22:08:56', '1', '2022-09-21 22:08:56', b'0', 122);
INSERT INTO `system_role_menu`
VALUES (1827, 111, 1009, '1', '2022-09-21 22:08:56', '1', '2022-09-21 22:08:56', b'0', 122);
INSERT INTO `system_role_menu`
VALUES (1828, 111, 1010, '1', '2022-09-21 22:08:56', '1', '2022-09-21 22:08:56', b'0', 122);
INSERT INTO `system_role_menu`
VALUES (1829, 111, 1011, '1', '2022-09-21 22:08:56', '1', '2022-09-21 22:08:56', b'0', 122);
INSERT INTO `system_role_menu`
VALUES (1830, 111, 1012, '1', '2022-09-21 22:08:56', '1', '2022-09-21 22:08:56', b'0', 122);
INSERT INTO `system_role_menu`
VALUES (1831, 109, 103, '1', '2022-09-21 22:43:23', '1', '2022-09-21 22:43:23', b'0', 121);
INSERT INTO `system_role_menu`
VALUES (1832, 109, 1017, '1', '2022-09-21 22:43:23', '1', '2022-09-21 22:43:23', b'0', 121);
INSERT INTO `system_role_menu`
VALUES (1833, 109, 1018, '1', '2022-09-21 22:43:23', '1', '2022-09-21 22:43:23', b'0', 121);
INSERT INTO `system_role_menu`
VALUES (1834, 109, 1019, '1', '2022-09-21 22:43:23', '1', '2022-09-21 22:43:23', b'0', 121);
INSERT INTO `system_role_menu`
VALUES (1835, 109, 1020, '1', '2022-09-21 22:43:23', '1', '2022-09-21 22:43:23', b'0', 121);
INSERT INTO `system_role_menu`
VALUES (1836, 111, 103, '1', '2022-09-21 22:43:24', '1', '2022-09-21 22:43:24', b'0', 122);
INSERT INTO `system_role_menu`
VALUES (1837, 111, 1017, '1', '2022-09-21 22:43:24', '1', '2022-09-21 22:43:24', b'0', 122);
INSERT INTO `system_role_menu`
VALUES (1838, 111, 1018, '1', '2022-09-21 22:43:24', '1', '2022-09-21 22:43:24', b'0', 122);
INSERT INTO `system_role_menu`
VALUES (1839, 111, 1019, '1', '2022-09-21 22:43:24', '1', '2022-09-21 22:43:24', b'0', 122);
INSERT INTO `system_role_menu`
VALUES (1840, 111, 1020, '1', '2022-09-21 22:43:24', '1', '2022-09-21 22:43:24', b'0', 122);
INSERT INTO `system_role_menu`
VALUES (1841, 109, 1036, '1', '2022-09-21 22:48:13', '1', '2022-09-21 22:48:13', b'0', 121);
INSERT INTO `system_role_menu`
VALUES (1842, 109, 1037, '1', '2022-09-21 22:48:13', '1', '2022-09-21 22:48:13', b'0', 121);
INSERT INTO `system_role_menu`
VALUES (1843, 109, 1038, '1', '2022-09-21 22:48:13', '1', '2022-09-21 22:48:13', b'0', 121);
INSERT INTO `system_role_menu`
VALUES (1844, 109, 1039, '1', '2022-09-21 22:48:13', '1', '2022-09-21 22:48:13', b'0', 121);
INSERT INTO `system_role_menu`
VALUES (1845, 109, 107, '1', '2022-09-21 22:48:13', '1', '2022-09-21 22:48:13', b'0', 121);
INSERT INTO `system_role_menu`
VALUES (1846, 111, 1036, '1', '2022-09-21 22:48:13', '1', '2022-09-21 22:48:13', b'0', 122);
INSERT INTO `system_role_menu`
VALUES (1847, 111, 1037, '1', '2022-09-21 22:48:13', '1', '2022-09-21 22:48:13', b'0', 122);
INSERT INTO `system_role_menu`
VALUES (1848, 111, 1038, '1', '2022-09-21 22:48:13', '1', '2022-09-21 22:48:13', b'0', 122);
INSERT INTO `system_role_menu`
VALUES (1849, 111, 1039, '1', '2022-09-21 22:48:13', '1', '2022-09-21 22:48:13', b'0', 122);
INSERT INTO `system_role_menu`
VALUES (1850, 111, 107, '1', '2022-09-21 22:48:13', '1', '2022-09-21 22:48:13', b'0', 122);
INSERT INTO `system_role_menu`
VALUES (1991, 2, 1024, '1', '2023-01-25 08:42:52', '1', '2023-01-25 08:42:52', b'0', 1);
INSERT INTO `system_role_menu`
VALUES (1992, 2, 1025, '1', '2023-01-25 08:42:52', '1', '2023-01-25 08:42:52', b'0', 1);
INSERT INTO `system_role_menu`
VALUES (1993, 2, 1026, '1', '2023-01-25 08:42:52', '1', '2023-01-25 08:42:52', b'0', 1);
INSERT INTO `system_role_menu`
VALUES (1994, 2, 1027, '1', '2023-01-25 08:42:52', '1', '2023-01-25 08:42:52', b'0', 1);
INSERT INTO `system_role_menu`
VALUES (1995, 2, 1028, '1', '2023-01-25 08:42:52', '1', '2023-01-25 08:42:52', b'0', 1);
INSERT INTO `system_role_menu`
VALUES (1996, 2, 1029, '1', '2023-01-25 08:42:52', '1', '2023-01-25 08:42:52', b'0', 1);
INSERT INTO `system_role_menu`
VALUES (1997, 2, 1030, '1', '2023-01-25 08:42:52', '1', '2023-01-25 08:42:52', b'0', 1);
INSERT INTO `system_role_menu`
VALUES (1998, 2, 1031, '1', '2023-01-25 08:42:52', '1', '2023-01-25 08:42:52', b'0', 1);
INSERT INTO `system_role_menu`
VALUES (1999, 2, 1032, '1', '2023-01-25 08:42:52', '1', '2023-01-25 08:42:52', b'0', 1);
INSERT INTO `system_role_menu`
VALUES (2000, 2, 1033, '1', '2023-01-25 08:42:52', '1', '2023-01-25 08:42:52', b'0', 1);
INSERT INTO `system_role_menu`
VALUES (2001, 2, 1034, '1', '2023-01-25 08:42:52', '1', '2023-01-25 08:42:52', b'0', 1);
INSERT INTO `system_role_menu`
VALUES (2002, 2, 1035, '1', '2023-01-25 08:42:52', '1', '2023-01-25 08:42:52', b'0', 1);
INSERT INTO `system_role_menu`
VALUES (2003, 2, 1036, '1', '2023-01-25 08:42:52', '1', '2023-01-25 08:42:52', b'0', 1);
INSERT INTO `system_role_menu`
VALUES (2004, 2, 1037, '1', '2023-01-25 08:42:52', '1', '2023-01-25 08:42:52', b'0', 1);
INSERT INTO `system_role_menu`
VALUES (2005, 2, 1038, '1', '2023-01-25 08:42:52', '1', '2023-01-25 08:42:52', b'0', 1);
INSERT INTO `system_role_menu`
VALUES (2006, 2, 1039, '1', '2023-01-25 08:42:52', '1', '2023-01-25 08:42:52', b'0', 1);
INSERT INTO `system_role_menu`
VALUES (2007, 2, 1040, '1', '2023-01-25 08:42:52', '1', '2023-01-25 08:42:52', b'0', 1);
INSERT INTO `system_role_menu`
VALUES (2008, 2, 1042, '1', '2023-01-25 08:42:52', '1', '2023-01-25 08:42:52', b'0', 1);
INSERT INTO `system_role_menu`
VALUES (2009, 2, 1043, '1', '2023-01-25 08:42:52', '1', '2023-01-25 08:42:52', b'0', 1);
INSERT INTO `system_role_menu`
VALUES (2010, 2, 1045, '1', '2023-01-25 08:42:52', '1', '2023-01-25 08:42:52', b'0', 1);
INSERT INTO `system_role_menu`
VALUES (2011, 2, 1046, '1', '2023-01-25 08:42:52', '1', '2023-01-25 08:42:52', b'0', 1);
INSERT INTO `system_role_menu`
VALUES (2012, 2, 1048, '1', '2023-01-25 08:42:52', '1', '2023-01-25 08:42:52', b'0', 1);
INSERT INTO `system_role_menu`
VALUES (2013, 2, 1050, '1', '2023-01-25 08:42:52', '1', '2023-01-25 08:42:52', b'0', 1);
INSERT INTO `system_role_menu`
VALUES (2014, 2, 1051, '1', '2023-01-25 08:42:52', '1', '2023-01-25 08:42:52', b'0', 1);
INSERT INTO `system_role_menu`
VALUES (2015, 2, 1052, '1', '2023-01-25 08:42:52', '1', '2023-01-25 08:42:52', b'0', 1);
INSERT INTO `system_role_menu`
VALUES (2016, 2, 1053, '1', '2023-01-25 08:42:52', '1', '2023-01-25 08:42:52', b'0', 1);
INSERT INTO `system_role_menu`
VALUES (2017, 2, 1054, '1', '2023-01-25 08:42:52', '1', '2023-01-25 08:42:52', b'0', 1);
INSERT INTO `system_role_menu`
VALUES (2018, 2, 1056, '1', '2023-01-25 08:42:52', '1', '2023-01-25 08:42:52', b'0', 1);
INSERT INTO `system_role_menu`
VALUES (2019, 2, 1057, '1', '2023-01-25 08:42:52', '1', '2023-01-25 08:42:52', b'0', 1);
INSERT INTO `system_role_menu`
VALUES (2020, 2, 1058, '1', '2023-01-25 08:42:52', '1', '2023-01-25 08:42:52', b'0', 1);
INSERT INTO `system_role_menu`
VALUES (2021, 2, 2083, '1', '2023-01-25 08:42:52', '1', '2023-01-25 08:42:52', b'0', 1);
INSERT INTO `system_role_menu`
VALUES (2022, 2, 1059, '1', '2023-01-25 08:42:52', '1', '2023-01-25 08:42:52', b'0', 1);
INSERT INTO `system_role_menu`
VALUES (2023, 2, 1060, '1', '2023-01-25 08:42:52', '1', '2023-01-25 08:42:52', b'0', 1);
INSERT INTO `system_role_menu`
VALUES (2024, 2, 1063, '1', '2023-01-25 08:42:52', '1', '2023-01-25 08:42:52', b'0', 1);
INSERT INTO `system_role_menu`
VALUES (2025, 2, 1064, '1', '2023-01-25 08:42:52', '1', '2023-01-25 08:42:52', b'0', 1);
INSERT INTO `system_role_menu`
VALUES (2026, 2, 1065, '1', '2023-01-25 08:42:52', '1', '2023-01-25 08:42:52', b'0', 1);
INSERT INTO `system_role_menu`
VALUES (2027, 2, 1066, '1', '2023-01-25 08:42:52', '1', '2023-01-25 08:42:52', b'0', 1);
INSERT INTO `system_role_menu`
VALUES (2028, 2, 1067, '1', '2023-01-25 08:42:52', '1', '2023-01-25 08:42:52', b'0', 1);
INSERT INTO `system_role_menu`
VALUES (2029, 2, 1070, '1', '2023-01-25 08:42:52', '1', '2023-01-25 08:42:52', b'0', 1);
INSERT INTO `system_role_menu`
VALUES (2034, 2, 1075, '1', '2023-01-25 08:42:52', '1', '2023-01-25 08:42:52', b'0', 1);
INSERT INTO `system_role_menu`
VALUES (2036, 2, 1082, '1', '2023-01-25 08:42:52', '1', '2023-01-25 08:42:52', b'0', 1);
INSERT INTO `system_role_menu`
VALUES (2037, 2, 1085, '1', '2023-01-25 08:42:52', '1', '2023-01-25 08:42:52', b'0', 1);
INSERT INTO `system_role_menu`
VALUES (2038, 2, 1086, '1', '2023-01-25 08:42:52', '1', '2023-01-25 08:42:52', b'0', 1);
INSERT INTO `system_role_menu`
VALUES (2039, 2, 1087, '1', '2023-01-25 08:42:52', '1', '2023-01-25 08:42:52', b'0', 1);
INSERT INTO `system_role_menu`
VALUES (2040, 2, 1088, '1', '2023-01-25 08:42:52', '1', '2023-01-25 08:42:52', b'0', 1);
INSERT INTO `system_role_menu`
VALUES (2041, 2, 1089, '1', '2023-01-25 08:42:52', '1', '2023-01-25 08:42:52', b'0', 1);
INSERT INTO `system_role_menu`
VALUES (2042, 2, 1091, '1', '2023-01-25 08:42:52', '1', '2023-01-25 08:42:52', b'0', 1);
INSERT INTO `system_role_menu`
VALUES (2043, 2, 1092, '1', '2023-01-25 08:42:52', '1', '2023-01-25 08:42:52', b'0', 1);
INSERT INTO `system_role_menu`
VALUES (2044, 2, 1095, '1', '2023-01-25 08:42:52', '1', '2023-01-25 08:42:52', b'0', 1);
INSERT INTO `system_role_menu`
VALUES (2045, 2, 1096, '1', '2023-01-25 08:42:52', '1', '2023-01-25 08:42:52', b'0', 1);
INSERT INTO `system_role_menu`
VALUES (2046, 2, 1097, '1', '2023-01-25 08:42:52', '1', '2023-01-25 08:42:52', b'0', 1);
INSERT INTO `system_role_menu`
VALUES (2047, 2, 1098, '1', '2023-01-25 08:42:52', '1', '2023-01-25 08:42:52', b'0', 1);
INSERT INTO `system_role_menu`
VALUES (2048, 2, 1101, '1', '2023-01-25 08:42:52', '1', '2023-01-25 08:42:52', b'0', 1);
INSERT INTO `system_role_menu`
VALUES (2049, 2, 1102, '1', '2023-01-25 08:42:52', '1', '2023-01-25 08:42:52', b'0', 1);
INSERT INTO `system_role_menu`
VALUES (2050, 2, 1103, '1', '2023-01-25 08:42:52', '1', '2023-01-25 08:42:52', b'0', 1);
INSERT INTO `system_role_menu`
VALUES (2051, 2, 1104, '1', '2023-01-25 08:42:52', '1', '2023-01-25 08:42:52', b'0', 1);
INSERT INTO `system_role_menu`
VALUES (2052, 2, 1105, '1', '2023-01-25 08:42:52', '1', '2023-01-25 08:42:52', b'0', 1);
INSERT INTO `system_role_menu`
VALUES (2053, 2, 1106, '1', '2023-01-25 08:42:52', '1', '2023-01-25 08:42:52', b'0', 1);
INSERT INTO `system_role_menu`
VALUES (2054, 2, 1108, '1', '2023-01-25 08:42:52', '1', '2023-01-25 08:42:52', b'0', 1);
INSERT INTO `system_role_menu`
VALUES (2055, 2, 1109, '1', '2023-01-25 08:42:52', '1', '2023-01-25 08:42:52', b'0', 1);
INSERT INTO `system_role_menu`
VALUES (2061, 2, 1127, '1', '2023-01-25 08:42:52', '1', '2023-01-25 08:42:52', b'0', 1);
INSERT INTO `system_role_menu`
VALUES (2062, 2, 1128, '1', '2023-01-25 08:42:52', '1', '2023-01-25 08:42:52', b'0', 1);
INSERT INTO `system_role_menu`
VALUES (2063, 2, 1129, '1', '2023-01-25 08:42:52', '1', '2023-01-25 08:42:52', b'0', 1);
INSERT INTO `system_role_menu`
VALUES (2064, 2, 1130, '1', '2023-01-25 08:42:52', '1', '2023-01-25 08:42:52', b'0', 1);
INSERT INTO `system_role_menu`
VALUES (2066, 2, 1132, '1', '2023-01-25 08:42:52', '1', '2023-01-25 08:42:52', b'0', 1);
INSERT INTO `system_role_menu`
VALUES (2067, 2, 1133, '1', '2023-01-25 08:42:52', '1', '2023-01-25 08:42:52', b'0', 1);
INSERT INTO `system_role_menu`
VALUES (2068, 2, 1134, '1', '2023-01-25 08:42:52', '1', '2023-01-25 08:42:52', b'0', 1);
INSERT INTO `system_role_menu`
VALUES (2069, 2, 1135, '1', '2023-01-25 08:42:52', '1', '2023-01-25 08:42:52', b'0', 1);
INSERT INTO `system_role_menu`
VALUES (2070, 2, 1136, '1', '2023-01-25 08:42:52', '1', '2023-01-25 08:42:52', b'0', 1);
INSERT INTO `system_role_menu`
VALUES (2071, 2, 1137, '1', '2023-01-25 08:42:52', '1', '2023-01-25 08:42:52', b'0', 1);
INSERT INTO `system_role_menu`
VALUES (2072, 2, 114, '1', '2023-01-25 08:42:52', '1', '2023-01-25 08:42:52', b'0', 1);
INSERT INTO `system_role_menu`
VALUES (2073, 2, 1139, '1', '2023-01-25 08:42:52', '1', '2023-01-25 08:42:52', b'0', 1);
INSERT INTO `system_role_menu`
VALUES (2074, 2, 115, '1', '2023-01-25 08:42:52', '1', '2023-01-25 08:42:52', b'0', 1);
INSERT INTO `system_role_menu`
VALUES (2075, 2, 1140, '1', '2023-01-25 08:42:52', '1', '2023-01-25 08:42:52', b'0', 1);
INSERT INTO `system_role_menu`
VALUES (2076, 2, 116, '1', '2023-01-25 08:42:52', '1', '2023-01-25 08:42:52', b'0', 1);
INSERT INTO `system_role_menu`
VALUES (2077, 2, 1141, '1', '2023-01-25 08:42:52', '1', '2023-01-25 08:42:52', b'0', 1);
INSERT INTO `system_role_menu`
VALUES (2078, 2, 1142, '1', '2023-01-25 08:42:52', '1', '2023-01-25 08:42:52', b'0', 1);
INSERT INTO `system_role_menu`
VALUES (2079, 2, 1143, '1', '2023-01-25 08:42:52', '1', '2023-01-25 08:42:52', b'0', 1);
INSERT INTO `system_role_menu`
VALUES (2080, 2, 1150, '1', '2023-01-25 08:42:52', '1', '2023-01-25 08:42:52', b'0', 1);
INSERT INTO `system_role_menu`
VALUES (2081, 2, 1161, '1', '2023-01-25 08:42:52', '1', '2023-01-25 08:42:52', b'0', 1);
INSERT INTO `system_role_menu`
VALUES (2082, 2, 1162, '1', '2023-01-25 08:42:52', '1', '2023-01-25 08:42:52', b'0', 1);
INSERT INTO `system_role_menu`
VALUES (2086, 2, 1166, '1', '2023-01-25 08:42:52', '1', '2023-01-25 08:42:52', b'0', 1);
INSERT INTO `system_role_menu`
VALUES (2087, 2, 1173, '1', '2023-01-25 08:42:52', '1', '2023-01-25 08:42:52', b'0', 1);
INSERT INTO `system_role_menu`
VALUES (2088, 2, 1174, '1', '2023-01-25 08:42:52', '1', '2023-01-25 08:42:52', b'0', 1);
INSERT INTO `system_role_menu`
VALUES (2092, 2, 1178, '1', '2023-01-25 08:42:52', '1', '2023-01-25 08:42:52', b'0', 1);
INSERT INTO `system_role_menu`
VALUES (2099, 2, 1226, '1', '2023-01-25 08:42:52', '1', '2023-01-25 08:42:52', b'0', 1);
INSERT INTO `system_role_menu`
VALUES (2100, 2, 1227, '1', '2023-01-25 08:42:52', '1', '2023-01-25 08:42:52', b'0', 1);
INSERT INTO `system_role_menu`
VALUES (2101, 2, 1228, '1', '2023-01-25 08:42:52', '1', '2023-01-25 08:42:52', b'0', 1);
INSERT INTO `system_role_menu`
VALUES (2102, 2, 1229, '1', '2023-01-25 08:42:52', '1', '2023-01-25 08:42:52', b'0', 1);
INSERT INTO `system_role_menu`
VALUES (2103, 2, 1237, '1', '2023-01-25 08:42:52', '1', '2023-01-25 08:42:52', b'0', 1);
INSERT INTO `system_role_menu`
VALUES (2104, 2, 1238, '1', '2023-01-25 08:42:52', '1', '2023-01-25 08:42:52', b'0', 1);
INSERT INTO `system_role_menu`
VALUES (2105, 2, 1239, '1', '2023-01-25 08:42:52', '1', '2023-01-25 08:42:52', b'0', 1);
INSERT INTO `system_role_menu`
VALUES (2106, 2, 1240, '1', '2023-01-25 08:42:52', '1', '2023-01-25 08:42:52', b'0', 1);
INSERT INTO `system_role_menu`
VALUES (2107, 2, 1241, '1', '2023-01-25 08:42:52', '1', '2023-01-25 08:42:52', b'0', 1);
INSERT INTO `system_role_menu`
VALUES (2108, 2, 1242, '1', '2023-01-25 08:42:52', '1', '2023-01-25 08:42:52', b'0', 1);
INSERT INTO `system_role_menu`
VALUES (2109, 2, 1243, '1', '2023-01-25 08:42:52', '1', '2023-01-25 08:42:52', b'0', 1);
INSERT INTO `system_role_menu`
VALUES (2116, 2, 1254, '1', '2023-01-25 08:42:52', '1', '2023-01-25 08:42:52', b'0', 1);
INSERT INTO `system_role_menu`
VALUES (2117, 2, 1255, '1', '2023-01-25 08:42:52', '1', '2023-01-25 08:42:52', b'0', 1);
INSERT INTO `system_role_menu`
VALUES (2118, 2, 1256, '1', '2023-01-25 08:42:52', '1', '2023-01-25 08:42:52', b'0', 1);
INSERT INTO `system_role_menu`
VALUES (2119, 2, 1257, '1', '2023-01-25 08:42:52', '1', '2023-01-25 08:42:52', b'0', 1);
INSERT INTO `system_role_menu`
VALUES (2120, 2, 1258, '1', '2023-01-25 08:42:52', '1', '2023-01-25 08:42:52', b'0', 1);
INSERT INTO `system_role_menu`
VALUES (2121, 2, 1259, '1', '2023-01-25 08:42:52', '1', '2023-01-25 08:42:52', b'0', 1);
INSERT INTO `system_role_menu`
VALUES (2122, 2, 1260, '1', '2023-01-25 08:42:52', '1', '2023-01-25 08:42:52', b'0', 1);
INSERT INTO `system_role_menu`
VALUES (2123, 2, 1261, '1', '2023-01-25 08:42:52', '1', '2023-01-25 08:42:52', b'0', 1);
INSERT INTO `system_role_menu`
VALUES (2124, 2, 1263, '1', '2023-01-25 08:42:52', '1', '2023-01-25 08:42:52', b'0', 1);
INSERT INTO `system_role_menu`
VALUES (2125, 2, 1264, '1', '2023-01-25 08:42:52', '1', '2023-01-25 08:42:52', b'0', 1);
INSERT INTO `system_role_menu`
VALUES (2126, 2, 1265, '1', '2023-01-25 08:42:52', '1', '2023-01-25 08:42:52', b'0', 1);
INSERT INTO `system_role_menu`
VALUES (2127, 2, 1266, '1', '2023-01-25 08:42:52', '1', '2023-01-25 08:42:52', b'0', 1);
INSERT INTO `system_role_menu`
VALUES (2128, 2, 1267, '1', '2023-01-25 08:42:52', '1', '2023-01-25 08:42:52', b'0', 1);
INSERT INTO `system_role_menu`
VALUES (2129, 2, 1001, '1', '2023-01-25 08:42:52', '1', '2023-01-25 08:42:52', b'0', 1);
INSERT INTO `system_role_menu`
VALUES (2130, 2, 1002, '1', '2023-01-25 08:42:52', '1', '2023-01-25 08:42:52', b'0', 1);
INSERT INTO `system_role_menu`
VALUES (2131, 2, 1003, '1', '2023-01-25 08:42:52', '1', '2023-01-25 08:42:52', b'0', 1);
INSERT INTO `system_role_menu`
VALUES (2132, 2, 1004, '1', '2023-01-25 08:42:52', '1', '2023-01-25 08:42:52', b'0', 1);
INSERT INTO `system_role_menu`
VALUES (2133, 2, 1005, '1', '2023-01-25 08:42:52', '1', '2023-01-25 08:42:52', b'0', 1);
INSERT INTO `system_role_menu`
VALUES (2134, 2, 1006, '1', '2023-01-25 08:42:52', '1', '2023-01-25 08:42:52', b'0', 1);
INSERT INTO `system_role_menu`
VALUES (2135, 2, 1007, '1', '2023-01-25 08:42:52', '1', '2023-01-25 08:42:52', b'0', 1);
INSERT INTO `system_role_menu`
VALUES (2136, 2, 1008, '1', '2023-01-25 08:42:52', '1', '2023-01-25 08:42:52', b'0', 1);
INSERT INTO `system_role_menu`
VALUES (2137, 2, 1009, '1', '2023-01-25 08:42:52', '1', '2023-01-25 08:42:52', b'0', 1);
INSERT INTO `system_role_menu`
VALUES (2138, 2, 1010, '1', '2023-01-25 08:42:52', '1', '2023-01-25 08:42:52', b'0', 1);
INSERT INTO `system_role_menu`
VALUES (2139, 2, 1011, '1', '2023-01-25 08:42:52', '1', '2023-01-25 08:42:52', b'0', 1);
INSERT INTO `system_role_menu`
VALUES (2140, 2, 1012, '1', '2023-01-25 08:42:52', '1', '2023-01-25 08:42:52', b'0', 1);
INSERT INTO `system_role_menu`
VALUES (2141, 2, 1013, '1', '2023-01-25 08:42:52', '1', '2023-01-25 08:42:52', b'0', 1);
INSERT INTO `system_role_menu`
VALUES (2143, 2, 1015, '1', '2023-01-25 08:42:52', '1', '2023-01-25 08:42:52', b'0', 1);
INSERT INTO `system_role_menu`
VALUES (2145, 2, 1017, '1', '2023-01-25 08:42:52', '1', '2023-01-25 08:42:52', b'0', 1);
INSERT INTO `system_role_menu`
VALUES (2146, 2, 1018, '1', '2023-01-25 08:42:52', '1', '2023-01-25 08:42:52', b'0', 1);
INSERT INTO `system_role_menu`
VALUES (2147, 2, 1019, '1', '2023-01-25 08:42:52', '1', '2023-01-25 08:42:52', b'0', 1);
INSERT INTO `system_role_menu`
VALUES (2148, 2, 1020, '1', '2023-01-25 08:42:52', '1', '2023-01-25 08:42:52', b'0', 1);
INSERT INTO `system_role_menu`
VALUES (2149, 2, 1021, '1', '2023-01-25 08:42:52', '1', '2023-01-25 08:42:52', b'0', 1);
INSERT INTO `system_role_menu`
VALUES (2150, 2, 1022, '1', '2023-01-25 08:42:52', '1', '2023-01-25 08:42:52', b'0', 1);
INSERT INTO `system_role_menu`
VALUES (2151, 2, 1023, '1', '2023-01-25 08:42:52', '1', '2023-01-25 08:42:52', b'0', 1);
INSERT INTO `system_role_menu`
VALUES (2152, 2, 1281, '1', '2023-01-25 08:42:58', '1', '2023-01-25 08:42:58', b'0', 1);
INSERT INTO `system_role_menu`
VALUES (2153, 2, 1282, '1', '2023-01-25 08:42:58', '1', '2023-01-25 08:42:58', b'0', 1);
INSERT INTO `system_role_menu`
VALUES (2154, 2, 2000, '1', '2023-01-25 08:42:58', '1', '2023-01-25 08:42:58', b'0', 1);
INSERT INTO `system_role_menu`
VALUES (2155, 2, 2002, '1', '2023-01-25 08:42:58', '1', '2023-01-25 08:42:58', b'0', 1);
INSERT INTO `system_role_menu`
VALUES (2156, 2, 2003, '1', '2023-01-25 08:42:58', '1', '2023-01-25 08:42:58', b'0', 1);
INSERT INTO `system_role_menu`
VALUES (2157, 2, 2004, '1', '2023-01-25 08:42:58', '1', '2023-01-25 08:42:58', b'0', 1);
INSERT INTO `system_role_menu`
VALUES (2158, 2, 2005, '1', '2023-01-25 08:42:58', '1', '2023-01-25 08:42:58', b'0', 1);
INSERT INTO `system_role_menu`
VALUES (2159, 2, 2006, '1', '2023-01-25 08:42:58', '1', '2023-01-25 08:42:58', b'0', 1);
INSERT INTO `system_role_menu`
VALUES (2160, 2, 2008, '1', '2023-01-25 08:42:58', '1', '2023-01-25 08:42:58', b'0', 1);
INSERT INTO `system_role_menu`
VALUES (2161, 2, 2009, '1', '2023-01-25 08:42:58', '1', '2023-01-25 08:42:58', b'0', 1);
INSERT INTO `system_role_menu`
VALUES (2162, 2, 2010, '1', '2023-01-25 08:42:58', '1', '2023-01-25 08:42:58', b'0', 1);
INSERT INTO `system_role_menu`
VALUES (2163, 2, 2011, '1', '2023-01-25 08:42:58', '1', '2023-01-25 08:42:58', b'0', 1);
INSERT INTO `system_role_menu`
VALUES (2164, 2, 2012, '1', '2023-01-25 08:42:58', '1', '2023-01-25 08:42:58', b'0', 1);
INSERT INTO `system_role_menu`
VALUES (2170, 2, 2019, '1', '2023-01-25 08:42:58', '1', '2023-01-25 08:42:58', b'0', 1);
INSERT INTO `system_role_menu`
VALUES (2171, 2, 2020, '1', '2023-01-25 08:42:58', '1', '2023-01-25 08:42:58', b'0', 1);
INSERT INTO `system_role_menu`
VALUES (2172, 2, 2021, '1', '2023-01-25 08:42:58', '1', '2023-01-25 08:42:58', b'0', 1);
INSERT INTO `system_role_menu`
VALUES (2173, 2, 2022, '1', '2023-01-25 08:42:58', '1', '2023-01-25 08:42:58', b'0', 1);
INSERT INTO `system_role_menu`
VALUES (2174, 2, 2023, '1', '2023-01-25 08:42:58', '1', '2023-01-25 08:42:58', b'0', 1);
INSERT INTO `system_role_menu`
VALUES (2175, 2, 2025, '1', '2023-01-25 08:42:58', '1', '2023-01-25 08:42:58', b'0', 1);
INSERT INTO `system_role_menu`
VALUES (2177, 2, 2027, '1', '2023-01-25 08:42:58', '1', '2023-01-25 08:42:58', b'0', 1);
INSERT INTO `system_role_menu`
VALUES (2178, 2, 2028, '1', '2023-01-25 08:42:58', '1', '2023-01-25 08:42:58', b'0', 1);
INSERT INTO `system_role_menu`
VALUES (2179, 2, 2029, '1', '2023-01-25 08:42:58', '1', '2023-01-25 08:42:58', b'0', 1);
INSERT INTO `system_role_menu`
VALUES (2180, 2, 2014, '1', '2023-01-25 08:43:12', '1', '2023-01-25 08:43:12', b'0', 1);
INSERT INTO `system_role_menu`
VALUES (2181, 2, 2015, '1', '2023-01-25 08:43:12', '1', '2023-01-25 08:43:12', b'0', 1);
INSERT INTO `system_role_menu`
VALUES (2182, 2, 2016, '1', '2023-01-25 08:43:12', '1', '2023-01-25 08:43:12', b'0', 1);
INSERT INTO `system_role_menu`
VALUES (2183, 2, 2017, '1', '2023-01-25 08:43:12', '1', '2023-01-25 08:43:12', b'0', 1);
INSERT INTO `system_role_menu`
VALUES (2184, 2, 2018, '1', '2023-01-25 08:43:12', '1', '2023-01-25 08:43:12', b'0', 1);
INSERT INTO `system_role_menu`
VALUES (2929, 109, 1224, '1', '2023-12-02 23:19:40', '1', '2023-12-02 23:19:40', b'0', 121);
INSERT INTO `system_role_menu`
VALUES (2930, 109, 1225, '1', '2023-12-02 23:19:40', '1', '2023-12-02 23:19:40', b'0', 121);
INSERT INTO `system_role_menu`
VALUES (2931, 109, 1226, '1', '2023-12-02 23:19:40', '1', '2023-12-02 23:19:40', b'0', 121);
INSERT INTO `system_role_menu`
VALUES (2932, 109, 1227, '1', '2023-12-02 23:19:40', '1', '2023-12-02 23:19:40', b'0', 121);
INSERT INTO `system_role_menu`
VALUES (2933, 109, 1228, '1', '2023-12-02 23:19:40', '1', '2023-12-02 23:19:40', b'0', 121);
INSERT INTO `system_role_menu`
VALUES (2934, 109, 1229, '1', '2023-12-02 23:19:40', '1', '2023-12-02 23:19:40', b'0', 121);
INSERT INTO `system_role_menu`
VALUES (2935, 109, 1138, '1', '2023-12-02 23:19:40', '1', '2023-12-02 23:19:40', b'0', 121);
INSERT INTO `system_role_menu`
VALUES (2936, 109, 1139, '1', '2023-12-02 23:19:40', '1', '2023-12-02 23:19:40', b'0', 121);
INSERT INTO `system_role_menu`
VALUES (2937, 109, 1140, '1', '2023-12-02 23:19:40', '1', '2023-12-02 23:19:40', b'0', 121);
INSERT INTO `system_role_menu`
VALUES (2938, 109, 1141, '1', '2023-12-02 23:19:40', '1', '2023-12-02 23:19:40', b'0', 121);
INSERT INTO `system_role_menu`
VALUES (2939, 109, 1142, '1', '2023-12-02 23:19:40', '1', '2023-12-02 23:19:40', b'0', 121);
INSERT INTO `system_role_menu`
VALUES (2940, 109, 1143, '1', '2023-12-02 23:19:40', '1', '2023-12-02 23:19:40', b'0', 121);
INSERT INTO `system_role_menu`
VALUES (2941, 111, 1224, '1', '2023-12-02 23:19:40', '1', '2023-12-02 23:19:40', b'0', 122);
INSERT INTO `system_role_menu`
VALUES (2942, 111, 1225, '1', '2023-12-02 23:19:40', '1', '2023-12-02 23:19:40', b'0', 122);
INSERT INTO `system_role_menu`
VALUES (2943, 111, 1226, '1', '2023-12-02 23:19:40', '1', '2023-12-02 23:19:40', b'0', 122);
INSERT INTO `system_role_menu`
VALUES (2944, 111, 1227, '1', '2023-12-02 23:19:40', '1', '2023-12-02 23:19:40', b'0', 122);
INSERT INTO `system_role_menu`
VALUES (2945, 111, 1228, '1', '2023-12-02 23:19:40', '1', '2023-12-02 23:19:40', b'0', 122);
INSERT INTO `system_role_menu`
VALUES (2946, 111, 1229, '1', '2023-12-02 23:19:40', '1', '2023-12-02 23:19:40', b'0', 122);
INSERT INTO `system_role_menu`
VALUES (2947, 111, 1138, '1', '2023-12-02 23:19:40', '1', '2023-12-02 23:19:40', b'0', 122);
INSERT INTO `system_role_menu`
VALUES (2948, 111, 1139, '1', '2023-12-02 23:19:40', '1', '2023-12-02 23:19:40', b'0', 122);
INSERT INTO `system_role_menu`
VALUES (2949, 111, 1140, '1', '2023-12-02 23:19:40', '1', '2023-12-02 23:19:40', b'0', 122);
INSERT INTO `system_role_menu`
VALUES (2950, 111, 1141, '1', '2023-12-02 23:19:40', '1', '2023-12-02 23:19:40', b'0', 122);
INSERT INTO `system_role_menu`
VALUES (2951, 111, 1142, '1', '2023-12-02 23:19:40', '1', '2023-12-02 23:19:40', b'0', 122);
INSERT INTO `system_role_menu`
VALUES (2952, 111, 1143, '1', '2023-12-02 23:19:40', '1', '2023-12-02 23:19:40', b'0', 122);
INSERT INTO `system_role_menu`
VALUES (2993, 109, 2, '1', '2023-12-02 23:41:02', '1', '2023-12-02 23:41:02', b'0', 121);
INSERT INTO `system_role_menu`
VALUES (2994, 109, 1031, '1', '2023-12-02 23:41:02', '1', '2023-12-02 23:41:02', b'0', 121);
INSERT INTO `system_role_menu`
VALUES (2995, 109, 1032, '1', '2023-12-02 23:41:02', '1', '2023-12-02 23:41:02', b'0', 121);
INSERT INTO `system_role_menu`
VALUES (2996, 109, 1033, '1', '2023-12-02 23:41:02', '1', '2023-12-02 23:41:02', b'0', 121);
INSERT INTO `system_role_menu`
VALUES (2997, 109, 1034, '1', '2023-12-02 23:41:02', '1', '2023-12-02 23:41:02', b'0', 121);
INSERT INTO `system_role_menu`
VALUES (2998, 109, 1035, '1', '2023-12-02 23:41:02', '1', '2023-12-02 23:41:02', b'0', 121);
INSERT INTO `system_role_menu`
VALUES (2999, 109, 1050, '1', '2023-12-02 23:41:02', '1', '2023-12-02 23:41:02', b'0', 121);
INSERT INTO `system_role_menu`
VALUES (3000, 109, 1051, '1', '2023-12-02 23:41:02', '1', '2023-12-02 23:41:02', b'0', 121);
INSERT INTO `system_role_menu`
VALUES (3001, 109, 1052, '1', '2023-12-02 23:41:02', '1', '2023-12-02 23:41:02', b'0', 121);
INSERT INTO `system_role_menu`
VALUES (3002, 109, 1053, '1', '2023-12-02 23:41:02', '1', '2023-12-02 23:41:02', b'0', 121);
INSERT INTO `system_role_menu`
VALUES (3003, 109, 1054, '1', '2023-12-02 23:41:02', '1', '2023-12-02 23:41:02', b'0', 121);
INSERT INTO `system_role_menu`
VALUES (3004, 109, 1056, '1', '2023-12-02 23:41:02', '1', '2023-12-02 23:41:02', b'0', 121);
INSERT INTO `system_role_menu`
VALUES (3005, 109, 1057, '1', '2023-12-02 23:41:02', '1', '2023-12-02 23:41:02', b'0', 121);
INSERT INTO `system_role_menu`
VALUES (3006, 109, 1058, '1', '2023-12-02 23:41:02', '1', '2023-12-02 23:41:02', b'0', 121);
INSERT INTO `system_role_menu`
VALUES (3007, 109, 1059, '1', '2023-12-02 23:41:02', '1', '2023-12-02 23:41:02', b'0', 121);
INSERT INTO `system_role_menu`
VALUES (3008, 109, 1060, '1', '2023-12-02 23:41:02', '1', '2023-12-02 23:41:02', b'0', 121);
INSERT INTO `system_role_menu`
VALUES (3009, 109, 1066, '1', '2023-12-02 23:41:02', '1', '2023-12-02 23:41:02', b'0', 121);
INSERT INTO `system_role_menu`
VALUES (3010, 109, 1067, '1', '2023-12-02 23:41:02', '1', '2023-12-02 23:41:02', b'0', 121);
INSERT INTO `system_role_menu`
VALUES (3011, 109, 1070, '1', '2023-12-02 23:41:02', '1', '2023-12-02 23:41:02', b'0', 121);
INSERT INTO `system_role_menu`
VALUES (3012, 109, 1075, '1', '2023-12-02 23:41:02', '1', '2023-12-02 23:41:02', b'0', 121);
INSERT INTO `system_role_menu`
VALUES (3014, 109, 1077, '1', '2023-12-02 23:41:02', '1', '2023-12-02 23:41:02', b'0', 121);
INSERT INTO `system_role_menu`
VALUES (3015, 109, 1078, '1', '2023-12-02 23:41:02', '1', '2023-12-02 23:41:02', b'0', 121);
INSERT INTO `system_role_menu`
VALUES (3016, 109, 1082, '1', '2023-12-02 23:41:02', '1', '2023-12-02 23:41:02', b'0', 121);
INSERT INTO `system_role_menu`
VALUES (3017, 109, 1083, '1', '2023-12-02 23:41:02', '1', '2023-12-02 23:41:02', b'0', 121);
INSERT INTO `system_role_menu`
VALUES (3018, 109, 1084, '1', '2023-12-02 23:41:02', '1', '2023-12-02 23:41:02', b'0', 121);
INSERT INTO `system_role_menu`
VALUES (3019, 109, 1085, '1', '2023-12-02 23:41:02', '1', '2023-12-02 23:41:02', b'0', 121);
INSERT INTO `system_role_menu`
VALUES (3020, 109, 1086, '1', '2023-12-02 23:41:02', '1', '2023-12-02 23:41:02', b'0', 121);
INSERT INTO `system_role_menu`
VALUES (3021, 109, 1087, '1', '2023-12-02 23:41:02', '1', '2023-12-02 23:41:02', b'0', 121);
INSERT INTO `system_role_menu`
VALUES (3022, 109, 1088, '1', '2023-12-02 23:41:02', '1', '2023-12-02 23:41:02', b'0', 121);
INSERT INTO `system_role_menu`
VALUES (3023, 109, 1089, '1', '2023-12-02 23:41:02', '1', '2023-12-02 23:41:02', b'0', 121);
INSERT INTO `system_role_menu`
VALUES (3024, 109, 1090, '1', '2023-12-02 23:41:02', '1', '2023-12-02 23:41:02', b'0', 121);
INSERT INTO `system_role_menu`
VALUES (3025, 109, 1091, '1', '2023-12-02 23:41:02', '1', '2023-12-02 23:41:02', b'0', 121);
INSERT INTO `system_role_menu`
VALUES (3026, 109, 1092, '1', '2023-12-02 23:41:02', '1', '2023-12-02 23:41:02', b'0', 121);
INSERT INTO `system_role_menu`
VALUES (3027, 109, 106, '1', '2023-12-02 23:41:02', '1', '2023-12-02 23:41:02', b'0', 121);
INSERT INTO `system_role_menu`
VALUES (3028, 109, 110, '1', '2023-12-02 23:41:02', '1', '2023-12-02 23:41:02', b'0', 121);
INSERT INTO `system_role_menu`
VALUES (3029, 109, 111, '1', '2023-12-02 23:41:02', '1', '2023-12-02 23:41:02', b'0', 121);
INSERT INTO `system_role_menu`
VALUES (3030, 109, 112, '1', '2023-12-02 23:41:02', '1', '2023-12-02 23:41:02', b'0', 121);
INSERT INTO `system_role_menu`
VALUES (3031, 109, 113, '1', '2023-12-02 23:41:02', '1', '2023-12-02 23:41:02', b'0', 121);
INSERT INTO `system_role_menu`
VALUES (3032, 109, 114, '1', '2023-12-02 23:41:02', '1', '2023-12-02 23:41:02', b'0', 121);
INSERT INTO `system_role_menu`
VALUES (3033, 109, 115, '1', '2023-12-02 23:41:02', '1', '2023-12-02 23:41:02', b'0', 121);
INSERT INTO `system_role_menu`
VALUES (3034, 109, 116, '1', '2023-12-02 23:41:02', '1', '2023-12-02 23:41:02', b'0', 121);
INSERT INTO `system_role_menu`
VALUES (3035, 109, 2472, '1', '2023-12-02 23:41:02', '1', '2023-12-02 23:41:02', b'0', 121);
INSERT INTO `system_role_menu`
VALUES (3036, 109, 2478, '1', '2023-12-02 23:41:02', '1', '2023-12-02 23:41:02', b'0', 121);
INSERT INTO `system_role_menu`
VALUES (3037, 109, 2479, '1', '2023-12-02 23:41:02', '1', '2023-12-02 23:41:02', b'0', 121);
INSERT INTO `system_role_menu`
VALUES (3038, 109, 2480, '1', '2023-12-02 23:41:02', '1', '2023-12-02 23:41:02', b'0', 121);
INSERT INTO `system_role_menu`
VALUES (3039, 109, 2481, '1', '2023-12-02 23:41:02', '1', '2023-12-02 23:41:02', b'0', 121);
INSERT INTO `system_role_menu`
VALUES (3040, 109, 2482, '1', '2023-12-02 23:41:02', '1', '2023-12-02 23:41:02', b'0', 121);
INSERT INTO `system_role_menu`
VALUES (3041, 109, 2483, '1', '2023-12-02 23:41:02', '1', '2023-12-02 23:41:02', b'0', 121);
INSERT INTO `system_role_menu`
VALUES (3042, 109, 2484, '1', '2023-12-02 23:41:02', '1', '2023-12-02 23:41:02', b'0', 121);
INSERT INTO `system_role_menu`
VALUES (3043, 109, 2485, '1', '2023-12-02 23:41:02', '1', '2023-12-02 23:41:02', b'0', 121);
INSERT INTO `system_role_menu`
VALUES (3044, 109, 2486, '1', '2023-12-02 23:41:02', '1', '2023-12-02 23:41:02', b'0', 121);
INSERT INTO `system_role_menu`
VALUES (3045, 109, 2487, '1', '2023-12-02 23:41:02', '1', '2023-12-02 23:41:02', b'0', 121);
INSERT INTO `system_role_menu`
VALUES (3046, 109, 2488, '1', '2023-12-02 23:41:02', '1', '2023-12-02 23:41:02', b'0', 121);
INSERT INTO `system_role_menu`
VALUES (3047, 109, 2489, '1', '2023-12-02 23:41:02', '1', '2023-12-02 23:41:02', b'0', 121);
INSERT INTO `system_role_menu`
VALUES (3048, 109, 2490, '1', '2023-12-02 23:41:02', '1', '2023-12-02 23:41:02', b'0', 121);
INSERT INTO `system_role_menu`
VALUES (3049, 109, 2491, '1', '2023-12-02 23:41:02', '1', '2023-12-02 23:41:02', b'0', 121);
INSERT INTO `system_role_menu`
VALUES (3050, 109, 2492, '1', '2023-12-02 23:41:02', '1', '2023-12-02 23:41:02', b'0', 121);
INSERT INTO `system_role_menu`
VALUES (3051, 109, 2493, '1', '2023-12-02 23:41:02', '1', '2023-12-02 23:41:02', b'0', 121);
INSERT INTO `system_role_menu`
VALUES (3052, 109, 2494, '1', '2023-12-02 23:41:02', '1', '2023-12-02 23:41:02', b'0', 121);
INSERT INTO `system_role_menu`
VALUES (3053, 109, 2495, '1', '2023-12-02 23:41:02', '1', '2023-12-02 23:41:02', b'0', 121);
INSERT INTO `system_role_menu`
VALUES (3054, 109, 2497, '1', '2023-12-02 23:41:02', '1', '2023-12-02 23:41:02', b'0', 121);
INSERT INTO `system_role_menu`
VALUES (3055, 109, 1237, '1', '2023-12-02 23:41:02', '1', '2023-12-02 23:41:02', b'0', 121);
INSERT INTO `system_role_menu`
VALUES (3056, 109, 1238, '1', '2023-12-02 23:41:02', '1', '2023-12-02 23:41:02', b'0', 121);
INSERT INTO `system_role_menu`
VALUES (3057, 109, 1239, '1', '2023-12-02 23:41:02', '1', '2023-12-02 23:41:02', b'0', 121);
INSERT INTO `system_role_menu`
VALUES (3058, 109, 1240, '1', '2023-12-02 23:41:02', '1', '2023-12-02 23:41:02', b'0', 121);
INSERT INTO `system_role_menu`
VALUES (3059, 109, 1241, '1', '2023-12-02 23:41:02', '1', '2023-12-02 23:41:02', b'0', 121);
INSERT INTO `system_role_menu`
VALUES (3060, 109, 1242, '1', '2023-12-02 23:41:02', '1', '2023-12-02 23:41:02', b'0', 121);
INSERT INTO `system_role_menu`
VALUES (3061, 109, 1243, '1', '2023-12-02 23:41:02', '1', '2023-12-02 23:41:02', b'0', 121);
INSERT INTO `system_role_menu`
VALUES (3062, 109, 2525, '1', '2023-12-02 23:41:02', '1', '2023-12-02 23:41:02', b'0', 121);
INSERT INTO `system_role_menu`
VALUES (3063, 109, 1255, '1', '2023-12-02 23:41:02', '1', '2023-12-02 23:41:02', b'0', 121);
INSERT INTO `system_role_menu`
VALUES (3064, 109, 1256, '1', '2023-12-02 23:41:02', '1', '2023-12-02 23:41:02', b'0', 121);
INSERT INTO `system_role_menu`
VALUES (3065, 109, 1257, '1', '2023-12-02 23:41:02', '1', '2023-12-02 23:41:02', b'0', 121);
INSERT INTO `system_role_menu`
VALUES (3066, 109, 1258, '1', '2023-12-02 23:41:02', '1', '2023-12-02 23:41:02', b'0', 121);
INSERT INTO `system_role_menu`
VALUES (3067, 109, 1259, '1', '2023-12-02 23:41:02', '1', '2023-12-02 23:41:02', b'0', 121);
INSERT INTO `system_role_menu`
VALUES (3068, 109, 1260, '1', '2023-12-02 23:41:02', '1', '2023-12-02 23:41:02', b'0', 121);
INSERT INTO `system_role_menu`
VALUES (3069, 111, 2, '1', '2023-12-02 23:41:02', '1', '2023-12-02 23:41:02', b'0', 122);
INSERT INTO `system_role_menu`
VALUES (3070, 111, 1031, '1', '2023-12-02 23:41:02', '1', '2023-12-02 23:41:02', b'0', 122);
INSERT INTO `system_role_menu`
VALUES (3071, 111, 1032, '1', '2023-12-02 23:41:02', '1', '2023-12-02 23:41:02', b'0', 122);
INSERT INTO `system_role_menu`
VALUES (3072, 111, 1033, '1', '2023-12-02 23:41:02', '1', '2023-12-02 23:41:02', b'0', 122);
INSERT INTO `system_role_menu`
VALUES (3073, 111, 1034, '1', '2023-12-02 23:41:02', '1', '2023-12-02 23:41:02', b'0', 122);
INSERT INTO `system_role_menu`
VALUES (3074, 111, 1035, '1', '2023-12-02 23:41:02', '1', '2023-12-02 23:41:02', b'0', 122);
INSERT INTO `system_role_menu`
VALUES (3075, 111, 1050, '1', '2023-12-02 23:41:02', '1', '2023-12-02 23:41:02', b'0', 122);
INSERT INTO `system_role_menu`
VALUES (3076, 111, 1051, '1', '2023-12-02 23:41:02', '1', '2023-12-02 23:41:02', b'0', 122);
INSERT INTO `system_role_menu`
VALUES (3077, 111, 1052, '1', '2023-12-02 23:41:02', '1', '2023-12-02 23:41:02', b'0', 122);
INSERT INTO `system_role_menu`
VALUES (3078, 111, 1053, '1', '2023-12-02 23:41:02', '1', '2023-12-02 23:41:02', b'0', 122);
INSERT INTO `system_role_menu`
VALUES (3079, 111, 1054, '1', '2023-12-02 23:41:02', '1', '2023-12-02 23:41:02', b'0', 122);
INSERT INTO `system_role_menu`
VALUES (3080, 111, 1056, '1', '2023-12-02 23:41:02', '1', '2023-12-02 23:41:02', b'0', 122);
INSERT INTO `system_role_menu`
VALUES (3081, 111, 1057, '1', '2023-12-02 23:41:02', '1', '2023-12-02 23:41:02', b'0', 122);
INSERT INTO `system_role_menu`
VALUES (3082, 111, 1058, '1', '2023-12-02 23:41:02', '1', '2023-12-02 23:41:02', b'0', 122);
INSERT INTO `system_role_menu`
VALUES (3083, 111, 1059, '1', '2023-12-02 23:41:02', '1', '2023-12-02 23:41:02', b'0', 122);
INSERT INTO `system_role_menu`
VALUES (3084, 111, 1060, '1', '2023-12-02 23:41:02', '1', '2023-12-02 23:41:02', b'0', 122);
INSERT INTO `system_role_menu`
VALUES (3085, 111, 1066, '1', '2023-12-02 23:41:02', '1', '2023-12-02 23:41:02', b'0', 122);
INSERT INTO `system_role_menu`
VALUES (3086, 111, 1067, '1', '2023-12-02 23:41:02', '1', '2023-12-02 23:41:02', b'0', 122);
INSERT INTO `system_role_menu`
VALUES (3087, 111, 1070, '1', '2023-12-02 23:41:02', '1', '2023-12-02 23:41:02', b'0', 122);
INSERT INTO `system_role_menu`
VALUES (3088, 111, 1075, '1', '2023-12-02 23:41:02', '1', '2023-12-02 23:41:02', b'0', 122);
INSERT INTO `system_role_menu`
VALUES (3090, 111, 1077, '1', '2023-12-02 23:41:02', '1', '2023-12-02 23:41:02', b'0', 122);
INSERT INTO `system_role_menu`
VALUES (3091, 111, 1078, '1', '2023-12-02 23:41:02', '1', '2023-12-02 23:41:02', b'0', 122);
INSERT INTO `system_role_menu`
VALUES (3092, 111, 1082, '1', '2023-12-02 23:41:02', '1', '2023-12-02 23:41:02', b'0', 122);
INSERT INTO `system_role_menu`
VALUES (3093, 111, 1083, '1', '2023-12-02 23:41:02', '1', '2023-12-02 23:41:02', b'0', 122);
INSERT INTO `system_role_menu`
VALUES (3094, 111, 1084, '1', '2023-12-02 23:41:02', '1', '2023-12-02 23:41:02', b'0', 122);
INSERT INTO `system_role_menu`
VALUES (3095, 111, 1085, '1', '2023-12-02 23:41:02', '1', '2023-12-02 23:41:02', b'0', 122);
INSERT INTO `system_role_menu`
VALUES (3096, 111, 1086, '1', '2023-12-02 23:41:02', '1', '2023-12-02 23:41:02', b'0', 122);
INSERT INTO `system_role_menu`
VALUES (3097, 111, 1087, '1', '2023-12-02 23:41:02', '1', '2023-12-02 23:41:02', b'0', 122);
INSERT INTO `system_role_menu`
VALUES (3098, 111, 1088, '1', '2023-12-02 23:41:02', '1', '2023-12-02 23:41:02', b'0', 122);
INSERT INTO `system_role_menu`
VALUES (3099, 111, 1089, '1', '2023-12-02 23:41:02', '1', '2023-12-02 23:41:02', b'0', 122);
INSERT INTO `system_role_menu`
VALUES (3100, 111, 1090, '1', '2023-12-02 23:41:02', '1', '2023-12-02 23:41:02', b'0', 122);
INSERT INTO `system_role_menu`
VALUES (3101, 111, 1091, '1', '2023-12-02 23:41:02', '1', '2023-12-02 23:41:02', b'0', 122);
INSERT INTO `system_role_menu`
VALUES (3102, 111, 1092, '1', '2023-12-02 23:41:02', '1', '2023-12-02 23:41:02', b'0', 122);
INSERT INTO `system_role_menu`
VALUES (3103, 111, 106, '1', '2023-12-02 23:41:02', '1', '2023-12-02 23:41:02', b'0', 122);
INSERT INTO `system_role_menu`
VALUES (3104, 111, 110, '1', '2023-12-02 23:41:02', '1', '2023-12-02 23:41:02', b'0', 122);
INSERT INTO `system_role_menu`
VALUES (3105, 111, 111, '1', '2023-12-02 23:41:02', '1', '2023-12-02 23:41:02', b'0', 122);
INSERT INTO `system_role_menu`
VALUES (3106, 111, 112, '1', '2023-12-02 23:41:02', '1', '2023-12-02 23:41:02', b'0', 122);
INSERT INTO `system_role_menu`
VALUES (3107, 111, 113, '1', '2023-12-02 23:41:02', '1', '2023-12-02 23:41:02', b'0', 122);
INSERT INTO `system_role_menu`
VALUES (3108, 111, 114, '1', '2023-12-02 23:41:02', '1', '2023-12-02 23:41:02', b'0', 122);
INSERT INTO `system_role_menu`
VALUES (3109, 111, 115, '1', '2023-12-02 23:41:02', '1', '2023-12-02 23:41:02', b'0', 122);
INSERT INTO `system_role_menu`
VALUES (3110, 111, 116, '1', '2023-12-02 23:41:02', '1', '2023-12-02 23:41:02', b'0', 122);
INSERT INTO `system_role_menu`
VALUES (3111, 111, 2472, '1', '2023-12-02 23:41:02', '1', '2023-12-02 23:41:02', b'0', 122);
INSERT INTO `system_role_menu`
VALUES (3112, 111, 2478, '1', '2023-12-02 23:41:02', '1', '2023-12-02 23:41:02', b'0', 122);
INSERT INTO `system_role_menu`
VALUES (3113, 111, 2479, '1', '2023-12-02 23:41:02', '1', '2023-12-02 23:41:02', b'0', 122);
INSERT INTO `system_role_menu`
VALUES (3114, 111, 2480, '1', '2023-12-02 23:41:02', '1', '2023-12-02 23:41:02', b'0', 122);
INSERT INTO `system_role_menu`
VALUES (3115, 111, 2481, '1', '2023-12-02 23:41:02', '1', '2023-12-02 23:41:02', b'0', 122);
INSERT INTO `system_role_menu`
VALUES (3116, 111, 2482, '1', '2023-12-02 23:41:02', '1', '2023-12-02 23:41:02', b'0', 122);
INSERT INTO `system_role_menu`
VALUES (3117, 111, 2483, '1', '2023-12-02 23:41:02', '1', '2023-12-02 23:41:02', b'0', 122);
INSERT INTO `system_role_menu`
VALUES (3118, 111, 2484, '1', '2023-12-02 23:41:02', '1', '2023-12-02 23:41:02', b'0', 122);
INSERT INTO `system_role_menu`
VALUES (3119, 111, 2485, '1', '2023-12-02 23:41:02', '1', '2023-12-02 23:41:02', b'0', 122);
INSERT INTO `system_role_menu`
VALUES (3120, 111, 2486, '1', '2023-12-02 23:41:02', '1', '2023-12-02 23:41:02', b'0', 122);
INSERT INTO `system_role_menu`
VALUES (3121, 111, 2487, '1', '2023-12-02 23:41:02', '1', '2023-12-02 23:41:02', b'0', 122);
INSERT INTO `system_role_menu`
VALUES (3122, 111, 2488, '1', '2023-12-02 23:41:02', '1', '2023-12-02 23:41:02', b'0', 122);
INSERT INTO `system_role_menu`
VALUES (3123, 111, 2489, '1', '2023-12-02 23:41:02', '1', '2023-12-02 23:41:02', b'0', 122);
INSERT INTO `system_role_menu`
VALUES (3124, 111, 2490, '1', '2023-12-02 23:41:02', '1', '2023-12-02 23:41:02', b'0', 122);
INSERT INTO `system_role_menu`
VALUES (3125, 111, 2491, '1', '2023-12-02 23:41:02', '1', '2023-12-02 23:41:02', b'0', 122);
INSERT INTO `system_role_menu`
VALUES (3126, 111, 2492, '1', '2023-12-02 23:41:02', '1', '2023-12-02 23:41:02', b'0', 122);
INSERT INTO `system_role_menu`
VALUES (3127, 111, 2493, '1', '2023-12-02 23:41:02', '1', '2023-12-02 23:41:02', b'0', 122);
INSERT INTO `system_role_menu`
VALUES (3128, 111, 2494, '1', '2023-12-02 23:41:02', '1', '2023-12-02 23:41:02', b'0', 122);
INSERT INTO `system_role_menu`
VALUES (3129, 111, 2495, '1', '2023-12-02 23:41:02', '1', '2023-12-02 23:41:02', b'0', 122);
INSERT INTO `system_role_menu`
VALUES (3130, 111, 2497, '1', '2023-12-02 23:41:02', '1', '2023-12-02 23:41:02', b'0', 122);
INSERT INTO `system_role_menu`
VALUES (3131, 111, 1237, '1', '2023-12-02 23:41:02', '1', '2023-12-02 23:41:02', b'0', 122);
INSERT INTO `system_role_menu`
VALUES (3132, 111, 1238, '1', '2023-12-02 23:41:02', '1', '2023-12-02 23:41:02', b'0', 122);
INSERT INTO `system_role_menu`
VALUES (3133, 111, 1239, '1', '2023-12-02 23:41:02', '1', '2023-12-02 23:41:02', b'0', 122);
INSERT INTO `system_role_menu`
VALUES (3134, 111, 1240, '1', '2023-12-02 23:41:02', '1', '2023-12-02 23:41:02', b'0', 122);
INSERT INTO `system_role_menu`
VALUES (3135, 111, 1241, '1', '2023-12-02 23:41:02', '1', '2023-12-02 23:41:02', b'0', 122);
INSERT INTO `system_role_menu`
VALUES (3136, 111, 1242, '1', '2023-12-02 23:41:02', '1', '2023-12-02 23:41:02', b'0', 122);
INSERT INTO `system_role_menu`
VALUES (3137, 111, 1243, '1', '2023-12-02 23:41:02', '1', '2023-12-02 23:41:02', b'0', 122);
INSERT INTO `system_role_menu`
VALUES (3138, 111, 2525, '1', '2023-12-02 23:41:02', '1', '2023-12-02 23:41:02', b'0', 122);
INSERT INTO `system_role_menu`
VALUES (3139, 111, 1255, '1', '2023-12-02 23:41:02', '1', '2023-12-02 23:41:02', b'0', 122);
INSERT INTO `system_role_menu`
VALUES (3140, 111, 1256, '1', '2023-12-02 23:41:02', '1', '2023-12-02 23:41:02', b'0', 122);
INSERT INTO `system_role_menu`
VALUES (3141, 111, 1257, '1', '2023-12-02 23:41:02', '1', '2023-12-02 23:41:02', b'0', 122);
INSERT INTO `system_role_menu`
VALUES (3142, 111, 1258, '1', '2023-12-02 23:41:02', '1', '2023-12-02 23:41:02', b'0', 122);
INSERT INTO `system_role_menu`
VALUES (3143, 111, 1259, '1', '2023-12-02 23:41:02', '1', '2023-12-02 23:41:02', b'0', 122);
INSERT INTO `system_role_menu`
VALUES (3144, 111, 1260, '1', '2023-12-02 23:41:02', '1', '2023-12-02 23:41:02', b'0', 122);
INSERT INTO `system_role_menu`
VALUES (3221, 109, 102, '1', '2023-12-30 11:42:36', '1', '2023-12-30 11:42:36', b'0', 121);
INSERT INTO `system_role_menu`
VALUES (3222, 109, 1013, '1', '2023-12-30 11:42:36', '1', '2023-12-30 11:42:36', b'0', 121);
INSERT INTO `system_role_menu`
VALUES (3223, 109, 1014, '1', '2023-12-30 11:42:36', '1', '2023-12-30 11:42:36', b'0', 121);
INSERT INTO `system_role_menu`
VALUES (3224, 109, 1015, '1', '2023-12-30 11:42:36', '1', '2023-12-30 11:42:36', b'0', 121);
INSERT INTO `system_role_menu`
VALUES (3225, 109, 1016, '1', '2023-12-30 11:42:36', '1', '2023-12-30 11:42:36', b'0', 121);
INSERT INTO `system_role_menu`
VALUES (3226, 111, 102, '1', '2023-12-30 11:42:36', '1', '2023-12-30 11:42:36', b'0', 122);
INSERT INTO `system_role_menu`
VALUES (3227, 111, 1013, '1', '2023-12-30 11:42:36', '1', '2023-12-30 11:42:36', b'0', 122);
INSERT INTO `system_role_menu`
VALUES (3228, 111, 1014, '1', '2023-12-30 11:42:36', '1', '2023-12-30 11:42:36', b'0', 122);
INSERT INTO `system_role_menu`
VALUES (3229, 111, 1015, '1', '2023-12-30 11:42:36', '1', '2023-12-30 11:42:36', b'0', 122);
INSERT INTO `system_role_menu`
VALUES (3230, 111, 1016, '1', '2023-12-30 11:42:36', '1', '2023-12-30 11:42:36', b'0', 122);
INSERT INTO `system_role_menu`
VALUES (4163, 109, 5, '1', '2024-03-30 17:53:17', '1', '2024-03-30 17:53:17', b'0', 121);
INSERT INTO `system_role_menu`
VALUES (4164, 109, 1118, '1', '2024-03-30 17:53:17', '1', '2024-03-30 17:53:17', b'0', 121);
INSERT INTO `system_role_menu`
VALUES (4165, 109, 1119, '1', '2024-03-30 17:53:17', '1', '2024-03-30 17:53:17', b'0', 121);
INSERT INTO `system_role_menu`
VALUES (4166, 109, 1120, '1', '2024-03-30 17:53:17', '1', '2024-03-30 17:53:17', b'0', 121);
INSERT INTO `system_role_menu`
VALUES (4167, 109, 2713, '1', '2024-03-30 17:53:17', '1', '2024-03-30 17:53:17', b'0', 121);
INSERT INTO `system_role_menu`
VALUES (4168, 109, 2714, '1', '2024-03-30 17:53:17', '1', '2024-03-30 17:53:17', b'0', 121);
INSERT INTO `system_role_menu`
VALUES (4169, 109, 2715, '1', '2024-03-30 17:53:17', '1', '2024-03-30 17:53:17', b'0', 121);
INSERT INTO `system_role_menu`
VALUES (4170, 109, 2716, '1', '2024-03-30 17:53:17', '1', '2024-03-30 17:53:17', b'0', 121);
INSERT INTO `system_role_menu`
VALUES (4171, 109, 2717, '1', '2024-03-30 17:53:17', '1', '2024-03-30 17:53:17', b'0', 121);
INSERT INTO `system_role_menu`
VALUES (4172, 109, 2718, '1', '2024-03-30 17:53:17', '1', '2024-03-30 17:53:17', b'0', 121);
INSERT INTO `system_role_menu`
VALUES (4173, 109, 2720, '1', '2024-03-30 17:53:17', '1', '2024-03-30 17:53:17', b'0', 121);
INSERT INTO `system_role_menu`
VALUES (4174, 109, 1185, '1', '2024-03-30 17:53:17', '1', '2024-03-30 17:53:17', b'0', 121);
INSERT INTO `system_role_menu`
VALUES (4175, 109, 2721, '1', '2024-03-30 17:53:17', '1', '2024-03-30 17:53:17', b'0', 121);
INSERT INTO `system_role_menu`
VALUES (4176, 109, 1186, '1', '2024-03-30 17:53:17', '1', '2024-03-30 17:53:17', b'0', 121);
INSERT INTO `system_role_menu`
VALUES (4177, 109, 2722, '1', '2024-03-30 17:53:17', '1', '2024-03-30 17:53:17', b'0', 121);
INSERT INTO `system_role_menu`
VALUES (4178, 109, 1187, '1', '2024-03-30 17:53:17', '1', '2024-03-30 17:53:17', b'0', 121);
INSERT INTO `system_role_menu`
VALUES (4179, 109, 2723, '1', '2024-03-30 17:53:17', '1', '2024-03-30 17:53:17', b'0', 121);
INSERT INTO `system_role_menu`
VALUES (4180, 109, 1188, '1', '2024-03-30 17:53:17', '1', '2024-03-30 17:53:17', b'0', 121);
INSERT INTO `system_role_menu`
VALUES (4181, 109, 2724, '1', '2024-03-30 17:53:17', '1', '2024-03-30 17:53:17', b'0', 121);
INSERT INTO `system_role_menu`
VALUES (4182, 109, 1189, '1', '2024-03-30 17:53:17', '1', '2024-03-30 17:53:17', b'0', 121);
INSERT INTO `system_role_menu`
VALUES (4183, 109, 2725, '1', '2024-03-30 17:53:17', '1', '2024-03-30 17:53:17', b'0', 121);
INSERT INTO `system_role_menu`
VALUES (4184, 109, 1190, '1', '2024-03-30 17:53:17', '1', '2024-03-30 17:53:17', b'0', 121);
INSERT INTO `system_role_menu`
VALUES (4185, 109, 2726, '1', '2024-03-30 17:53:17', '1', '2024-03-30 17:53:17', b'0', 121);
INSERT INTO `system_role_menu`
VALUES (4186, 109, 1191, '1', '2024-03-30 17:53:17', '1', '2024-03-30 17:53:17', b'0', 121);
INSERT INTO `system_role_menu`
VALUES (4187, 109, 2727, '1', '2024-03-30 17:53:17', '1', '2024-03-30 17:53:17', b'0', 121);
INSERT INTO `system_role_menu`
VALUES (4188, 109, 1192, '1', '2024-03-30 17:53:17', '1', '2024-03-30 17:53:17', b'0', 121);
INSERT INTO `system_role_menu`
VALUES (4189, 109, 2728, '1', '2024-03-30 17:53:17', '1', '2024-03-30 17:53:17', b'0', 121);
INSERT INTO `system_role_menu`
VALUES (4190, 109, 1193, '1', '2024-03-30 17:53:17', '1', '2024-03-30 17:53:17', b'0', 121);
INSERT INTO `system_role_menu`
VALUES (4191, 109, 2729, '1', '2024-03-30 17:53:17', '1', '2024-03-30 17:53:17', b'0', 121);
INSERT INTO `system_role_menu`
VALUES (4192, 109, 1194, '1', '2024-03-30 17:53:17', '1', '2024-03-30 17:53:17', b'0', 121);
INSERT INTO `system_role_menu`
VALUES (4193, 109, 2730, '1', '2024-03-30 17:53:17', '1', '2024-03-30 17:53:17', b'0', 121);
INSERT INTO `system_role_menu`
VALUES (4194, 109, 1195, '1', '2024-03-30 17:53:17', '1', '2024-03-30 17:53:17', b'0', 121);
INSERT INTO `system_role_menu`
VALUES (4195, 109, 2731, '1', '2024-03-30 17:53:17', '1', '2024-03-30 17:53:17', b'0', 121);
INSERT INTO `system_role_menu`
VALUES (4197, 109, 2732, '1', '2024-03-30 17:53:17', '1', '2024-03-30 17:53:17', b'0', 121);
INSERT INTO `system_role_menu`
VALUES (4198, 109, 1197, '1', '2024-03-30 17:53:17', '1', '2024-03-30 17:53:17', b'0', 121);
INSERT INTO `system_role_menu`
VALUES (4199, 109, 2733, '1', '2024-03-30 17:53:17', '1', '2024-03-30 17:53:17', b'0', 121);
INSERT INTO `system_role_menu`
VALUES (4200, 109, 1198, '1', '2024-03-30 17:53:17', '1', '2024-03-30 17:53:17', b'0', 121);
INSERT INTO `system_role_menu`
VALUES (4201, 109, 2734, '1', '2024-03-30 17:53:17', '1', '2024-03-30 17:53:17', b'0', 121);
INSERT INTO `system_role_menu`
VALUES (4202, 109, 1199, '1', '2024-03-30 17:53:17', '1', '2024-03-30 17:53:17', b'0', 121);
INSERT INTO `system_role_menu`
VALUES (4203, 109, 2735, '1', '2024-03-30 17:53:17', '1', '2024-03-30 17:53:17', b'0', 121);
INSERT INTO `system_role_menu`
VALUES (4204, 109, 1200, '1', '2024-03-30 17:53:17', '1', '2024-03-30 17:53:17', b'0', 121);
INSERT INTO `system_role_menu`
VALUES (4205, 109, 1201, '1', '2024-03-30 17:53:17', '1', '2024-03-30 17:53:17', b'0', 121);
INSERT INTO `system_role_menu`
VALUES (4206, 109, 1202, '1', '2024-03-30 17:53:17', '1', '2024-03-30 17:53:17', b'0', 121);
INSERT INTO `system_role_menu`
VALUES (4207, 109, 1207, '1', '2024-03-30 17:53:17', '1', '2024-03-30 17:53:17', b'0', 121);
INSERT INTO `system_role_menu`
VALUES (4208, 109, 1208, '1', '2024-03-30 17:53:17', '1', '2024-03-30 17:53:17', b'0', 121);
INSERT INTO `system_role_menu`
VALUES (4209, 109, 1209, '1', '2024-03-30 17:53:17', '1', '2024-03-30 17:53:17', b'0', 121);
INSERT INTO `system_role_menu`
VALUES (4210, 109, 1210, '1', '2024-03-30 17:53:17', '1', '2024-03-30 17:53:17', b'0', 121);
INSERT INTO `system_role_menu`
VALUES (4211, 109, 1211, '1', '2024-03-30 17:53:17', '1', '2024-03-30 17:53:17', b'0', 121);
INSERT INTO `system_role_menu`
VALUES (4212, 109, 1212, '1', '2024-03-30 17:53:17', '1', '2024-03-30 17:53:17', b'0', 121);
INSERT INTO `system_role_menu`
VALUES (4213, 109, 1213, '1', '2024-03-30 17:53:17', '1', '2024-03-30 17:53:17', b'0', 121);
INSERT INTO `system_role_menu`
VALUES (4214, 109, 1215, '1', '2024-03-30 17:53:17', '1', '2024-03-30 17:53:17', b'0', 121);
INSERT INTO `system_role_menu`
VALUES (4215, 109, 1216, '1', '2024-03-30 17:53:17', '1', '2024-03-30 17:53:17', b'0', 121);
INSERT INTO `system_role_menu`
VALUES (4216, 109, 1217, '1', '2024-03-30 17:53:17', '1', '2024-03-30 17:53:17', b'0', 121);
INSERT INTO `system_role_menu`
VALUES (4217, 109, 1218, '1', '2024-03-30 17:53:17', '1', '2024-03-30 17:53:17', b'0', 121);
INSERT INTO `system_role_menu`
VALUES (4218, 109, 1219, '1', '2024-03-30 17:53:17', '1', '2024-03-30 17:53:17', b'0', 121);
INSERT INTO `system_role_menu`
VALUES (4219, 109, 1220, '1', '2024-03-30 17:53:17', '1', '2024-03-30 17:53:17', b'0', 121);
INSERT INTO `system_role_menu`
VALUES (4220, 109, 1221, '1', '2024-03-30 17:53:17', '1', '2024-03-30 17:53:17', b'0', 121);
INSERT INTO `system_role_menu`
VALUES (4221, 109, 1222, '1', '2024-03-30 17:53:17', '1', '2024-03-30 17:53:17', b'0', 121);
INSERT INTO `system_role_menu`
VALUES (4222, 111, 5, '1', '2024-03-30 17:53:18', '1', '2024-03-30 17:53:18', b'0', 122);
INSERT INTO `system_role_menu`
VALUES (4223, 111, 1118, '1', '2024-03-30 17:53:18', '1', '2024-03-30 17:53:18', b'0', 122);
INSERT INTO `system_role_menu`
VALUES (4224, 111, 1119, '1', '2024-03-30 17:53:18', '1', '2024-03-30 17:53:18', b'0', 122);
INSERT INTO `system_role_menu`
VALUES (4225, 111, 1120, '1', '2024-03-30 17:53:18', '1', '2024-03-30 17:53:18', b'0', 122);
INSERT INTO `system_role_menu`
VALUES (4226, 111, 2713, '1', '2024-03-30 17:53:18', '1', '2024-03-30 17:53:18', b'0', 122);
INSERT INTO `system_role_menu`
VALUES (4227, 111, 2714, '1', '2024-03-30 17:53:18', '1', '2024-03-30 17:53:18', b'0', 122);
INSERT INTO `system_role_menu`
VALUES (4228, 111, 2715, '1', '2024-03-30 17:53:18', '1', '2024-03-30 17:53:18', b'0', 122);
INSERT INTO `system_role_menu`
VALUES (4229, 111, 2716, '1', '2024-03-30 17:53:18', '1', '2024-03-30 17:53:18', b'0', 122);
INSERT INTO `system_role_menu`
VALUES (4230, 111, 2717, '1', '2024-03-30 17:53:18', '1', '2024-03-30 17:53:18', b'0', 122);
INSERT INTO `system_role_menu`
VALUES (4231, 111, 2718, '1', '2024-03-30 17:53:18', '1', '2024-03-30 17:53:18', b'0', 122);
INSERT INTO `system_role_menu`
VALUES (4232, 111, 2720, '1', '2024-03-30 17:53:18', '1', '2024-03-30 17:53:18', b'0', 122);
INSERT INTO `system_role_menu`
VALUES (4233, 111, 1185, '1', '2024-03-30 17:53:18', '1', '2024-03-30 17:53:18', b'0', 122);
INSERT INTO `system_role_menu`
VALUES (4234, 111, 2721, '1', '2024-03-30 17:53:18', '1', '2024-03-30 17:53:18', b'0', 122);
INSERT INTO `system_role_menu`
VALUES (4235, 111, 1186, '1', '2024-03-30 17:53:18', '1', '2024-03-30 17:53:18', b'0', 122);
INSERT INTO `system_role_menu`
VALUES (4236, 111, 2722, '1', '2024-03-30 17:53:18', '1', '2024-03-30 17:53:18', b'0', 122);
INSERT INTO `system_role_menu`
VALUES (4237, 111, 1187, '1', '2024-03-30 17:53:18', '1', '2024-03-30 17:53:18', b'0', 122);
INSERT INTO `system_role_menu`
VALUES (4238, 111, 2723, '1', '2024-03-30 17:53:18', '1', '2024-03-30 17:53:18', b'0', 122);
INSERT INTO `system_role_menu`
VALUES (4239, 111, 1188, '1', '2024-03-30 17:53:18', '1', '2024-03-30 17:53:18', b'0', 122);
INSERT INTO `system_role_menu`
VALUES (4240, 111, 2724, '1', '2024-03-30 17:53:18', '1', '2024-03-30 17:53:18', b'0', 122);
INSERT INTO `system_role_menu`
VALUES (4241, 111, 1189, '1', '2024-03-30 17:53:18', '1', '2024-03-30 17:53:18', b'0', 122);
INSERT INTO `system_role_menu`
VALUES (4242, 111, 2725, '1', '2024-03-30 17:53:18', '1', '2024-03-30 17:53:18', b'0', 122);
INSERT INTO `system_role_menu`
VALUES (4243, 111, 1190, '1', '2024-03-30 17:53:18', '1', '2024-03-30 17:53:18', b'0', 122);
INSERT INTO `system_role_menu`
VALUES (4244, 111, 2726, '1', '2024-03-30 17:53:18', '1', '2024-03-30 17:53:18', b'0', 122);
INSERT INTO `system_role_menu`
VALUES (4245, 111, 1191, '1', '2024-03-30 17:53:18', '1', '2024-03-30 17:53:18', b'0', 122);
INSERT INTO `system_role_menu`
VALUES (4246, 111, 2727, '1', '2024-03-30 17:53:18', '1', '2024-03-30 17:53:18', b'0', 122);
INSERT INTO `system_role_menu`
VALUES (4247, 111, 1192, '1', '2024-03-30 17:53:18', '1', '2024-03-30 17:53:18', b'0', 122);
INSERT INTO `system_role_menu`
VALUES (4248, 111, 2728, '1', '2024-03-30 17:53:18', '1', '2024-03-30 17:53:18', b'0', 122);
INSERT INTO `system_role_menu`
VALUES (4249, 111, 1193, '1', '2024-03-30 17:53:18', '1', '2024-03-30 17:53:18', b'0', 122);
INSERT INTO `system_role_menu`
VALUES (4250, 111, 2729, '1', '2024-03-30 17:53:18', '1', '2024-03-30 17:53:18', b'0', 122);
INSERT INTO `system_role_menu`
VALUES (4251, 111, 1194, '1', '2024-03-30 17:53:18', '1', '2024-03-30 17:53:18', b'0', 122);
INSERT INTO `system_role_menu`
VALUES (4252, 111, 2730, '1', '2024-03-30 17:53:18', '1', '2024-03-30 17:53:18', b'0', 122);
INSERT INTO `system_role_menu`
VALUES (4253, 111, 1195, '1', '2024-03-30 17:53:18', '1', '2024-03-30 17:53:18', b'0', 122);
INSERT INTO `system_role_menu`
VALUES (4254, 111, 2731, '1', '2024-03-30 17:53:18', '1', '2024-03-30 17:53:18', b'0', 122);
INSERT INTO `system_role_menu`
VALUES (4256, 111, 2732, '1', '2024-03-30 17:53:18', '1', '2024-03-30 17:53:18', b'0', 122);
INSERT INTO `system_role_menu`
VALUES (4257, 111, 1197, '1', '2024-03-30 17:53:18', '1', '2024-03-30 17:53:18', b'0', 122);
INSERT INTO `system_role_menu`
VALUES (4258, 111, 2733, '1', '2024-03-30 17:53:18', '1', '2024-03-30 17:53:18', b'0', 122);
INSERT INTO `system_role_menu`
VALUES (4259, 111, 1198, '1', '2024-03-30 17:53:18', '1', '2024-03-30 17:53:18', b'0', 122);
INSERT INTO `system_role_menu`
VALUES (4260, 111, 2734, '1', '2024-03-30 17:53:18', '1', '2024-03-30 17:53:18', b'0', 122);
INSERT INTO `system_role_menu`
VALUES (4261, 111, 1199, '1', '2024-03-30 17:53:18', '1', '2024-03-30 17:53:18', b'0', 122);
INSERT INTO `system_role_menu`
VALUES (4262, 111, 2735, '1', '2024-03-30 17:53:18', '1', '2024-03-30 17:53:18', b'0', 122);
INSERT INTO `system_role_menu`
VALUES (4263, 111, 1200, '1', '2024-03-30 17:53:18', '1', '2024-03-30 17:53:18', b'0', 122);
INSERT INTO `system_role_menu`
VALUES (4264, 111, 1201, '1', '2024-03-30 17:53:18', '1', '2024-03-30 17:53:18', b'0', 122);
INSERT INTO `system_role_menu`
VALUES (4265, 111, 1202, '1', '2024-03-30 17:53:18', '1', '2024-03-30 17:53:18', b'0', 122);
INSERT INTO `system_role_menu`
VALUES (4266, 111, 1207, '1', '2024-03-30 17:53:18', '1', '2024-03-30 17:53:18', b'0', 122);
INSERT INTO `system_role_menu`
VALUES (4267, 111, 1208, '1', '2024-03-30 17:53:18', '1', '2024-03-30 17:53:18', b'0', 122);
INSERT INTO `system_role_menu`
VALUES (4268, 111, 1209, '1', '2024-03-30 17:53:18', '1', '2024-03-30 17:53:18', b'0', 122);
INSERT INTO `system_role_menu`
VALUES (4269, 111, 1210, '1', '2024-03-30 17:53:18', '1', '2024-03-30 17:53:18', b'0', 122);
INSERT INTO `system_role_menu`
VALUES (4270, 111, 1211, '1', '2024-03-30 17:53:18', '1', '2024-03-30 17:53:18', b'0', 122);
INSERT INTO `system_role_menu`
VALUES (4271, 111, 1212, '1', '2024-03-30 17:53:18', '1', '2024-03-30 17:53:18', b'0', 122);
INSERT INTO `system_role_menu`
VALUES (4272, 111, 1213, '1', '2024-03-30 17:53:18', '1', '2024-03-30 17:53:18', b'0', 122);
INSERT INTO `system_role_menu`
VALUES (4273, 111, 1215, '1', '2024-03-30 17:53:18', '1', '2024-03-30 17:53:18', b'0', 122);
INSERT INTO `system_role_menu`
VALUES (4274, 111, 1216, '1', '2024-03-30 17:53:18', '1', '2024-03-30 17:53:18', b'0', 122);
INSERT INTO `system_role_menu`
VALUES (4275, 111, 1217, '1', '2024-03-30 17:53:18', '1', '2024-03-30 17:53:18', b'0', 122);
INSERT INTO `system_role_menu`
VALUES (4276, 111, 1218, '1', '2024-03-30 17:53:18', '1', '2024-03-30 17:53:18', b'0', 122);
INSERT INTO `system_role_menu`
VALUES (4277, 111, 1219, '1', '2024-03-30 17:53:18', '1', '2024-03-30 17:53:18', b'0', 122);
INSERT INTO `system_role_menu`
VALUES (4278, 111, 1220, '1', '2024-03-30 17:53:18', '1', '2024-03-30 17:53:18', b'0', 122);
INSERT INTO `system_role_menu`
VALUES (4279, 111, 1221, '1', '2024-03-30 17:53:18', '1', '2024-03-30 17:53:18', b'0', 122);
INSERT INTO `system_role_menu`
VALUES (4280, 111, 1222, '1', '2024-03-30 17:53:18', '1', '2024-03-30 17:53:18', b'0', 122);
INSERT INTO `system_role_menu`
VALUES (5779, 2, 2739, '1', '2024-07-07 20:39:38', '1', '2024-07-07 20:39:38', b'0', 1);
INSERT INTO `system_role_menu`
VALUES (5780, 2, 2740, '1', '2024-07-07 20:39:38', '1', '2024-07-07 20:39:38', b'0', 1);
INSERT INTO `system_role_menu`
VALUES (5781, 2, 2758, '1', '2024-07-07 20:39:38', '1', '2024-07-07 20:39:38', b'0', 1);
INSERT INTO `system_role_menu`
VALUES (5782, 2, 2759, '1', '2024-07-07 20:39:38', '1', '2024-07-07 20:39:38', b'0', 1);
INSERT INTO `system_role_menu`
VALUES (5783, 2, 2362, '1', '2024-07-07 20:39:38', '1', '2024-07-07 20:39:38', b'0', 1);
INSERT INTO `system_role_menu`
VALUES (5784, 2, 2387, '1', '2024-07-07 20:39:38', '1', '2024-07-07 20:39:38', b'0', 1);
INSERT INTO `system_role_menu`
VALUES (5785, 2, 2030, '1', '2024-07-07 20:39:38', '1', '2024-07-07 20:39:38', b'0', 1);
INSERT INTO `system_role_menu`
VALUES (5789, 109, 2739, '1', '2024-07-13 22:37:24', '1', '2024-07-13 22:37:24', b'0', 121);
INSERT INTO `system_role_menu`
VALUES (5790, 109, 2740, '1', '2024-07-13 22:37:24', '1', '2024-07-13 22:37:24', b'0', 121);
INSERT INTO `system_role_menu`
VALUES (5791, 111, 2739, '1', '2024-07-13 22:37:24', '1', '2024-07-13 22:37:24', b'0', 122);
INSERT INTO `system_role_menu`
VALUES (5792, 111, 2740, '1', '2024-07-13 22:37:24', '1', '2024-07-13 22:37:24', b'0', 122);
INSERT INTO `system_role_menu`
VALUES (6053, 155, 4000, '1', '2025-04-01 13:48:26', '1', '2025-04-01 13:48:26', b'0', 1);
INSERT INTO `system_role_menu`
VALUES (6097, 155, 4050, '1', '2025-04-01 13:48:26', '1', '2025-04-01 13:48:26', b'0', 1);
INSERT INTO `system_role_menu`
VALUES (6104, 155, 4032, '1', '2025-04-01 13:49:30', '1', '2025-04-01 13:49:30', b'0', 1);
INSERT INTO `system_role_menu`
VALUES (6105, 155, 4033, '1', '2025-04-01 13:49:30', '1', '2025-04-01 13:49:30', b'0', 1);
INSERT INTO `system_role_menu`
VALUES (6106, 155, 4034, '1', '2025-04-01 13:49:30', '1', '2025-04-01 13:49:30', b'0', 1);
INSERT INTO `system_role_menu`
VALUES (6107, 155, 4035, '1', '2025-04-01 13:49:30', '1', '2025-04-01 13:49:30', b'0', 1);
INSERT INTO `system_role_menu`
VALUES (6108, 155, 4036, '1', '2025-04-01 13:49:30', '1', '2025-04-01 13:49:30', b'0', 1);
INSERT INTO `system_role_menu`
VALUES (6109, 155, 4037, '1', '2025-04-01 13:49:30', '1', '2025-04-01 13:49:30', b'0', 1);
INSERT INTO `system_role_menu`
VALUES (6110, 155, 4038, '1', '2025-04-01 13:49:30', '1', '2025-04-01 13:49:30', b'0', 1);
INSERT INTO `system_role_menu`
VALUES (6111, 155, 4039, '1', '2025-04-01 13:49:30', '1', '2025-04-01 13:49:30', b'0', 1);
INSERT INTO `system_role_menu`
VALUES (6112, 155, 4040, '1', '2025-04-01 13:49:30', '1', '2025-04-01 13:49:30', b'0', 1);
INSERT INTO `system_role_menu`
VALUES (6113, 155, 4041, '1', '2025-04-01 13:49:30', '1', '2025-04-01 13:49:30', b'0', 1);
INSERT INTO `system_role_menu`
VALUES (6114, 155, 4042, '1', '2025-04-01 13:49:30', '1', '2025-04-01 13:49:30', b'0', 1);
INSERT INTO `system_role_menu`
VALUES (6115, 155, 4043, '1', '2025-04-01 13:49:30', '1', '2025-04-01 13:49:30', b'0', 1);
INSERT INTO `system_role_menu`
VALUES (6116, 155, 4044, '1', '2025-04-01 13:49:30', '1', '2025-04-01 13:49:30', b'0', 1);
INSERT INTO `system_role_menu`
VALUES (6117, 155, 4045, '1', '2025-04-01 13:49:30', '1', '2025-04-01 13:49:30', b'0', 1);
INSERT INTO `system_role_menu`
VALUES (6119, 155, 4001, '1', '2025-04-01 13:49:30', '1', '2025-04-01 13:49:30', b'0', 1);
INSERT INTO `system_role_menu`
VALUES (6120, 155, 4002, '1', '2025-04-01 13:49:30', '1', '2025-04-01 13:49:30', b'0', 1);
INSERT INTO `system_role_menu`
VALUES (6121, 155, 4003, '1', '2025-04-01 13:49:30', '1', '2025-04-01 13:49:30', b'0', 1);
INSERT INTO `system_role_menu`
VALUES (6122, 155, 4004, '1', '2025-04-01 13:49:30', '1', '2025-04-01 13:49:30', b'0', 1);
INSERT INTO `system_role_menu`
VALUES (6123, 155, 4005, '1', '2025-04-01 13:49:30', '1', '2025-04-01 13:49:30', b'0', 1);
INSERT INTO `system_role_menu`
VALUES (6124, 155, 4006, '1', '2025-04-01 13:49:30', '1', '2025-04-01 13:49:30', b'0', 1);
INSERT INTO `system_role_menu`
VALUES (6125, 155, 4007, '1', '2025-04-01 13:49:30', '1', '2025-04-01 13:49:30', b'0', 1);
INSERT INTO `system_role_menu`
VALUES (6126, 155, 4008, '1', '2025-04-01 13:49:30', '1', '2025-04-01 13:49:30', b'0', 1);
INSERT INTO `system_role_menu`
VALUES (6127, 155, 4009, '1', '2025-04-01 13:49:30', '1', '2025-04-01 13:49:30', b'0', 1);
INSERT INTO `system_role_menu`
VALUES (6128, 155, 4010, '1', '2025-04-01 13:49:30', '1', '2025-04-01 13:49:30', b'0', 1);
INSERT INTO `system_role_menu`
VALUES (6129, 155, 4011, '1', '2025-04-01 13:49:30', '1', '2025-04-01 13:49:30', b'0', 1);
INSERT INTO `system_role_menu`
VALUES (6130, 155, 4012, '1', '2025-04-01 13:49:30', '1', '2025-04-01 13:49:30', b'0', 1);
INSERT INTO `system_role_menu`
VALUES (6131, 155, 4013, '1', '2025-04-01 13:49:30', '1', '2025-04-01 13:49:30', b'0', 1);
INSERT INTO `system_role_menu`
VALUES (6132, 155, 4014, '1', '2025-04-01 13:49:30', '1', '2025-04-01 13:49:30', b'0', 1);
INSERT INTO `system_role_menu`
VALUES (6133, 155, 4015, '1', '2025-04-01 13:49:30', '1', '2025-04-01 13:49:30', b'0', 1);
INSERT INTO `system_role_menu`
VALUES (6134, 155, 4016, '1', '2025-04-01 13:49:30', '1', '2025-04-01 13:49:30', b'0', 1);
INSERT INTO `system_role_menu`
VALUES (6135, 155, 4017, '1', '2025-04-01 13:49:30', '1', '2025-04-01 13:49:30', b'0', 1);
INSERT INTO `system_role_menu`
VALUES (6136, 155, 4018, '1', '2025-04-01 13:49:30', '1', '2025-04-01 13:49:30', b'0', 1);
INSERT INTO `system_role_menu`
VALUES (6137, 155, 4031, '1', '2025-04-01 13:49:30', '1', '2025-04-01 13:49:30', b'0', 1);
INSERT INTO `system_role_menu`
VALUES (6139, 109, 1117, '1', '2025-09-06 20:52:12', '1', '2025-09-06 20:52:12', b'0', 121);
INSERT INTO `system_role_menu`
VALUES (6140, 109, 1126, '1', '2025-09-06 20:52:12', '1', '2025-09-06 20:52:12', b'0', 121);
INSERT INTO `system_role_menu`
VALUES (6141, 109, 1127, '1', '2025-09-06 20:52:12', '1', '2025-09-06 20:52:12', b'0', 121);
INSERT INTO `system_role_menu`
VALUES (6142, 109, 1128, '1', '2025-09-06 20:52:12', '1', '2025-09-06 20:52:12', b'0', 121);
INSERT INTO `system_role_menu`
VALUES (6143, 109, 1129, '1', '2025-09-06 20:52:12', '1', '2025-09-06 20:52:12', b'0', 121);
INSERT INTO `system_role_menu`
VALUES (6144, 109, 1130, '1', '2025-09-06 20:52:12', '1', '2025-09-06 20:52:12', b'0', 121);
INSERT INTO `system_role_menu`
VALUES (6145, 109, 1132, '1', '2025-09-06 20:52:12', '1', '2025-09-06 20:52:12', b'0', 121);
INSERT INTO `system_role_menu`
VALUES (6146, 109, 1133, '1', '2025-09-06 20:52:12', '1', '2025-09-06 20:52:12', b'0', 121);
INSERT INTO `system_role_menu`
VALUES (6147, 109, 1134, '1', '2025-09-06 20:52:12', '1', '2025-09-06 20:52:12', b'0', 121);
INSERT INTO `system_role_menu`
VALUES (6148, 109, 1135, '1', '2025-09-06 20:52:12', '1', '2025-09-06 20:52:12', b'0', 121);
INSERT INTO `system_role_menu`
VALUES (6149, 109, 1136, '1', '2025-09-06 20:52:12', '1', '2025-09-06 20:52:12', b'0', 121);
INSERT INTO `system_role_menu`
VALUES (6150, 109, 1137, '1', '2025-09-06 20:52:12', '1', '2025-09-06 20:52:12', b'0', 121);
INSERT INTO `system_role_menu`
VALUES (6151, 109, 2161, '1', '2025-09-06 20:52:12', '1', '2025-09-06 20:52:12', b'0', 121);
INSERT INTO `system_role_menu`
VALUES (6152, 109, 1150, '1', '2025-09-06 20:52:12', '1', '2025-09-06 20:52:12', b'0', 121);
INSERT INTO `system_role_menu`
VALUES (6153, 109, 1161, '1', '2025-09-06 20:52:12', '1', '2025-09-06 20:52:12', b'0', 121);
INSERT INTO `system_role_menu`
VALUES (6154, 109, 1162, '1', '2025-09-06 20:52:12', '1', '2025-09-06 20:52:12', b'0', 121);
INSERT INTO `system_role_menu`
VALUES (6155, 109, 1166, '1', '2025-09-06 20:52:12', '1', '2025-09-06 20:52:12', b'0', 121);
INSERT INTO `system_role_menu`
VALUES (6156, 109, 1173, '1', '2025-09-06 20:52:12', '1', '2025-09-06 20:52:12', b'0', 121);
INSERT INTO `system_role_menu`
VALUES (6157, 109, 1174, '1', '2025-09-06 20:52:12', '1', '2025-09-06 20:52:12', b'0', 121);
INSERT INTO `system_role_menu`
VALUES (6158, 109, 1178, '1', '2025-09-06 20:52:12', '1', '2025-09-06 20:52:12', b'0', 121);
INSERT INTO `system_role_menu`
VALUES (6159, 109, 2745, '1', '2025-09-06 20:52:12', '1', '2025-09-06 20:52:12', b'0', 121);
INSERT INTO `system_role_menu`
VALUES (6160, 109, 2746, '1', '2025-09-06 20:52:12', '1', '2025-09-06 20:52:12', b'0', 121);
INSERT INTO `system_role_menu`
VALUES (6161, 109, 2747, '1', '2025-09-06 20:52:12', '1', '2025-09-06 20:52:12', b'0', 121);
INSERT INTO `system_role_menu`
VALUES (6162, 109, 2748, '1', '2025-09-06 20:52:12', '1', '2025-09-06 20:52:12', b'0', 121);
INSERT INTO `system_role_menu`
VALUES (6163, 109, 2301, '1', '2025-09-06 20:52:12', '1', '2025-09-06 20:52:12', b'0', 121);
INSERT INTO `system_role_menu`
VALUES (6164, 109, 2302, '1', '2025-09-06 20:52:12', '1', '2025-09-06 20:52:12', b'0', 121);
INSERT INTO `system_role_menu`
VALUES (6165, 109, 5011, '1', '2025-09-06 20:52:12', '1', '2025-09-06 20:52:12', b'0', 121);
INSERT INTO `system_role_menu`
VALUES (6166, 109, 5012, '1', '2025-09-06 20:52:12', '1', '2025-09-06 20:52:12', b'0', 121);
INSERT INTO `system_role_menu`
VALUES (6167, 109, 2549, '1', '2025-09-06 20:52:12', '1', '2025-09-06 20:52:12', b'0', 121);
INSERT INTO `system_role_menu`
VALUES (6168, 109, 2550, '1', '2025-09-06 20:52:12', '1', '2025-09-06 20:52:12', b'0', 121);
INSERT INTO `system_role_menu`
VALUES (6169, 109, 2551, '1', '2025-09-06 20:52:12', '1', '2025-09-06 20:52:12', b'0', 121);
INSERT INTO `system_role_menu`
VALUES (6170, 109, 2552, '1', '2025-09-06 20:52:12', '1', '2025-09-06 20:52:12', b'0', 121);
INSERT INTO `system_role_menu`
VALUES (6171, 109, 2553, '1', '2025-09-06 20:52:12', '1', '2025-09-06 20:52:12', b'0', 121);
INSERT INTO `system_role_menu`
VALUES (6172, 109, 2554, '1', '2025-09-06 20:52:12', '1', '2025-09-06 20:52:12', b'0', 121);
INSERT INTO `system_role_menu`
VALUES (6173, 109, 2555, '1', '2025-09-06 20:52:12', '1', '2025-09-06 20:52:12', b'0', 121);
INSERT INTO `system_role_menu`
VALUES (6174, 109, 2556, '1', '2025-09-06 20:52:12', '1', '2025-09-06 20:52:12', b'0', 121);
INSERT INTO `system_role_menu`
VALUES (6175, 109, 2557, '1', '2025-09-06 20:52:12', '1', '2025-09-06 20:52:12', b'0', 121);
INSERT INTO `system_role_menu`
VALUES (6176, 109, 2558, '1', '2025-09-06 20:52:12', '1', '2025-09-06 20:52:12', b'0', 121);
INSERT INTO `system_role_menu`
VALUES (6177, 109, 2559, '1', '2025-09-06 20:52:12', '1', '2025-09-06 20:52:12', b'0', 121);
INSERT INTO `system_role_menu`
VALUES (6178, 111, 1117, '1', '2025-09-06 20:52:12', '1', '2025-09-06 20:52:12', b'0', 122);
INSERT INTO `system_role_menu`
VALUES (6179, 111, 1126, '1', '2025-09-06 20:52:12', '1', '2025-09-06 20:52:12', b'0', 122);
INSERT INTO `system_role_menu`
VALUES (6180, 111, 1127, '1', '2025-09-06 20:52:12', '1', '2025-09-06 20:52:12', b'0', 122);
INSERT INTO `system_role_menu`
VALUES (6181, 111, 1128, '1', '2025-09-06 20:52:12', '1', '2025-09-06 20:52:12', b'0', 122);
INSERT INTO `system_role_menu`
VALUES (6182, 111, 1129, '1', '2025-09-06 20:52:12', '1', '2025-09-06 20:52:12', b'0', 122);
INSERT INTO `system_role_menu`
VALUES (6183, 111, 1130, '1', '2025-09-06 20:52:12', '1', '2025-09-06 20:52:12', b'0', 122);
INSERT INTO `system_role_menu`
VALUES (6184, 111, 1132, '1', '2025-09-06 20:52:12', '1', '2025-09-06 20:52:12', b'0', 122);
INSERT INTO `system_role_menu`
VALUES (6185, 111, 1133, '1', '2025-09-06 20:52:12', '1', '2025-09-06 20:52:12', b'0', 122);
INSERT INTO `system_role_menu`
VALUES (6186, 111, 1134, '1', '2025-09-06 20:52:12', '1', '2025-09-06 20:52:12', b'0', 122);
INSERT INTO `system_role_menu`
VALUES (6187, 111, 1135, '1', '2025-09-06 20:52:12', '1', '2025-09-06 20:52:12', b'0', 122);
INSERT INTO `system_role_menu`
VALUES (6188, 111, 1136, '1', '2025-09-06 20:52:12', '1', '2025-09-06 20:52:12', b'0', 122);
INSERT INTO `system_role_menu`
VALUES (6189, 111, 1137, '1', '2025-09-06 20:52:12', '1', '2025-09-06 20:52:12', b'0', 122);
INSERT INTO `system_role_menu`
VALUES (6190, 111, 2161, '1', '2025-09-06 20:52:12', '1', '2025-09-06 20:52:12', b'0', 122);
INSERT INTO `system_role_menu`
VALUES (6191, 111, 1150, '1', '2025-09-06 20:52:12', '1', '2025-09-06 20:52:12', b'0', 122);
INSERT INTO `system_role_menu`
VALUES (6192, 111, 1161, '1', '2025-09-06 20:52:12', '1', '2025-09-06 20:52:12', b'0', 122);
INSERT INTO `system_role_menu`
VALUES (6193, 111, 1162, '1', '2025-09-06 20:52:12', '1', '2025-09-06 20:52:12', b'0', 122);
INSERT INTO `system_role_menu`
VALUES (6194, 111, 1166, '1', '2025-09-06 20:52:12', '1', '2025-09-06 20:52:12', b'0', 122);
INSERT INTO `system_role_menu`
VALUES (6195, 111, 1173, '1', '2025-09-06 20:52:12', '1', '2025-09-06 20:52:12', b'0', 122);
INSERT INTO `system_role_menu`
VALUES (6196, 111, 1174, '1', '2025-09-06 20:52:12', '1', '2025-09-06 20:52:12', b'0', 122);
INSERT INTO `system_role_menu`
VALUES (6197, 111, 1178, '1', '2025-09-06 20:52:12', '1', '2025-09-06 20:52:12', b'0', 122);
INSERT INTO `system_role_menu`
VALUES (6198, 111, 2745, '1', '2025-09-06 20:52:12', '1', '2025-09-06 20:52:12', b'0', 122);
INSERT INTO `system_role_menu`
VALUES (6199, 111, 2746, '1', '2025-09-06 20:52:12', '1', '2025-09-06 20:52:12', b'0', 122);
INSERT INTO `system_role_menu`
VALUES (6200, 111, 2747, '1', '2025-09-06 20:52:12', '1', '2025-09-06 20:52:12', b'0', 122);
INSERT INTO `system_role_menu`
VALUES (6201, 111, 2748, '1', '2025-09-06 20:52:12', '1', '2025-09-06 20:52:12', b'0', 122);
INSERT INTO `system_role_menu`
VALUES (6202, 111, 2301, '1', '2025-09-06 20:52:12', '1', '2025-09-06 20:52:12', b'0', 122);
INSERT INTO `system_role_menu`
VALUES (6203, 111, 2302, '1', '2025-09-06 20:52:12', '1', '2025-09-06 20:52:12', b'0', 122);
INSERT INTO `system_role_menu`
VALUES (6204, 111, 5011, '1', '2025-09-06 20:52:12', '1', '2025-09-06 20:52:12', b'0', 122);
INSERT INTO `system_role_menu`
VALUES (6205, 111, 5012, '1', '2025-09-06 20:52:12', '1', '2025-09-06 20:52:12', b'0', 122);
INSERT INTO `system_role_menu`
VALUES (6206, 111, 2549, '1', '2025-09-06 20:52:12', '1', '2025-09-06 20:52:12', b'0', 122);
INSERT INTO `system_role_menu`
VALUES (6207, 111, 2550, '1', '2025-09-06 20:52:12', '1', '2025-09-06 20:52:12', b'0', 122);
INSERT INTO `system_role_menu`
VALUES (6208, 111, 2551, '1', '2025-09-06 20:52:12', '1', '2025-09-06 20:52:12', b'0', 122);
INSERT INTO `system_role_menu`
VALUES (6209, 111, 2552, '1', '2025-09-06 20:52:12', '1', '2025-09-06 20:52:12', b'0', 122);
INSERT INTO `system_role_menu`
VALUES (6210, 111, 2553, '1', '2025-09-06 20:52:12', '1', '2025-09-06 20:52:12', b'0', 122);
INSERT INTO `system_role_menu`
VALUES (6211, 111, 2554, '1', '2025-09-06 20:52:12', '1', '2025-09-06 20:52:12', b'0', 122);
INSERT INTO `system_role_menu`
VALUES (6212, 111, 2555, '1', '2025-09-06 20:52:12', '1', '2025-09-06 20:52:12', b'0', 122);
INSERT INTO `system_role_menu`
VALUES (6213, 111, 2556, '1', '2025-09-06 20:52:12', '1', '2025-09-06 20:52:12', b'0', 122);
INSERT INTO `system_role_menu`
VALUES (6214, 111, 2557, '1', '2025-09-06 20:52:12', '1', '2025-09-06 20:52:12', b'0', 122);
INSERT INTO `system_role_menu`
VALUES (6215, 111, 2558, '1', '2025-09-06 20:52:12', '1', '2025-09-06 20:52:12', b'0', 122);
INSERT INTO `system_role_menu`
VALUES (6216, 111, 2559, '1', '2025-09-06 20:52:12', '1', '2025-09-06 20:52:12', b'0', 122);
INSERT INTO `system_role_menu`
VALUES (6217, 109, 2756, '1', '2025-09-06 20:52:25', '1', '2025-09-06 20:52:25', b'0', 121);
INSERT INTO `system_role_menu`
VALUES (6218, 109, 2757, '1', '2025-09-06 20:52:25', '1', '2025-09-06 20:52:25', b'0', 121);
INSERT INTO `system_role_menu`
VALUES (6219, 109, 2262, '1', '2025-09-06 20:52:25', '1', '2025-09-06 20:52:25', b'0', 121);
INSERT INTO `system_role_menu`
VALUES (6220, 109, 2275, '1', '2025-09-06 20:52:25', '1', '2025-09-06 20:52:25', b'0', 121);
INSERT INTO `system_role_menu`
VALUES (6221, 109, 2276, '1', '2025-09-06 20:52:25', '1', '2025-09-06 20:52:25', b'0', 121);
INSERT INTO `system_role_menu`
VALUES (6222, 109, 2277, '1', '2025-09-06 20:52:25', '1', '2025-09-06 20:52:25', b'0', 121);
INSERT INTO `system_role_menu`
VALUES (6223, 109, 2281, '1', '2025-09-06 20:52:25', '1', '2025-09-06 20:52:25', b'0', 121);
INSERT INTO `system_role_menu`
VALUES (6224, 109, 2282, '1', '2025-09-06 20:52:25', '1', '2025-09-06 20:52:25', b'0', 121);
INSERT INTO `system_role_menu`
VALUES (6225, 109, 2283, '1', '2025-09-06 20:52:25', '1', '2025-09-06 20:52:25', b'0', 121);
INSERT INTO `system_role_menu`
VALUES (6226, 109, 2284, '1', '2025-09-06 20:52:25', '1', '2025-09-06 20:52:25', b'0', 121);
INSERT INTO `system_role_menu`
VALUES (6227, 109, 2285, '1', '2025-09-06 20:52:25', '1', '2025-09-06 20:52:25', b'0', 121);
INSERT INTO `system_role_menu`
VALUES (6228, 109, 2287, '1', '2025-09-06 20:52:25', '1', '2025-09-06 20:52:25', b'0', 121);
INSERT INTO `system_role_menu`
VALUES (6229, 109, 2288, '1', '2025-09-06 20:52:25', '1', '2025-09-06 20:52:25', b'0', 121);
INSERT INTO `system_role_menu`
VALUES (6230, 109, 2293, '1', '2025-09-06 20:52:25', '1', '2025-09-06 20:52:25', b'0', 121);
INSERT INTO `system_role_menu`
VALUES (6231, 109, 2294, '1', '2025-09-06 20:52:25', '1', '2025-09-06 20:52:25', b'0', 121);
INSERT INTO `system_role_menu`
VALUES (6232, 109, 2297, '1', '2025-09-06 20:52:25', '1', '2025-09-06 20:52:25', b'0', 121);
INSERT INTO `system_role_menu`
VALUES (6233, 109, 2300, '1', '2025-09-06 20:52:25', '1', '2025-09-06 20:52:25', b'0', 121);
INSERT INTO `system_role_menu`
VALUES (6234, 109, 2317, '1', '2025-09-06 20:52:25', '1', '2025-09-06 20:52:25', b'0', 121);
INSERT INTO `system_role_menu`
VALUES (6235, 109, 2318, '1', '2025-09-06 20:52:25', '1', '2025-09-06 20:52:25', b'0', 121);
INSERT INTO `system_role_menu`
VALUES (6236, 109, 2319, '1', '2025-09-06 20:52:25', '1', '2025-09-06 20:52:25', b'0', 121);
INSERT INTO `system_role_menu`
VALUES (6237, 109, 2320, '1', '2025-09-06 20:52:25', '1', '2025-09-06 20:52:25', b'0', 121);
INSERT INTO `system_role_menu`
VALUES (6238, 109, 2321, '1', '2025-09-06 20:52:25', '1', '2025-09-06 20:52:25', b'0', 121);
INSERT INTO `system_role_menu`
VALUES (6239, 109, 2322, '1', '2025-09-06 20:52:25', '1', '2025-09-06 20:52:25', b'0', 121);
INSERT INTO `system_role_menu`
VALUES (6240, 109, 2323, '1', '2025-09-06 20:52:25', '1', '2025-09-06 20:52:25', b'0', 121);
INSERT INTO `system_role_menu`
VALUES (6241, 109, 2324, '1', '2025-09-06 20:52:25', '1', '2025-09-06 20:52:25', b'0', 121);
INSERT INTO `system_role_menu`
VALUES (6242, 109, 2325, '1', '2025-09-06 20:52:25', '1', '2025-09-06 20:52:25', b'0', 121);
INSERT INTO `system_role_menu`
VALUES (6243, 109, 2326, '1', '2025-09-06 20:52:25', '1', '2025-09-06 20:52:25', b'0', 121);
INSERT INTO `system_role_menu`
VALUES (6244, 109, 2327, '1', '2025-09-06 20:52:25', '1', '2025-09-06 20:52:25', b'0', 121);
INSERT INTO `system_role_menu`
VALUES (6245, 109, 2328, '1', '2025-09-06 20:52:25', '1', '2025-09-06 20:52:25', b'0', 121);
INSERT INTO `system_role_menu`
VALUES (6246, 109, 2329, '1', '2025-09-06 20:52:25', '1', '2025-09-06 20:52:25', b'0', 121);
INSERT INTO `system_role_menu`
VALUES (6247, 109, 2330, '1', '2025-09-06 20:52:25', '1', '2025-09-06 20:52:25', b'0', 121);
INSERT INTO `system_role_menu`
VALUES (6248, 109, 2331, '1', '2025-09-06 20:52:25', '1', '2025-09-06 20:52:25', b'0', 121);
INSERT INTO `system_role_menu`
VALUES (6249, 109, 2332, '1', '2025-09-06 20:52:25', '1', '2025-09-06 20:52:25', b'0', 121);
INSERT INTO `system_role_menu`
VALUES (6250, 109, 2333, '1', '2025-09-06 20:52:25', '1', '2025-09-06 20:52:25', b'0', 121);
INSERT INTO `system_role_menu`
VALUES (6251, 109, 2334, '1', '2025-09-06 20:52:25', '1', '2025-09-06 20:52:25', b'0', 121);
INSERT INTO `system_role_menu`
VALUES (6252, 109, 2335, '1', '2025-09-06 20:52:25', '1', '2025-09-06 20:52:25', b'0', 121);
INSERT INTO `system_role_menu`
VALUES (6253, 109, 2363, '1', '2025-09-06 20:52:25', '1', '2025-09-06 20:52:25', b'0', 121);
INSERT INTO `system_role_menu`
VALUES (6254, 109, 2364, '1', '2025-09-06 20:52:25', '1', '2025-09-06 20:52:25', b'0', 121);
INSERT INTO `system_role_menu`
VALUES (6255, 111, 2756, '1', '2025-09-06 20:52:25', '1', '2025-09-06 20:52:25', b'0', 122);
INSERT INTO `system_role_menu`
VALUES (6256, 111, 2757, '1', '2025-09-06 20:52:25', '1', '2025-09-06 20:52:25', b'0', 122);
INSERT INTO `system_role_menu`
VALUES (6257, 111, 2262, '1', '2025-09-06 20:52:25', '1', '2025-09-06 20:52:25', b'0', 122);
INSERT INTO `system_role_menu`
VALUES (6258, 111, 2275, '1', '2025-09-06 20:52:25', '1', '2025-09-06 20:52:25', b'0', 122);
INSERT INTO `system_role_menu`
VALUES (6259, 111, 2276, '1', '2025-09-06 20:52:25', '1', '2025-09-06 20:52:25', b'0', 122);
INSERT INTO `system_role_menu`
VALUES (6260, 111, 2277, '1', '2025-09-06 20:52:25', '1', '2025-09-06 20:52:25', b'0', 122);
INSERT INTO `system_role_menu`
VALUES (6261, 111, 2281, '1', '2025-09-06 20:52:25', '1', '2025-09-06 20:52:25', b'0', 122);
INSERT INTO `system_role_menu`
VALUES (6262, 111, 2282, '1', '2025-09-06 20:52:25', '1', '2025-09-06 20:52:25', b'0', 122);
INSERT INTO `system_role_menu`
VALUES (6263, 111, 2283, '1', '2025-09-06 20:52:25', '1', '2025-09-06 20:52:25', b'0', 122);
INSERT INTO `system_role_menu`
VALUES (6264, 111, 2284, '1', '2025-09-06 20:52:25', '1', '2025-09-06 20:52:25', b'0', 122);
INSERT INTO `system_role_menu`
VALUES (6265, 111, 2285, '1', '2025-09-06 20:52:25', '1', '2025-09-06 20:52:25', b'0', 122);
INSERT INTO `system_role_menu`
VALUES (6266, 111, 2287, '1', '2025-09-06 20:52:25', '1', '2025-09-06 20:52:25', b'0', 122);
INSERT INTO `system_role_menu`
VALUES (6267, 111, 2288, '1', '2025-09-06 20:52:25', '1', '2025-09-06 20:52:25', b'0', 122);
INSERT INTO `system_role_menu`
VALUES (6268, 111, 2293, '1', '2025-09-06 20:52:25', '1', '2025-09-06 20:52:25', b'0', 122);
INSERT INTO `system_role_menu`
VALUES (6269, 111, 2294, '1', '2025-09-06 20:52:25', '1', '2025-09-06 20:52:25', b'0', 122);
INSERT INTO `system_role_menu`
VALUES (6270, 111, 2297, '1', '2025-09-06 20:52:25', '1', '2025-09-06 20:52:25', b'0', 122);
INSERT INTO `system_role_menu`
VALUES (6271, 111, 2300, '1', '2025-09-06 20:52:25', '1', '2025-09-06 20:52:25', b'0', 122);
INSERT INTO `system_role_menu`
VALUES (6272, 111, 2317, '1', '2025-09-06 20:52:25', '1', '2025-09-06 20:52:25', b'0', 122);
INSERT INTO `system_role_menu`
VALUES (6273, 111, 2318, '1', '2025-09-06 20:52:25', '1', '2025-09-06 20:52:25', b'0', 122);
INSERT INTO `system_role_menu`
VALUES (6274, 111, 2319, '1', '2025-09-06 20:52:25', '1', '2025-09-06 20:52:25', b'0', 122);
INSERT INTO `system_role_menu`
VALUES (6275, 111, 2320, '1', '2025-09-06 20:52:25', '1', '2025-09-06 20:52:25', b'0', 122);
INSERT INTO `system_role_menu`
VALUES (6276, 111, 2321, '1', '2025-09-06 20:52:25', '1', '2025-09-06 20:52:25', b'0', 122);
INSERT INTO `system_role_menu`
VALUES (6277, 111, 2322, '1', '2025-09-06 20:52:25', '1', '2025-09-06 20:52:25', b'0', 122);
INSERT INTO `system_role_menu`
VALUES (6278, 111, 2323, '1', '2025-09-06 20:52:25', '1', '2025-09-06 20:52:25', b'0', 122);
INSERT INTO `system_role_menu`
VALUES (6279, 111, 2324, '1', '2025-09-06 20:52:25', '1', '2025-09-06 20:52:25', b'0', 122);
INSERT INTO `system_role_menu`
VALUES (6280, 111, 2325, '1', '2025-09-06 20:52:25', '1', '2025-09-06 20:52:25', b'0', 122);
INSERT INTO `system_role_menu`
VALUES (6281, 111, 2326, '1', '2025-09-06 20:52:25', '1', '2025-09-06 20:52:25', b'0', 122);
INSERT INTO `system_role_menu`
VALUES (6282, 111, 2327, '1', '2025-09-06 20:52:25', '1', '2025-09-06 20:52:25', b'0', 122);
INSERT INTO `system_role_menu`
VALUES (6283, 111, 2328, '1', '2025-09-06 20:52:25', '1', '2025-09-06 20:52:25', b'0', 122);
INSERT INTO `system_role_menu`
VALUES (6284, 111, 2329, '1', '2025-09-06 20:52:25', '1', '2025-09-06 20:52:25', b'0', 122);
INSERT INTO `system_role_menu`
VALUES (6285, 111, 2330, '1', '2025-09-06 20:52:25', '1', '2025-09-06 20:52:25', b'0', 122);
INSERT INTO `system_role_menu`
VALUES (6286, 111, 2331, '1', '2025-09-06 20:52:25', '1', '2025-09-06 20:52:25', b'0', 122);
INSERT INTO `system_role_menu`
VALUES (6287, 111, 2332, '1', '2025-09-06 20:52:25', '1', '2025-09-06 20:52:25', b'0', 122);
INSERT INTO `system_role_menu`
VALUES (6288, 111, 2333, '1', '2025-09-06 20:52:25', '1', '2025-09-06 20:52:25', b'0', 122);
INSERT INTO `system_role_menu`
VALUES (6289, 111, 2334, '1', '2025-09-06 20:52:25', '1', '2025-09-06 20:52:25', b'0', 122);
INSERT INTO `system_role_menu`
VALUES (6290, 111, 2335, '1', '2025-09-06 20:52:25', '1', '2025-09-06 20:52:25', b'0', 122);
INSERT INTO `system_role_menu`
VALUES (6291, 111, 2363, '1', '2025-09-06 20:52:25', '1', '2025-09-06 20:52:25', b'0', 122);
INSERT INTO `system_role_menu`
VALUES (6292, 111, 2364, '1', '2025-09-06 20:52:25', '1', '2025-09-06 20:52:25', b'0', 122);

-- ----------------------------
-- Table structure for system_sms_channel
-- ----------------------------
DROP TABLE IF EXISTS `system_sms_channel`;
CREATE TABLE `system_sms_channel`
(
    `id`           bigint                                                        NOT NULL AUTO_INCREMENT COMMENT 'зј–еҸ·',
    `signature`    varchar(12) CHARACTER SET utf8mb4 COLLATE utf8mb4_unicode_ci  NOT NULL COMMENT 'зҹӯдҝЎзӯҫеҗҚ',
    `code`         varchar(63) CHARACTER SET utf8mb4 COLLATE utf8mb4_unicode_ci  NOT NULL COMMENT 'жё йҒ“зј–з Ғ',
    `status`       tinyint                                                       NOT NULL COMMENT 'ејҖеҗҜзҠ¶жҖҒ',
    `remark`       varchar(255) CHARACTER SET utf8mb4 COLLATE utf8mb4_unicode_ci NULL     DEFAULT NULL COMMENT 'еӨҮжіЁ',
    `api_key`      varchar(128) CHARACTER SET utf8mb4 COLLATE utf8mb4_unicode_ci NOT NULL COMMENT 'зҹӯдҝЎ API зҡ„иҙҰеҸ·',
    `api_secret`   varchar(128) CHARACTER SET utf8mb4 COLLATE utf8mb4_unicode_ci NULL     DEFAULT NULL COMMENT 'зҹӯдҝЎ API зҡ„з§ҳй’Ҙ',
    `callback_url` varchar(255) CHARACTER SET utf8mb4 COLLATE utf8mb4_unicode_ci NULL     DEFAULT NULL COMMENT 'зҹӯдҝЎеҸ‘йҖҒеӣһи°ғ URL',
    `creator`      varchar(64) CHARACTER SET utf8mb4 COLLATE utf8mb4_unicode_ci  NULL     DEFAULT '' COMMENT 'еҲӣе»әиҖ…',
    `create_time`  datetime                                                      NOT NULL DEFAULT CURRENT_TIMESTAMP COMMENT 'еҲӣе»әж—¶й—ҙ',
    `updater`      varchar(64) CHARACTER SET utf8mb4 COLLATE utf8mb4_unicode_ci  NULL     DEFAULT '' COMMENT 'жӣҙж–°иҖ…',
    `update_time`  datetime                                                      NOT NULL DEFAULT CURRENT_TIMESTAMP ON UPDATE CURRENT_TIMESTAMP COMMENT 'жӣҙж–°ж—¶й—ҙ',
    `deleted`      bit(1)                                                        NOT NULL DEFAULT b'0' COMMENT 'жҳҜеҗҰеҲ йҷӨ',
    PRIMARY KEY (`id`) USING BTREE
) ENGINE = InnoDB
  AUTO_INCREMENT = 8
  CHARACTER SET = utf8mb4
  COLLATE = utf8mb4_unicode_ci COMMENT = 'зҹӯдҝЎжё йҒ“'
  ROW_FORMAT = Dynamic;

-- ----------------------------
-- Records of system_sms_channel
-- ----------------------------
INSERT INTO `system_sms_channel`
VALUES (2, 'Ballcat', 'ALIYUN', 0, 'дҪ иҰҒж”№е“ҰпјҢеҸӘжңүжҲ‘еҸҜд»Ҙз”ЁпјҒпјҒпјҒпјҒ', 'YOUR_SMS_API_KEY', 'YOUR_SMS_API_SECRET', NULL, '',
        '2021-03-31 11:53:10', '1', '2024-08-04 08:53:26', b'0');
INSERT INTO `system_sms_channel`
VALUES (4, 'жөӢиҜ•жё йҒ“', 'DEBUG_DING_TALK', 0, '123', 'YOUR_SMS_API_KEY', 'YOUR_SMS_API_SECRET', NULL, '1',
        '2021-04-13 00:23:14', '1', '2022-03-27 20:29:49', b'0');
INSERT INTO `system_sms_channel`
VALUES (7, 'mockи…ҫи®Ҝдә‘', 'TENCENT', 0, '', '1 2', '2 3', '', '1', '2024-09-30 08:53:45', '1', '2024-09-30 08:55:01',
        b'0');

-- ----------------------------
-- Table structure for system_sms_code
-- ----------------------------
DROP TABLE IF EXISTS `system_sms_code`;
CREATE TABLE `system_sms_code`
(
    `id`          bigint                                                        NOT NULL AUTO_INCREMENT COMMENT 'зј–еҸ·',
    `mobile`      varchar(11) CHARACTER SET utf8mb4 COLLATE utf8mb4_unicode_ci  NOT NULL COMMENT 'жүӢжңәеҸ·',
    `code`        varchar(6) CHARACTER SET utf8mb4 COLLATE utf8mb4_unicode_ci   NOT NULL COMMENT 'йӘҢиҜҒз Ғ',
    `create_ip`   varchar(15) CHARACTER SET utf8mb4 COLLATE utf8mb4_unicode_ci  NOT NULL COMMENT 'еҲӣе»ә IP',
    `scene`       tinyint                                                       NOT NULL COMMENT 'еҸ‘йҖҒеңәжҷҜ',
    `today_index` tinyint                                                       NOT NULL COMMENT 'д»Ҡж—ҘеҸ‘йҖҒзҡ„з¬¬еҮ жқЎ',
    `used`        tinyint                                                       NOT NULL COMMENT 'жҳҜеҗҰдҪҝз”Ё',
    `used_time`   datetime                                                      NULL     DEFAULT NULL COMMENT 'дҪҝз”Ёж—¶й—ҙ',
    `used_ip`     varchar(255) CHARACTER SET utf8mb4 COLLATE utf8mb4_unicode_ci NULL     DEFAULT NULL COMMENT 'дҪҝз”Ё IP',
    `creator`     varchar(64) CHARACTER SET utf8mb4 COLLATE utf8mb4_unicode_ci  NULL     DEFAULT '' COMMENT 'еҲӣе»әиҖ…',
    `create_time` datetime                                                      NOT NULL DEFAULT CURRENT_TIMESTAMP COMMENT 'еҲӣе»әж—¶й—ҙ',
    `updater`     varchar(64) CHARACTER SET utf8mb4 COLLATE utf8mb4_unicode_ci  NULL     DEFAULT '' COMMENT 'жӣҙж–°иҖ…',
    `update_time` datetime                                                      NOT NULL DEFAULT CURRENT_TIMESTAMP ON UPDATE CURRENT_TIMESTAMP COMMENT 'жӣҙж–°ж—¶й—ҙ',
    `deleted`     bit(1)                                                        NOT NULL DEFAULT b'0' COMMENT 'жҳҜеҗҰеҲ йҷӨ',
    `tenant_id`   bigint                                                        NOT NULL DEFAULT 0 COMMENT 'з§ҹжҲ·зј–еҸ·',
    PRIMARY KEY (`id`) USING BTREE,
    INDEX `idx_mobile` (`mobile` ASC) USING BTREE COMMENT 'жүӢжңәеҸ·'
) ENGINE = InnoDB
  AUTO_INCREMENT = 682
  CHARACTER SET = utf8mb4
  COLLATE = utf8mb4_unicode_ci COMMENT = 'жүӢжңәйӘҢиҜҒз Ғ'
  ROW_FORMAT = Dynamic;

-- ----------------------------
-- Records of system_sms_code
-- ----------------------------

-- ----------------------------
-- Table structure for system_sms_log
-- ----------------------------
DROP TABLE IF EXISTS `system_sms_log`;
CREATE TABLE `system_sms_log`
(
    `id`               bigint                                                        NOT NULL AUTO_INCREMENT COMMENT 'зј–еҸ·',
    `channel_id`       bigint                                                        NOT NULL COMMENT 'зҹӯдҝЎжё йҒ“зј–еҸ·',
    `channel_code`     varchar(63) CHARACTER SET utf8mb4 COLLATE utf8mb4_unicode_ci  NOT NULL COMMENT 'зҹӯдҝЎжё йҒ“зј–з Ғ',
    `template_id`      bigint                                                        NOT NULL COMMENT 'жЁЎжқҝзј–еҸ·',
    `template_code`    varchar(63) CHARACTER SET utf8mb4 COLLATE utf8mb4_unicode_ci  NOT NULL COMMENT 'жЁЎжқҝзј–з Ғ',
    `template_type`    tinyint                                                       NOT NULL COMMENT 'зҹӯдҝЎзұ»еһӢ',
    `template_content` varchar(255) CHARACTER SET utf8mb4 COLLATE utf8mb4_unicode_ci NOT NULL COMMENT 'зҹӯдҝЎеҶ…е®№',
    `template_params`  varchar(255) CHARACTER SET utf8mb4 COLLATE utf8mb4_unicode_ci NOT NULL COMMENT 'зҹӯдҝЎеҸӮж•°',
    `api_template_id`  varchar(63) CHARACTER SET utf8mb4 COLLATE utf8mb4_unicode_ci  NOT NULL COMMENT 'зҹӯдҝЎ API зҡ„жЁЎжқҝзј–еҸ·',
    `mobile`           varchar(11) CHARACTER SET utf8mb4 COLLATE utf8mb4_unicode_ci  NOT NULL COMMENT 'жүӢжңәеҸ·',
    `user_id`          bigint                                                        NULL     DEFAULT NULL COMMENT 'з”ЁжҲ·зј–еҸ·',
    `user_type`        tinyint                                                       NULL     DEFAULT NULL COMMENT 'з”ЁжҲ·зұ»еһӢ',
    `send_status`      tinyint                                                       NOT NULL DEFAULT 0 COMMENT 'еҸ‘йҖҒзҠ¶жҖҒ',
    `send_time`        datetime                                                      NULL     DEFAULT NULL COMMENT 'еҸ‘йҖҒж—¶й—ҙ',
    `api_send_code`    varchar(63) CHARACTER SET utf8mb4 COLLATE utf8mb4_unicode_ci  NULL     DEFAULT NULL COMMENT 'зҹӯдҝЎ API еҸ‘йҖҒз»“жһңзҡ„зј–з Ғ',
    `api_send_msg`     varchar(255) CHARACTER SET utf8mb4 COLLATE utf8mb4_unicode_ci NULL     DEFAULT NULL COMMENT 'зҹӯдҝЎ API еҸ‘йҖҒеӨұиҙҘзҡ„жҸҗзӨә',
    `api_request_id`   varchar(255) CHARACTER SET utf8mb4 COLLATE utf8mb4_unicode_ci NULL     DEFAULT NULL COMMENT 'зҹӯдҝЎ API еҸ‘йҖҒиҝ”еӣһзҡ„е”ҜдёҖиҜ·жұӮ ID',
    `api_serial_no`    varchar(255) CHARACTER SET utf8mb4 COLLATE utf8mb4_unicode_ci NULL     DEFAULT NULL COMMENT 'зҹӯдҝЎ API еҸ‘йҖҒиҝ”еӣһзҡ„еәҸеҸ·',
    `receive_status`   tinyint                                                       NOT NULL DEFAULT 0 COMMENT 'жҺҘж”¶зҠ¶жҖҒ',
    `receive_time`     datetime                                                      NULL     DEFAULT NULL COMMENT 'жҺҘж”¶ж—¶й—ҙ',
    `api_receive_code` varchar(63) CHARACTER SET utf8mb4 COLLATE utf8mb4_unicode_ci  NULL     DEFAULT NULL COMMENT 'API жҺҘж”¶з»“жһңзҡ„зј–з Ғ',
    `api_receive_msg`  varchar(255) CHARACTER SET utf8mb4 COLLATE utf8mb4_unicode_ci NULL     DEFAULT NULL COMMENT 'API жҺҘж”¶з»“жһңзҡ„иҜҙжҳҺ',
    `creator`          varchar(64) CHARACTER SET utf8mb4 COLLATE utf8mb4_unicode_ci  NULL     DEFAULT '' COMMENT 'еҲӣе»әиҖ…',
    `create_time`      datetime                                                      NOT NULL DEFAULT CURRENT_TIMESTAMP COMMENT 'еҲӣе»әж—¶й—ҙ',
    `updater`          varchar(64) CHARACTER SET utf8mb4 COLLATE utf8mb4_unicode_ci  NULL     DEFAULT '' COMMENT 'жӣҙж–°иҖ…',
    `update_time`      datetime                                                      NOT NULL DEFAULT CURRENT_TIMESTAMP ON UPDATE CURRENT_TIMESTAMP COMMENT 'жӣҙж–°ж—¶й—ҙ',
    `deleted`          bit(1)                                                        NOT NULL DEFAULT b'0' COMMENT 'жҳҜеҗҰеҲ йҷӨ',
    PRIMARY KEY (`id`) USING BTREE
) ENGINE = InnoDB
  AUTO_INCREMENT = 1528
  CHARACTER SET = utf8mb4
  COLLATE = utf8mb4_unicode_ci COMMENT = 'зҹӯдҝЎж—Ҙеҝ—'
  ROW_FORMAT = Dynamic;

-- ----------------------------
-- Records of system_sms_log
-- ----------------------------

-- ----------------------------
-- Table structure for system_sms_template
-- ----------------------------
DROP TABLE IF EXISTS `system_sms_template`;
CREATE TABLE `system_sms_template`
(
    `id`              bigint                                                        NOT NULL AUTO_INCREMENT COMMENT 'зј–еҸ·',
    `type`            tinyint                                                       NOT NULL COMMENT 'жЁЎжқҝзұ»еһӢ',
    `status`          tinyint                                                       NOT NULL COMMENT 'ејҖеҗҜзҠ¶жҖҒ',
    `code`            varchar(63) CHARACTER SET utf8mb4 COLLATE utf8mb4_unicode_ci  NOT NULL COMMENT 'жЁЎжқҝзј–з Ғ',
    `name`            varchar(63) CHARACTER SET utf8mb4 COLLATE utf8mb4_unicode_ci  NOT NULL COMMENT 'жЁЎжқҝеҗҚз§°',
    `content`         varchar(255) CHARACTER SET utf8mb4 COLLATE utf8mb4_unicode_ci NOT NULL COMMENT 'жЁЎжқҝеҶ…е®№',
    `params`          varchar(255) CHARACTER SET utf8mb4 COLLATE utf8mb4_unicode_ci NOT NULL COMMENT 'еҸӮж•°ж•°з»„',
    `remark`          varchar(255) CHARACTER SET utf8mb4 COLLATE utf8mb4_unicode_ci NULL     DEFAULT NULL COMMENT 'еӨҮжіЁ',
    `api_template_id` varchar(63) CHARACTER SET utf8mb4 COLLATE utf8mb4_unicode_ci  NOT NULL COMMENT 'зҹӯдҝЎ API зҡ„жЁЎжқҝзј–еҸ·',
    `channel_id`      bigint                                                        NOT NULL COMMENT 'зҹӯдҝЎжё йҒ“зј–еҸ·',
    `channel_code`    varchar(63) CHARACTER SET utf8mb4 COLLATE utf8mb4_unicode_ci  NOT NULL COMMENT 'зҹӯдҝЎжё йҒ“зј–з Ғ',
    `creator`         varchar(64) CHARACTER SET utf8mb4 COLLATE utf8mb4_unicode_ci  NULL     DEFAULT '' COMMENT 'еҲӣе»әиҖ…',
    `create_time`     datetime                                                      NOT NULL DEFAULT CURRENT_TIMESTAMP COMMENT 'еҲӣе»әж—¶й—ҙ',
    `updater`         varchar(64) CHARACTER SET utf8mb4 COLLATE utf8mb4_unicode_ci  NULL     DEFAULT '' COMMENT 'жӣҙж–°иҖ…',
    `update_time`     datetime                                                      NOT NULL DEFAULT CURRENT_TIMESTAMP ON UPDATE CURRENT_TIMESTAMP COMMENT 'жӣҙж–°ж—¶й—ҙ',
    `deleted`         bit(1)                                                        NOT NULL DEFAULT b'0' COMMENT 'жҳҜеҗҰеҲ йҷӨ',
    PRIMARY KEY (`id`) USING BTREE
) ENGINE = InnoDB
  AUTO_INCREMENT = 20
  CHARACTER SET = utf8mb4
  COLLATE = utf8mb4_unicode_ci COMMENT = 'зҹӯдҝЎжЁЎжқҝ'
  ROW_FORMAT = Dynamic;

-- ----------------------------
-- Records of system_sms_template
-- ----------------------------
INSERT INTO `system_sms_template`
VALUES (2, 1, 0, 'test_01', 'жөӢиҜ•йӘҢиҜҒз ҒзҹӯдҝЎ', 'жӯЈеңЁиҝӣиЎҢзҷ»еҪ•ж“ҚдҪң{operation}пјҢжӮЁзҡ„йӘҢиҜҒз ҒжҳҜ{code}',
        '[\"operation\",\"code\"]', 'жөӢиҜ•еӨҮжіЁ', '4383920', 4, 'DEBUG_DING_TALK', '', '2021-03-31 10:49:38', '1',
        '2024-08-18 11:57:18', b'0');
INSERT INTO `system_sms_template`
VALUES (3, 1, 0, 'test_02', 'е…¬е‘ҠйҖҡзҹҘ', 'жӮЁзҡ„йӘҢиҜҒз Ғ{code}пјҢиҜҘйӘҢиҜҒз Ғ5еҲҶй’ҹеҶ…жңүж•ҲпјҢиҜ·еӢҝжі„жјҸдәҺд»–дәәпјҒ', '[\"code\"]', NULL,
        'SMS_207945135', 2, 'ALIYUN', '', '2021-03-31 11:56:30', '1', '2021-04-10 01:22:02', b'0');
INSERT INTO `system_sms_template`
VALUES (6, 3, 0, 'test-01', 'жөӢиҜ•жЁЎжқҝ', 'е“Ҳе“Ҳе“Ҳ {name}', '[\"name\"]', 'fе“Ҳе“Ҳе“Ҳ', '4383920', 4, 'DEBUG_DING_TALK', '1',
        '2021-04-10 01:07:21', '1', '2024-08-18 11:57:07', b'0');
INSERT INTO `system_sms_template`
VALUES (7, 3, 0, 'test-04', 'жөӢиҜ•дёӢ', 'иҖҒйёЎ{name}пјҢзүӣйҖј{code}', '[\"name\",\"code\"]', 'е“Ҳе“Ҳе“Ҳе“Ҳ', 'suibian', 7,
        'DEBUG_DING_TALK', '1', '2021-04-13 00:29:53', '1', '2024-09-30 00:56:24', b'0');
INSERT INTO `system_sms_template`
VALUES (8, 1, 0, 'user-sms-login', 'еүҚеҸ°з”ЁжҲ·зҹӯдҝЎзҷ»еҪ•', 'жӮЁзҡ„йӘҢиҜҒз ҒжҳҜ{code}', '[\"code\"]', NULL, '4372216', 4,
        'DEBUG_DING_TALK', '1', '2021-10-11 08:10:00', '1', '2024-08-18 11:57:06', b'0');
INSERT INTO `system_sms_template`
VALUES (9, 2, 0, 'bpm_task_assigned', 'гҖҗе·ҘдҪңжөҒгҖ‘д»»еҠЎиў«еҲҶй…Қ',
        'жӮЁж”¶еҲ°дәҶдёҖжқЎж–°зҡ„еҫ…еҠһд»»еҠЎпјҡ{processInstanceName}-{taskName}пјҢз”іиҜ·дәәпјҡ{startUserNickname}пјҢеӨ„зҗҶй“ҫжҺҘпјҡ{detailUrl}',
        '[\"processInstanceName\",\"taskName\",\"startUserNickname\",\"detailUrl\"]', NULL, 'suibian', 4,
        'DEBUG_DING_TALK', '1', '2022-01-21 22:31:19', '1', '2022-01-22 00:03:36', b'0');
INSERT INTO `system_sms_template`
VALUES (10, 2, 0, 'bpm_process_instance_reject', 'гҖҗе·ҘдҪңжөҒгҖ‘жөҒзЁӢиў«дёҚйҖҡиҝҮ',
        'жӮЁзҡ„жөҒзЁӢиў«е®Ўжү№дёҚйҖҡиҝҮпјҡ{processInstanceName}пјҢеҺҹеӣ пјҡ{reason}пјҢжҹҘзңӢй“ҫжҺҘпјҡ{detailUrl}',
        '[\"processInstanceName\",\"reason\",\"detailUrl\"]', NULL, 'suibian', 4, 'DEBUG_DING_TALK', '1',
        '2022-01-22 00:03:31', '1', '2022-05-01 12:33:14', b'0');
INSERT INTO `system_sms_template`
VALUES (11, 2, 0, 'bpm_process_instance_approve', 'гҖҗе·ҘдҪңжөҒгҖ‘жөҒзЁӢиў«йҖҡиҝҮ',
        'жӮЁзҡ„жөҒзЁӢиў«е®Ўжү№йҖҡиҝҮпјҡ{processInstanceName}пјҢжҹҘзңӢй“ҫжҺҘпјҡ{detailUrl}', '[\"processInstanceName\",\"detailUrl\"]',
        NULL, 'suibian', 4, 'DEBUG_DING_TALK', '1', '2022-01-22 00:04:31', '1', '2022-03-27 20:32:21', b'0');
INSERT INTO `system_sms_template`
VALUES (12, 2, 0, 'demo', 'жј”зӨәжЁЎжқҝ', 'жҲ‘е°ұжҳҜжөӢиҜ•дёҖдёӢдёӢ', '[]', NULL, 'biubiubiu', 4, 'DEBUG_DING_TALK', '1',
        '2022-04-10 23:22:49', '1', '2024-08-18 11:57:04', b'0');
INSERT INTO `system_sms_template`
VALUES (14, 1, 0, 'user-update-mobile', 'дјҡе‘ҳз”ЁжҲ· - дҝ®ж”№жүӢжңә', 'жӮЁзҡ„йӘҢиҜҒз Ғ{code}пјҢиҜҘйӘҢиҜҒз Ғ 5 еҲҶй’ҹеҶ…жңүж•ҲпјҢиҜ·еӢҝжі„жјҸдәҺд»–дәәпјҒ',
        '[\"code\"]', '', 'null', 4, 'DEBUG_DING_TALK', '1', '2023-08-19 18:58:01', '1', '2023-08-19 11:34:04', b'0');
INSERT INTO `system_sms_template`
VALUES (15, 1, 0, 'user-update-password', 'дјҡе‘ҳз”ЁжҲ· - дҝ®ж”№еҜҶз Ғ',
        'жӮЁзҡ„йӘҢиҜҒз Ғ{code}пјҢиҜҘйӘҢиҜҒз Ғ 5 еҲҶй’ҹеҶ…жңүж•ҲпјҢиҜ·еӢҝжі„жјҸдәҺд»–дәәпјҒ', '[\"code\"]', '', 'null', 4, 'DEBUG_DING_TALK', '1',
        '2023-08-19 18:58:01', '1', '2023-08-19 11:34:18', b'0');
INSERT INTO `system_sms_template`
VALUES (16, 1, 0, 'user-reset-password', 'дјҡе‘ҳз”ЁжҲ· - йҮҚзҪ®еҜҶз Ғ',
        'жӮЁзҡ„йӘҢиҜҒз Ғ{code}пјҢиҜҘйӘҢиҜҒз Ғ 5 еҲҶй’ҹеҶ…жңүж•ҲпјҢиҜ·еӢҝжі„жјҸдәҺд»–дәәпјҒ', '[\"code\"]', '', 'null', 4, 'DEBUG_DING_TALK', '1',
        '2023-08-19 18:58:01', '1', '2023-12-02 22:35:27', b'0');
INSERT INTO `system_sms_template`
VALUES (17, 2, 0, 'bpm_task_timeout', 'гҖҗе·ҘдҪңжөҒгҖ‘д»»еҠЎе®Ўжү№и¶…ж—¶',
        'жӮЁж”¶еҲ°дәҶдёҖжқЎи¶…ж—¶зҡ„еҫ…еҠһд»»еҠЎпјҡ{processInstanceName}-{taskName}пјҢеӨ„зҗҶй“ҫжҺҘпјҡ{detailUrl}',
        '[\"processInstanceName\",\"taskName\",\"detailUrl\"]', '', 'X', 4, 'DEBUG_DING_TALK', '1',
        '2024-08-16 21:59:15', '1', '2024-08-16 21:59:34', b'0');
INSERT INTO `system_sms_template`
VALUES (18, 1, 0, 'admin-reset-password', 'еҗҺеҸ°з”ЁжҲ· - еҝҳи®°еҜҶз Ғ',
        'жӮЁзҡ„йӘҢиҜҒз Ғ{code}пјҢиҜҘйӘҢиҜҒз Ғ 5 еҲҶй’ҹеҶ…жңүж•ҲпјҢиҜ·еӢҝжі„жјҸдәҺд»–дәәпјҒ', '[\"code\"]', '', 'null', 4, 'DEBUG_DING_TALK', '1',
        '2025-03-16 14:19:34', '1', '2025-03-16 14:19:45', b'0');
INSERT INTO `system_sms_template`
VALUES (19, 1, 0, 'admin-sms-login', 'еҗҺеҸ°з”ЁжҲ·зҹӯдҝЎзҷ»еҪ•', 'жӮЁзҡ„йӘҢиҜҒз ҒжҳҜ{code}', '[\"code\"]', '', '4372216', 4,
        'DEBUG_DING_TALK', '1', '2025-04-08 09:36:03', '1', '2025-04-08 09:36:17', b'0');

-- ----------------------------
-- Table structure for system_social_client
-- ----------------------------
DROP TABLE IF EXISTS `system_social_client`;
CREATE TABLE `system_social_client`
(
    `id`            bigint                                                         NOT NULL AUTO_INCREMENT COMMENT 'зј–еҸ·',
    `name`          varchar(255) CHARACTER SET utf8mb4 COLLATE utf8mb4_unicode_ci  NOT NULL COMMENT 'еә”з”ЁеҗҚ',
    `social_type`   tinyint                                                        NOT NULL COMMENT 'зӨҫдәӨе№іеҸ°зҡ„зұ»еһӢ',
    `user_type`     tinyint                                                        NOT NULL COMMENT 'з”ЁжҲ·зұ»еһӢ',
    `client_id`     varchar(255) CHARACTER SET utf8mb4 COLLATE utf8mb4_unicode_ci  NOT NULL COMMENT 'е®ўжҲ·з«Ҝзј–еҸ·',
    `client_secret` varchar(2048) CHARACTER SET utf8mb4 COLLATE utf8mb4_unicode_ci NOT NULL COMMENT 'е®ўжҲ·з«ҜеҜҶй’Ҙ',
    `public_key`    varchar(2048) CHARACTER SET utf8mb4 COLLATE utf8mb4_unicode_ci NULL     DEFAULT NULL COMMENT 'publicKeyе…¬й’Ҙ',
    `agent_id`      varchar(255) CHARACTER SET utf8mb4 COLLATE utf8mb4_unicode_ci  NULL     DEFAULT NULL COMMENT 'д»ЈзҗҶзј–еҸ·',
    `status`        tinyint                                                        NOT NULL COMMENT 'зҠ¶жҖҒ',
    `creator`       varchar(64) CHARACTER SET utf8mb4 COLLATE utf8mb4_unicode_ci   NULL     DEFAULT '' COMMENT 'еҲӣе»әиҖ…',
    `create_time`   datetime                                                       NOT NULL DEFAULT CURRENT_TIMESTAMP COMMENT 'еҲӣе»әж—¶й—ҙ',
    `updater`       varchar(64) CHARACTER SET utf8mb4 COLLATE utf8mb4_unicode_ci   NULL     DEFAULT '' COMMENT 'жӣҙж–°иҖ…',
    `update_time`   datetime                                                       NOT NULL DEFAULT CURRENT_TIMESTAMP ON UPDATE CURRENT_TIMESTAMP COMMENT 'жӣҙж–°ж—¶й—ҙ',
    `deleted`       bit(1)                                                         NOT NULL DEFAULT b'0' COMMENT 'жҳҜеҗҰеҲ йҷӨ',
    `tenant_id`     bigint                                                         NOT NULL DEFAULT 0 COMMENT 'з§ҹжҲ·зј–еҸ·',
    PRIMARY KEY (`id`) USING BTREE
) ENGINE = InnoDB
  AUTO_INCREMENT = 46
  CHARACTER SET = utf8mb4
  COLLATE = utf8mb4_unicode_ci COMMENT = 'зӨҫдәӨе®ўжҲ·з«ҜиЎЁ'
  ROW_FORMAT = Dynamic;

-- ----------------------------
-- Records of system_social_client
-- ----------------------------
INSERT INTO `system_social_client`
VALUES (1, 'й’үй’ү', 20, 2, 'dingvrnreaje3yqvzhxg', 'YOUR_CLIENT_SECRET', NULL, NULL, 0, '', '2023-10-18 11:21:18', '1',
        '2023-12-20 21:28:26', b'1', 1);
INSERT INTO `system_social_client`
VALUES (2, 'й’үй’үпјҲзҺӢеңҹиұҶпјү', 20, 2, 'dingtsu9hpepjkbmthhw', 'YOUR_CLIENT_SECRET', NULL, NULL, 0, '',
        '2023-10-18 11:21:18', '', '2023-12-20 21:28:26', b'1', 121);
INSERT INTO `system_social_client`
VALUES (3, 'еҫ®дҝЎе…¬дј—еҸ·', 31, 1, 'wx5b23ba7a5589ecbb', 'YOUR_CLIENT_SECRET', NULL, NULL, 0, '', '2023-10-18 16:07:46',
        '1', '2023-12-20 21:28:23', b'1', 1);
INSERT INTO `system_social_client`
VALUES (43, 'еҫ®дҝЎе°ҸзЁӢеәҸ', 34, 1, 'wx63c280fe3248a3e7', 'YOUR_CLIENT_SECRET', NULL, NULL, 0, '', '2023-10-19 13:37:41',
        '1', '2023-12-20 21:28:25', b'1', 1);
INSERT INTO `system_social_client`
VALUES (44, '1', 10, 1, '2', '3', NULL, NULL, 0, '1', '2025-04-06 20:36:28', '1', '2025-04-06 20:43:12', b'1', 1);
INSERT INTO `system_social_client`
VALUES (45, '1', 10, 1, '2', '3', NULL, NULL, 1, '1', '2025-09-06 20:26:15', '1', '2025-09-06 20:27:55', b'1', 1);

-- ----------------------------
-- Table structure for system_social_user
-- ----------------------------
DROP TABLE IF EXISTS `system_social_user`;
CREATE TABLE `system_social_user`
(
    `id`             bigint UNSIGNED                                                NOT NULL AUTO_INCREMENT COMMENT 'дё»й”®(иҮӘеўһзӯ–з•Ҙ)',
    `type`           tinyint                                                        NOT NULL COMMENT 'зӨҫдәӨе№іеҸ°зҡ„зұ»еһӢ',
    `openid`         varchar(32) CHARACTER SET utf8mb4 COLLATE utf8mb4_unicode_ci   NOT NULL COMMENT 'зӨҫдәӨ openid',
    `token`          varchar(256) CHARACTER SET utf8mb4 COLLATE utf8mb4_unicode_ci  NULL     DEFAULT NULL COMMENT 'зӨҫдәӨ token',
    `raw_token_info` varchar(1024) CHARACTER SET utf8mb4 COLLATE utf8mb4_unicode_ci NOT NULL COMMENT 'еҺҹе§Ӣ Token ж•°жҚ®пјҢдёҖиҲ¬жҳҜ JSON ж јејҸ',
    `nickname`       varchar(32) CHARACTER SET utf8mb4 COLLATE utf8mb4_unicode_ci   NOT NULL COMMENT 'з”ЁжҲ·жҳөз§°',
    `avatar`         varchar(255) CHARACTER SET utf8mb4 COLLATE utf8mb4_unicode_ci  NULL     DEFAULT NULL COMMENT 'з”ЁжҲ·еӨҙеғҸ',
    `raw_user_info`  varchar(1024) CHARACTER SET utf8mb4 COLLATE utf8mb4_unicode_ci NOT NULL COMMENT 'еҺҹе§Ӣз”ЁжҲ·ж•°жҚ®пјҢдёҖиҲ¬жҳҜ JSON ж јејҸ',
    `code`           varchar(256) CHARACTER SET utf8mb4 COLLATE utf8mb4_unicode_ci  NOT NULL COMMENT 'жңҖеҗҺдёҖж¬Ўзҡ„и®ӨиҜҒ code',
    `state`          varchar(256) CHARACTER SET utf8mb4 COLLATE utf8mb4_unicode_ci  NULL     DEFAULT NULL COMMENT 'жңҖеҗҺдёҖж¬Ўзҡ„и®ӨиҜҒ state',
    `creator`        varchar(64) CHARACTER SET utf8mb4 COLLATE utf8mb4_unicode_ci   NULL     DEFAULT '' COMMENT 'еҲӣе»әиҖ…',
    `create_time`    datetime                                                       NOT NULL DEFAULT CURRENT_TIMESTAMP COMMENT 'еҲӣе»әж—¶й—ҙ',
    `updater`        varchar(64) CHARACTER SET utf8mb4 COLLATE utf8mb4_unicode_ci   NULL     DEFAULT '' COMMENT 'жӣҙж–°иҖ…',
    `update_time`    datetime                                                       NOT NULL DEFAULT CURRENT_TIMESTAMP ON UPDATE CURRENT_TIMESTAMP COMMENT 'жӣҙж–°ж—¶й—ҙ',
    `deleted`        bit(1)                                                         NOT NULL DEFAULT b'0' COMMENT 'жҳҜеҗҰеҲ йҷӨ',
    `tenant_id`      bigint                                                         NOT NULL DEFAULT 0 COMMENT 'з§ҹжҲ·зј–еҸ·',
    PRIMARY KEY (`id`) USING BTREE
) ENGINE = InnoDB
  AUTO_INCREMENT = 40
  CHARACTER SET = utf8mb4
  COLLATE = utf8mb4_unicode_ci COMMENT = 'зӨҫдәӨз”ЁжҲ·иЎЁ'
  ROW_FORMAT = Dynamic;

-- ----------------------------
-- Records of system_social_user
-- ----------------------------

-- ----------------------------
-- Table structure for system_social_user_bind
-- ----------------------------
DROP TABLE IF EXISTS `system_social_user_bind`;
CREATE TABLE `system_social_user_bind`
(
    `id`             bigint UNSIGNED                                              NOT NULL AUTO_INCREMENT COMMENT 'дё»й”®(иҮӘеўһзӯ–з•Ҙ)',
    `user_id`        bigint                                                       NOT NULL COMMENT 'з”ЁжҲ·зј–еҸ·',
    `user_type`      tinyint                                                      NOT NULL COMMENT 'з”ЁжҲ·зұ»еһӢ',
    `social_type`    tinyint                                                      NOT NULL COMMENT 'зӨҫдәӨе№іеҸ°зҡ„зұ»еһӢ',
    `social_user_id` bigint                                                       NOT NULL COMMENT 'зӨҫдәӨз”ЁжҲ·зҡ„зј–еҸ·',
    `creator`        varchar(64) CHARACTER SET utf8mb4 COLLATE utf8mb4_unicode_ci NULL     DEFAULT '' COMMENT 'еҲӣе»әиҖ…',
    `create_time`    datetime                                                     NOT NULL DEFAULT CURRENT_TIMESTAMP COMMENT 'еҲӣе»әж—¶й—ҙ',
    `updater`        varchar(64) CHARACTER SET utf8mb4 COLLATE utf8mb4_unicode_ci NULL     DEFAULT '' COMMENT 'жӣҙж–°иҖ…',
    `update_time`    datetime                                                     NOT NULL DEFAULT CURRENT_TIMESTAMP ON UPDATE CURRENT_TIMESTAMP COMMENT 'жӣҙж–°ж—¶й—ҙ',
    `deleted`        bit(1)                                                       NOT NULL DEFAULT b'0' COMMENT 'жҳҜеҗҰеҲ йҷӨ',
    `tenant_id`      bigint                                                       NOT NULL DEFAULT 0 COMMENT 'з§ҹжҲ·зј–еҸ·',
    PRIMARY KEY (`id`) USING BTREE
) ENGINE = InnoDB
  AUTO_INCREMENT = 165
  CHARACTER SET = utf8mb4
  COLLATE = utf8mb4_unicode_ci COMMENT = 'зӨҫдәӨз»‘е®ҡиЎЁ'
  ROW_FORMAT = Dynamic;

-- ----------------------------
-- Records of system_social_user_bind
-- ----------------------------

-- ----------------------------
-- Table structure for system_tenant
-- ----------------------------
DROP TABLE IF EXISTS `system_tenant`;
CREATE TABLE `system_tenant`
(
    `id`              bigint                                                         NOT NULL AUTO_INCREMENT COMMENT 'з§ҹжҲ·зј–еҸ·',
    `name`            varchar(30) CHARACTER SET utf8mb4 COLLATE utf8mb4_unicode_ci   NOT NULL COMMENT 'з§ҹжҲ·еҗҚ',
    `contact_user_id` bigint                                                         NULL     DEFAULT NULL COMMENT 'иҒ”зі»дәәзҡ„з”ЁжҲ·зј–еҸ·',
    `contact_name`    varchar(30) CHARACTER SET utf8mb4 COLLATE utf8mb4_unicode_ci   NOT NULL COMMENT 'иҒ”зі»дәә',
    `contact_mobile`  varchar(500) CHARACTER SET utf8mb4 COLLATE utf8mb4_unicode_ci  NULL     DEFAULT NULL COMMENT 'иҒ”зі»жүӢжңә',
    `status`          tinyint                                                        NOT NULL DEFAULT 0 COMMENT 'з§ҹжҲ·зҠ¶жҖҒ',
    `websites`        varchar(1024) CHARACTER SET utf8mb4 COLLATE utf8mb4_unicode_ci NULL     DEFAULT '' COMMENT 'з»‘е®ҡеҹҹеҗҚж•°з»„',
    `package_id`      bigint                                                         NOT NULL COMMENT 'з§ҹжҲ·еҘ—йӨҗзј–еҸ·',
    `expire_time`     datetime                                                       NOT NULL COMMENT 'иҝҮжңҹж—¶й—ҙ',
    `account_count`   int                                                            NOT NULL COMMENT 'иҙҰеҸ·ж•°йҮҸ',
    `creator`         varchar(64) CHARACTER SET utf8mb4 COLLATE utf8mb4_unicode_ci   NOT NULL DEFAULT '' COMMENT 'еҲӣе»әиҖ…',
    `create_time`     datetime                                                       NOT NULL DEFAULT CURRENT_TIMESTAMP COMMENT 'еҲӣе»әж—¶й—ҙ',
    `updater`         varchar(64) CHARACTER SET utf8mb4 COLLATE utf8mb4_unicode_ci   NULL     DEFAULT '' COMMENT 'жӣҙж–°иҖ…',
    `update_time`     datetime                                                       NOT NULL DEFAULT CURRENT_TIMESTAMP ON UPDATE CURRENT_TIMESTAMP COMMENT 'жӣҙж–°ж—¶й—ҙ',
    `deleted`         bit(1)                                                         NOT NULL DEFAULT b'0' COMMENT 'жҳҜеҗҰеҲ йҷӨ',
    PRIMARY KEY (`id`) USING BTREE
) ENGINE = InnoDB
  AUTO_INCREMENT = 162
  CHARACTER SET = utf8mb4
  COLLATE = utf8mb4_unicode_ci COMMENT = 'з§ҹжҲ·иЎЁ'
  ROW_FORMAT = Dynamic;

-- ----------------------------
-- Records of system_tenant
-- ----------------------------
INSERT INTO `system_tenant`
VALUES (1, 'иҠӢйҒ“жәҗз Ғ', NULL, 'иҠӢиүҝ', '17321315478', 0, 'www.iocoder.cn,127.0.0.1:3000,wxc4598c446f8a9cb3', 0,
        '2099-02-19 17:14:16', 9999, '1', '2021-01-05 17:03:47', '1', '2025-08-19 05:18:41', b'0');
INSERT INTO `system_tenant`
VALUES (121, 'е°Ҹз§ҹжҲ·', 110, 'е°ҸзҺӢ2', '15601691300', 0, 'zsxq.iocoder.cn,123321', 111, '2026-07-10 00:00:00', 30, '1',
        '2022-02-22 00:56:14', '1', '2025-08-19 21:19:29', b'0');
INSERT INTO `system_tenant`
VALUES (122, 'жөӢиҜ•з§ҹжҲ·', 113, 'иҠӢйҒ“', '15601691300', 0, 'test.iocoder.cn,222,333', 111, '2022-04-29 00:00:00', 50, '1',
        '2022-03-07 21:37:58', '1', '2025-09-06 20:44:42', b'0');

-- ----------------------------
-- Table structure for system_tenant_package
-- ----------------------------
DROP TABLE IF EXISTS `system_tenant_package`;
CREATE TABLE `system_tenant_package`
(
    `id`          bigint                                                         NOT NULL AUTO_INCREMENT COMMENT 'еҘ—йӨҗзј–еҸ·',
    `name`        varchar(30) CHARACTER SET utf8mb4 COLLATE utf8mb4_unicode_ci   NOT NULL COMMENT 'еҘ—йӨҗеҗҚ',
    `status`      tinyint                                                        NOT NULL DEFAULT 0 COMMENT 'з§ҹжҲ·зҠ¶жҖҒпјҲ0жӯЈеёё 1еҒңз”Ёпјү',
    `remark`      varchar(256) CHARACTER SET utf8mb4 COLLATE utf8mb4_unicode_ci  NULL     DEFAULT '' COMMENT 'еӨҮжіЁ',
    `menu_ids`    varchar(4096) CHARACTER SET utf8mb4 COLLATE utf8mb4_unicode_ci NOT NULL COMMENT 'е…іиҒ”зҡ„иҸңеҚ•зј–еҸ·',
    `creator`     varchar(64) CHARACTER SET utf8mb4 COLLATE utf8mb4_unicode_ci   NOT NULL DEFAULT '' COMMENT 'еҲӣе»әиҖ…',
    `create_time` datetime                                                       NOT NULL DEFAULT CURRENT_TIMESTAMP COMMENT 'еҲӣе»әж—¶й—ҙ',
    `updater`     varchar(64) CHARACTER SET utf8mb4 COLLATE utf8mb4_unicode_ci   NULL     DEFAULT '' COMMENT 'жӣҙж–°иҖ…',
    `update_time` datetime                                                       NOT NULL DEFAULT CURRENT_TIMESTAMP ON UPDATE CURRENT_TIMESTAMP COMMENT 'жӣҙж–°ж—¶й—ҙ',
    `deleted`     bit(1)                                                         NOT NULL DEFAULT b'0' COMMENT 'жҳҜеҗҰеҲ йҷӨ',
    PRIMARY KEY (`id`) USING BTREE
) ENGINE = InnoDB
  AUTO_INCREMENT = 113
  CHARACTER SET = utf8mb4
  COLLATE = utf8mb4_unicode_ci COMMENT = 'з§ҹжҲ·еҘ—йӨҗиЎЁ'
  ROW_FORMAT = Dynamic;

-- ----------------------------
-- Records of system_tenant_package
-- ----------------------------
INSERT INTO `system_tenant_package`
VALUES (111, 'жҷ®йҖҡеҘ—йӨҗ', 0, 'е°ҸеҠҹиғҪ',
        '[1,2,5,1031,1032,1033,1034,1035,1036,1037,1038,1039,1050,1051,1052,1053,1054,1056,1057,1058,1059,1060,1063,1064,1065,1066,1067,1070,1075,1077,1078,1082,1083,1084,1085,1086,1087,1088,1089,1090,1091,1092,1117,1118,1119,1120,100,101,102,1126,103,1127,1128,1129,106,1130,107,1132,1133,110,1134,111,1135,112,1136,113,1137,2161,114,1138,1139,115,1140,116,1141,1142,1143,1150,1161,1162,1166,1173,1174,2713,2714,1178,2715,2716,2717,2718,2720,2721,1185,2722,1186,1187,2723,1188,2724,1189,2725,1190,2726,1191,2727,1192,2728,2729,1193,1194,2730,1195,2731,2732,1197,2733,1198,2734,1199,2735,1200,1201,1202,2739,2740,1207,1208,1209,2745,1210,2746,1211,2747,1212,2748,1213,1215,1216,1217,1218,1219,1220,2756,1221,2757,1222,1224,1225,1226,1227,1228,1229,1237,1238,2262,1239,1240,1241,1242,1243,2275,2276,2277,1255,1256,1257,2281,1258,2282,1259,2283,1260,2284,2285,2287,2288,2293,2294,2297,2300,2301,2302,2317,2318,2319,2320,2321,2322,2323,2324,2325,2326,2327,2328,2329,2330,2331,2332,2333,2334,2335,2363,2364,5011,5012,2472,2478,2479,2480,2481,2482,2483,2484,2485,2486,2487,2488,2489,2490,2491,2492,2493,2494,2495,2497,2525,1001,1002,1003,1004,1005,1006,1007,1008,1009,1010,1011,1012,1013,2549,1014,2550,1015,2551,1016,2552,1017,2553,1018,2554,1019,2555,1020,2556,2557,2558,2559]',
        '1', '2022-02-22 00:54:00', '1', '2025-09-06 20:52:25', b'0');

-- ----------------------------
-- Table structure for system_user_post
-- ----------------------------
DROP TABLE IF EXISTS `system_user_post`;
CREATE TABLE `system_user_post`
(
    `id`          bigint                                                       NOT NULL AUTO_INCREMENT COMMENT 'id',
    `user_id`     bigint                                                       NOT NULL DEFAULT 0 COMMENT 'з”ЁжҲ·ID',
    `post_id`     bigint                                                       NOT NULL DEFAULT 0 COMMENT 'еІ—дҪҚID',
    `creator`     varchar(64) CHARACTER SET utf8mb4 COLLATE utf8mb4_unicode_ci NULL     DEFAULT '' COMMENT 'еҲӣе»әиҖ…',
    `create_time` datetime                                                     NOT NULL DEFAULT CURRENT_TIMESTAMP COMMENT 'еҲӣе»әж—¶й—ҙ',
    `updater`     varchar(64) CHARACTER SET utf8mb4 COLLATE utf8mb4_unicode_ci NULL     DEFAULT '' COMMENT 'жӣҙж–°иҖ…',
    `update_time` datetime                                                     NOT NULL DEFAULT CURRENT_TIMESTAMP ON UPDATE CURRENT_TIMESTAMP COMMENT 'жӣҙж–°ж—¶й—ҙ',
    `deleted`     bit(1)                                                       NOT NULL DEFAULT b'0' COMMENT 'жҳҜеҗҰеҲ йҷӨ',
    `tenant_id`   bigint                                                       NOT NULL DEFAULT 0 COMMENT 'з§ҹжҲ·зј–еҸ·',
    PRIMARY KEY (`id`) USING BTREE
) ENGINE = InnoDB
  AUTO_INCREMENT = 128
  CHARACTER SET = utf8mb4
  COLLATE = utf8mb4_unicode_ci COMMENT = 'з”ЁжҲ·еІ—дҪҚиЎЁ'
  ROW_FORMAT = Dynamic;

-- ----------------------------
-- Records of system_user_post
-- ----------------------------
INSERT INTO `system_user_post`
VALUES (112, 1, 1, 'admin', '2022-05-02 07:25:24', 'admin', '2022-05-02 07:25:24', b'0', 1);
INSERT INTO `system_user_post`
VALUES (113, 100, 1, 'admin', '2022-05-02 07:25:24', 'admin', '2022-05-02 07:25:24', b'0', 1);
INSERT INTO `system_user_post`
VALUES (115, 104, 1, '1', '2022-05-16 19:36:28', '1', '2022-05-16 19:36:28', b'0', 1);
INSERT INTO `system_user_post`
VALUES (116, 117, 2, '1', '2022-07-09 17:40:26', '1', '2022-07-09 17:40:26', b'0', 1);
INSERT INTO `system_user_post`
VALUES (117, 118, 1, '1', '2022-07-09 17:44:44', '1', '2022-07-09 17:44:44', b'0', 1);
INSERT INTO `system_user_post`
VALUES (119, 114, 5, '1', '2024-03-24 20:45:51', '1', '2024-03-24 20:45:51', b'0', 1);
INSERT INTO `system_user_post`
VALUES (123, 115, 1, '1', '2024-04-04 09:37:14', '1', '2024-04-04 09:37:14', b'0', 1);
INSERT INTO `system_user_post`
VALUES (124, 115, 2, '1', '2024-04-04 09:37:14', '1', '2024-04-04 09:37:14', b'0', 1);
INSERT INTO `system_user_post`
VALUES (125, 1, 2, '1', '2024-07-13 22:31:39', '1', '2024-07-13 22:31:39', b'0', 1);

-- ----------------------------
-- Table structure for system_user_role
-- ----------------------------
DROP TABLE IF EXISTS `system_user_role`;
CREATE TABLE `system_user_role`
(
    `id`          bigint                                                       NOT NULL AUTO_INCREMENT COMMENT 'иҮӘеўһзј–еҸ·',
    `user_id`     bigint                                                       NOT NULL COMMENT 'з”ЁжҲ·ID',
    `role_id`     bigint                                                       NOT NULL COMMENT 'и§’иүІID',
    `creator`     varchar(64) CHARACTER SET utf8mb4 COLLATE utf8mb4_unicode_ci NULL     DEFAULT '' COMMENT 'еҲӣе»әиҖ…',
    `create_time` datetime                                                     NULL     DEFAULT CURRENT_TIMESTAMP COMMENT 'еҲӣе»әж—¶й—ҙ',
    `updater`     varchar(64) CHARACTER SET utf8mb4 COLLATE utf8mb4_unicode_ci NULL     DEFAULT '' COMMENT 'жӣҙж–°иҖ…',
    `update_time` datetime                                                     NULL     DEFAULT CURRENT_TIMESTAMP ON UPDATE CURRENT_TIMESTAMP COMMENT 'жӣҙж–°ж—¶й—ҙ',
    `deleted`     bit(1)                                                       NULL     DEFAULT b'0' COMMENT 'жҳҜеҗҰеҲ йҷӨ',
    `tenant_id`   bigint                                                       NOT NULL DEFAULT 0 COMMENT 'з§ҹжҲ·зј–еҸ·',
    PRIMARY KEY (`id`) USING BTREE
) ENGINE = InnoDB
  AUTO_INCREMENT = 51
  CHARACTER SET = utf8mb4
  COLLATE = utf8mb4_unicode_ci COMMENT = 'з”ЁжҲ·е’Ңи§’иүІе…іиҒ”иЎЁ'
  ROW_FORMAT = Dynamic;

-- ----------------------------
-- Records of system_user_role
-- ----------------------------
INSERT INTO `system_user_role`
VALUES (1, 1, 1, '', '2022-01-11 13:19:45', '', '2022-05-12 12:35:17', b'0', 1);
INSERT INTO `system_user_role`
VALUES (2, 2, 2, '', '2022-01-11 13:19:45', '', '2022-05-12 12:35:13', b'0', 1);
INSERT INTO `system_user_role`
VALUES (5, 100, 1, '', '2022-01-11 13:19:45', '', '2022-05-12 12:35:12', b'0', 1);
INSERT INTO `system_user_role`
VALUES (6, 100, 2, '', '2022-01-11 13:19:45', '', '2022-05-12 12:35:11', b'0', 1);
INSERT INTO `system_user_role`
VALUES (10, 103, 1, '1', '2022-01-11 13:19:45', '1', '2022-01-11 13:19:45', b'0', 1);
INSERT INTO `system_user_role`
VALUES (14, 110, 109, '1', '2022-02-22 00:56:14', '1', '2022-02-22 00:56:14', b'0', 121);
INSERT INTO `system_user_role`
VALUES (15, 111, 110, '110', '2022-02-23 13:14:38', '110', '2022-02-23 13:14:38', b'0', 121);
INSERT INTO `system_user_role`
VALUES (16, 113, 111, '1', '2022-03-07 21:37:58', '1', '2022-03-07 21:37:58', b'0', 122);
INSERT INTO `system_user_role`
VALUES (18, 1, 2, '1', '2022-05-12 20:39:29', '1', '2022-05-12 20:39:29', b'0', 1);
INSERT INTO `system_user_role`
VALUES (22, 115, 2, '1', '2022-07-21 22:08:30', '1', '2022-07-21 22:08:30', b'0', 1);
INSERT INTO `system_user_role`
VALUES (35, 112, 1, '1', '2024-03-15 20:00:24', '1', '2024-03-15 20:00:24', b'0', 1);
INSERT INTO `system_user_role`
VALUES (36, 118, 1, '1', '2024-03-17 09:12:08', '1', '2024-03-17 09:12:08', b'0', 1);
INSERT INTO `system_user_role`
VALUES (46, 117, 1, '1', '2024-10-02 10:16:11', '1', '2024-10-02 10:16:11', b'0', 1);
INSERT INTO `system_user_role`
VALUES (47, 104, 2, '1', '2025-01-04 10:40:33', '1', '2025-01-04 10:40:33', b'0', 1);
INSERT INTO `system_user_role`
VALUES (48, 100, 155, '1', '2025-04-04 10:41:14', '1', '2025-04-04 10:41:14', b'0', 1);
INSERT INTO `system_user_role`
VALUES (49, 142, 1, '1', '2025-07-23 09:11:42', '1', '2025-07-23 09:11:42', b'0', 1);
INSERT INTO `system_user_role`
VALUES (50, 142, 2, '1', '2025-10-07 20:50:37', '1', '2025-10-07 20:50:37', b'0', 1);

-- ----------------------------
-- Table structure for system_users
-- ----------------------------
DROP TABLE IF EXISTS `system_users`;
CREATE TABLE `system_users`
(
    `id`          bigint                                                        NOT NULL AUTO_INCREMENT COMMENT 'з”ЁжҲ·ID',
    `username`    varchar(30) CHARACTER SET utf8mb4 COLLATE utf8mb4_unicode_ci  NOT NULL COMMENT 'з”ЁжҲ·иҙҰеҸ·',
    `password`    varchar(100) CHARACTER SET utf8mb4 COLLATE utf8mb4_unicode_ci NOT NULL DEFAULT '' COMMENT 'еҜҶз Ғ',
    `nickname`    varchar(30) CHARACTER SET utf8mb4 COLLATE utf8mb4_unicode_ci  NOT NULL COMMENT 'з”ЁжҲ·жҳөз§°',
    `remark`      varchar(500) CHARACTER SET utf8mb4 COLLATE utf8mb4_unicode_ci NULL     DEFAULT NULL COMMENT 'еӨҮжіЁ',
    `dept_id`     bigint                                                        NULL     DEFAULT NULL COMMENT 'йғЁй—ЁID',
    `post_ids`    varchar(255) CHARACTER SET utf8mb4 COLLATE utf8mb4_unicode_ci NULL     DEFAULT NULL COMMENT 'еІ—дҪҚзј–еҸ·ж•°з»„',
    `email`       varchar(50) CHARACTER SET utf8mb4 COLLATE utf8mb4_unicode_ci  NULL     DEFAULT '' COMMENT 'з”ЁжҲ·йӮ®з®ұ',
    `mobile`      varchar(11) CHARACTER SET utf8mb4 COLLATE utf8mb4_unicode_ci  NULL     DEFAULT '' COMMENT 'жүӢжңәеҸ·з Ғ',
    `sex`         tinyint                                                       NULL     DEFAULT 0 COMMENT 'з”ЁжҲ·жҖ§еҲ«',
    `avatar`      varchar(512) CHARACTER SET utf8mb4 COLLATE utf8mb4_unicode_ci NULL     DEFAULT '' COMMENT 'еӨҙеғҸең°еқҖ',
    `status`      tinyint                                                       NOT NULL DEFAULT 0 COMMENT 'еёҗеҸ·зҠ¶жҖҒпјҲ0жӯЈеёё 1еҒңз”Ёпјү',
    `login_ip`    varchar(50) CHARACTER SET utf8mb4 COLLATE utf8mb4_unicode_ci  NULL     DEFAULT '' COMMENT 'жңҖеҗҺзҷ»еҪ•IP',
    `login_date`  datetime                                                      NULL     DEFAULT NULL COMMENT 'жңҖеҗҺзҷ»еҪ•ж—¶й—ҙ',
    `creator`     varchar(64) CHARACTER SET utf8mb4 COLLATE utf8mb4_unicode_ci  NULL     DEFAULT '' COMMENT 'еҲӣе»әиҖ…',
    `create_time` datetime                                                      NOT NULL DEFAULT CURRENT_TIMESTAMP COMMENT 'еҲӣе»әж—¶й—ҙ',
    `updater`     varchar(64) CHARACTER SET utf8mb4 COLLATE utf8mb4_unicode_ci  NULL     DEFAULT '' COMMENT 'жӣҙж–°иҖ…',
    `update_time` datetime                                                      NOT NULL DEFAULT CURRENT_TIMESTAMP ON UPDATE CURRENT_TIMESTAMP COMMENT 'жӣҙж–°ж—¶й—ҙ',
    `deleted`     bit(1)                                                        NOT NULL DEFAULT b'0' COMMENT 'жҳҜеҗҰеҲ йҷӨ',
    `tenant_id`   bigint                                                        NOT NULL DEFAULT 0 COMMENT 'з§ҹжҲ·зј–еҸ·',
    PRIMARY KEY (`id`) USING BTREE
) ENGINE = InnoDB
  AUTO_INCREMENT = 143
  CHARACTER SET = utf8mb4
  COLLATE = utf8mb4_unicode_ci COMMENT = 'з”ЁжҲ·дҝЎжҒҜиЎЁ'
  ROW_FORMAT = Dynamic;

-- ----------------------------
-- Records of system_users
-- ----------------------------
INSERT INTO `system_users`
VALUES (1, 'admin', '$2a$04$KljJDa/LK7QfDm0lF5OhuePhlPfjRH3tB2Wu351Uidz.oQGJXevPi', 'иҠӢйҒ“жәҗз Ғ', 'з®ЎзҗҶе‘ҳ', 103, '[1,2]',
        '11aoteman@126.com', '18818260272', 2, 'http://test.pulsix.iocoder.cn/20250921/avatar_1758423875594.png', 0,
        '0:0:0:0:0:0:0:1', '2026-03-16 15:22:03', 'admin', '2021-01-05 17:03:47', NULL, '2026-03-16 15:22:03', b'0', 1);
INSERT INTO `system_users`
VALUES (100, 'pulsix', '$2a$04$h.aaPKgO.odHepnk5PCsWeEwKdojFWdTItxGKfx1r0e1CSeBzsTJ6', 'иҠӢйҒ“', 'дёҚиҰҒеҗ“жҲ‘', 104, '[1]',
        'pulsix@iocoder.cn', '15601691300', 1, NULL, 0, '0:0:0:0:0:0:0:1', '2025-04-08 09:36:40', '',
        '2021-01-07 09:07:17', NULL, '2025-04-21 14:23:08', b'0', 1);
INSERT INTO `system_users`
VALUES (103, 'yuanma', '$2a$04$fUBSmjKCPYAUmnMzOb6qE.eZCGPhHi1JmAKclODbfS/O7fHOl2bH6', 'жәҗз Ғ', NULL, 106, NULL,
        'yuanma@iocoder.cn', '15601701300', 0, NULL, 0, '0:0:0:0:0:0:0:1', '2024-08-11 17:48:12', '',
        '2021-01-13 23:50:35', '1', '2025-07-09 23:41:58', b'0', 1);
INSERT INTO `system_users`
VALUES (104, 'test', '$2a$04$BrwaYn303hjA/6TnXqdGoOLhyHOAA0bVrAFu6.1dJKycqKUnIoRz2', 'жөӢиҜ•еҸ·', NULL, 107, '[1,2]',
        '111@qq.com', '15601691200', 1, NULL, 0, '0:0:0:0:0:0:0:1', '2025-03-28 20:01:16', '', '2021-01-21 02:13:53',
        NULL, '2025-04-21 14:23:08', b'0', 1);
INSERT INTO `system_users`
VALUES (107, 'admin107', '$2a$10$dYOOBKMO93v/.ReCqzyFg.o67Tqk.bbc2bhrpyBGkIw9aypCtr2pm', 'иҠӢиүҝ', NULL, NULL, NULL, '',
        '15601691300', 0, NULL, 0, '', NULL, '1', '2022-02-20 22:59:33', '1', '2025-04-21 14:23:08', b'0', 118);
INSERT INTO `system_users`
VALUES (108, 'admin108', '$2a$10$y6mfvKoNYL1GXWak8nYwVOH.kCWqjactkzdoIDgiKl93WN3Ejg.Lu', 'иҠӢиүҝ', NULL, NULL, NULL, '',
        '15601691300', 0, NULL, 0, '', NULL, '1', '2022-02-20 23:00:50', '1', '2025-04-21 14:23:08', b'0', 119);
INSERT INTO `system_users`
VALUES (109, 'admin109', '$2a$10$JAqvH0tEc0I7dfDVBI7zyuB4E3j.uH6daIjV53.vUS6PknFkDJkuK', 'иҠӢиүҝ', NULL, NULL, NULL, '',
        '15601691300', 0, NULL, 0, '', NULL, '1', '2022-02-20 23:11:50', '1', '2025-04-21 14:23:08', b'0', 120);
INSERT INTO `system_users`
VALUES (110, 'admin110', '$2a$10$mRMIYLDtRHlf6.9ipiqH1.Z.bh/R9dO9d5iHiGYPigi6r5KOoR2Wm', 'е°ҸзҺӢ', NULL, NULL, NULL, '',
        '15601691300', 0, NULL, 0, '0:0:0:0:0:0:0:1', '2024-07-20 22:23:17', '1', '2022-02-22 00:56:14', NULL,
        '2025-04-21 14:23:08', b'0', 121);
INSERT INTO `system_users`
VALUES (111, 'test', '$2a$10$mRMIYLDtRHlf6.9ipiqH1.Z.bh/R9dO9d5iHiGYPigi6r5KOoR2Wm', 'жөӢиҜ•з”ЁжҲ·', NULL, NULL, '[]', '',
        '', 0, NULL, 0, '0:0:0:0:0:0:0:1', '2023-12-30 11:42:17', '110', '2022-02-23 13:14:33', NULL,
        '2025-04-21 14:23:08', b'0', 121);
INSERT INTO `system_users`
VALUES (112, 'newobject', '$2a$04$dB0z8Q819fJWz0hbaLe6B.VfHCjYgWx6LFfET5lyz3JwcqlyCkQ4C', 'ж–°еҜ№иұЎ', NULL, 100, '[]', '',
        '15601691235', 1, NULL, 0, '0:0:0:0:0:0:0:1', '2024-03-16 23:11:38', '1', '2022-02-23 19:08:03', NULL,
        '2025-04-21 14:23:08', b'0', 1);
INSERT INTO `system_users`
VALUES (113, 'aoteman', '$2a$10$0acJOIk2D25/oC87nyclE..0lzeu9DtQ/n3geP4fkun/zIVRhHJIO', 'иҠӢйҒ“1', NULL, NULL, NULL, '',
        '15601691300', 0, NULL, 0, '127.0.0.1', '2022-03-19 18:38:51', '1', '2022-03-07 21:37:58', '1',
        '2025-05-05 15:30:53', b'0', 122);
INSERT INTO `system_users`
VALUES (114, 'hrmgr', '$2a$10$TR4eybBioGRhBmDBWkqWLO6NIh3mzYa8KBKDDB5woiGYFVlRAi.fu', 'hr е°Ҹе§җе§җ', NULL, NULL, '[5]',
        '', '15601691236', 1, NULL, 0, '0:0:0:0:0:0:0:1', '2024-03-24 22:21:05', '1', '2022-03-19 21:50:58', NULL,
        '2025-04-21 14:23:08', b'0', 1);
INSERT INTO `system_users`
VALUES (115, 'aotemane', '$2a$04$GcyP0Vyzb2F2Yni5PuIK9ueGxM0tkZGMtDwVRwrNbtMvorzbpNsV2', 'йҳҝе‘Ҷ', '11222', 102, '[1,2]',
        '7648@qq.com', '15601691229', 2, NULL, 0, '', NULL, '1', '2022-04-30 02:55:43', '1', '2025-04-21 14:23:08',
        b'0', 1);
INSERT INTO `system_users`
VALUES (117, 'admin123', '$2a$04$sEtimsHu9YCkYY4/oqElHem2Ijc9ld20eYO6lN.g/21NfLUTDLB9W', 'жөӢиҜ•еҸ·02', '1111', 100, '[2]',
        '', '15601691234', 1, NULL, 0, '0:0:0:0:0:0:0:1', '2024-10-02 10:16:20', '1', '2022-07-09 17:40:26', '1',
        '2025-05-14 09:56:04', b'0', 1);
INSERT INTO `system_users`
VALUES (118, 'goudan', '$2a$04$3suGZjnA6rM5bErf38u1felbgqbsPHGdRG3l9NkxPCEt2ah9Y6aJi', 'зӢ—иӣӢ', NULL, 103, '[1]', '',
        '15601691239', 1, NULL, 0, '0:0:0:0:0:0:0:1', '2025-11-23 15:28:25', '1', '2022-07-09 17:44:43', NULL,
        '2025-11-23 15:28:25', b'0', 1);
INSERT INTO `system_users`
VALUES (139, 'wwbwwb', '$2a$04$aOHoFbQU6zfBk/1Z9raF/ugTdhjNdx7culC1HhO0zvoczAnahCiMq', 'е°Ҹз§ғеӨҙ', NULL, NULL, NULL, '',
        '', 0, NULL, 0, '0:0:0:0:0:0:0:1', '2024-09-10 21:03:58', NULL, '2024-09-10 21:03:58', NULL,
        '2025-04-21 14:23:08', b'0', 1);
INSERT INTO `system_users`
VALUES (141, 'admin1', '$2a$04$oj6F6d7HrZ70kYVD3TNzEu.m3TPUzajOVuC66zdKna8KRerK1FmVa', 'ж–°з”ЁжҲ·', NULL, NULL, NULL, '',
        '', 0, '', 0, '0:0:0:0:0:0:0:1', '2025-04-08 13:09:07', '1', '2025-04-08 13:09:07', '1', '2025-05-14 19:11:48',
        b'0', 1);
INSERT INTO `system_users`
VALUES (142, 'test01', '$2a$04$IaR0fGYtalIDURMMdcaD2.4JDWZ15ueQZwap9oPUuxkwSbL66vIRG', 'test01', '', NULL, '[]', '',
        '19021719925', 1, '', 0, '0:0:0:0:0:0:0:1', '2025-07-29 19:47:17', '1', '2025-07-09 21:07:10', '1',
        '2025-11-25 19:49:08', b'0', 1);

SET
    FOREIGN_KEY_CHECKS = 1;
